product_id,date,category,competitor_price,our_price,demand_index,stock_level,margin,optimal_price
0,2024-01-01,электроника,2244.85,2204.5,87,224,0.117,2182.68
0,2024-01-02,электроника,2464.89,2483.19,96,673,0.295,2241.22
0,2024-01-03,электроника,2283.04,2272.58,96,520,0.142,2207.69
0,2024-01-04,электроника,2267.14,2207.61,84,199,0.127,2178.26
0,2024-01-05,электроника,2186.52,2284.01,95,494,0.282,2236.19
0,2024-01-06,электроника,2413.55,2374.19,100,574,0.169,2222.42
0,2024-01-07,электроника,2478.42,2406.23,101,44,0.373,2269.09
0,2024-01-08,электроника,2443.55,2497.48,73,11,0.228,2176.15
0,2024-01-09,электроника,2438.07,2346.71,70,279,0.318,2189.4
0,2024-01-10,электроника,2279.21,2328.11,75,261,0.114,2155.61
0,2024-01-11,электроника,2264.43,2160.62,108,931,0.39,2288.05
0,2024-01-12,электроника,2289.04,2190.04,107,166,0.341,2275.18
0,2024-01-13,электроника,2239.92,2280.02,105,298,0.282,2257.94
0,2024-01-14,электроника,2376.08,2389.95,96,37,0.359,2255.13
0,2024-01-15,электроника,2066.07,2138.17,100,737,0.3,2250.94
0,2024-01-16,электроника,2140.59,2037.38,113,556,0.242,2266.66
0,2024-01-17,электроника,2179.51,2137.21,105,776,0.177,2235.0
0,2024-01-18,электроника,2264.6,2254.74,87,700,0.109,2180.93
0,2024-01-19,электроника,1901.95,1970.29,118,416,0.281,2286.25
0,2024-01-20,электроника,2025.1,1932.09,113,534,0.123,2240.74
0,2024-01-21,электроника,1907.82,1874.92,123,37,0.166,2271.87
0,2024-01-22,электроника,2013.51,2076.62,102,649,0.342,2264.59
0,2024-01-23,электроника,1934.29,1978.42,106,967,0.1,2220.43
0,2024-01-24,электроника,1927.89,1839.42,105,719,0.253,2251.7
0,2024-01-25,электроника,1822.92,1795.35,114,984,0.15,2248.91
0,2024-01-26,электроника,1908.5,1928.26,97,701,0.209,2224.57
0,2024-01-27,электроника,2020.99,1911.27,101,90,0.18,2226.96
0,2024-01-28,электроника,1948.51,1944.29,114,864,0.184,2256.15
0,2024-01-29,электроника,2075.52,2095.29,103,681,0.266,2250.09
0,2024-01-30,электроника,2012.29,1962.29,111,193,0.171,2246.9
0,2024-01-31,электроника,2097.81,2188.55,113,916,0.345,2289.22
0,2024-02-01,электроника,2383.01,2353.98,96,196,0.156,2210.77
0,2024-02-02,электроника,2285.21,2252.2,81,873,0.129,2172.07
0,2024-02-03,электроника,2321.38,2311.97,100,560,0.381,2268.7
0,2024-02-04,электроника,2305.41,2247.36,93,773,0.152,2203.46
0,2024-02-05,электроника,2435.46,2436.32,92,890,0.173,2205.66
0,2024-02-06,электроника,2421.68,2472.93,74,825,0.354,2205.97
0,2024-02-07,электроника,2258.49,2239.77,108,682,0.293,2266.86
0,2024-02-08,электроника,2427.5,2483.06,88,831,0.235,2210.46
0,2024-02-09,электроника,2260.31,2259.99,92,825,0.324,2238.74
0,2024-02-10,электроника,2479.96,2507.03,93,469,0.253,2225.35
0,2024-02-11,электроника,2555.11,2468.66,94,679,0.392,2257.97
0,2024-02-12,электроника,2409.9,2394.19,102,807,0.294,2253.95
0,2024-02-13,электроника,2333.1,2388.84,94,838,0.25,2226.9
0,2024-02-14,электроника,2392.57,2418.59,71,527,0.211,2168.18
0,2024-02-15,электроника,2158.86,2189.89,99,108,0.394,2269.37
0,2024-02-16,электроника,2116.23,2085.07,98,332,0.151,2214.03
0,2024-02-17,электроника,2007.65,2054.2,106,579,0.379,2281.37
0,2024-02-18,электроника,1931.56,2022.67,98,995,0.322,2251.48
0,2024-02-19,электроника,1910.79,1981.8,119,185,0.266,2285.05
0,2024-02-20,электроника,1923.29,1812.37,123,837,0.253,2291.07
0,2024-02-21,электроника,1820.68,1914.92,112,330,0.121,2238.16
0,2024-02-22,электроника,1907.34,1898.96,97,968,0.111,2203.09
0,2024-02-23,электроника,2186.67,2338.42,74,134,0.352,2205.47
0,2024-02-24,электроника,1932.48,1971.53,89,273,0.331,2233.73
0,2024-02-25,электроника,2042.72,2078.75,92,205,0.353,2245.01
0,2024-02-26,электроника,1982.1,1897.44,105,665,0.393,2282.19
0,2024-02-27,электроника,2103.12,1970.35,111,666,0.22,2257.47
0,2024-02-28,электроника,2270.61,2242.16,90,839,0.351,2240.24
0,2024-02-29,электроника,2076.8,2026.2,123,67,0.375,2317.55
0,2024-03-01,электроника,2016.19,1993.69,110,198,0.321,2277.52
0,2024-03-02,электроника,2294.02,2433.15,98,256,0.114,2206.04
0,2024-03-03,электроника,2144.99,2160.0,97,229,0.114,2203.74
0,2024-03-04,электроника,2224.8,2209.24,117,227,0.329,2294.49
0,2024-03-05,электроника,2287.82,2359.73,113,771,0.285,2276.07
0,2024-03-06,электроника,2320.23,2291.38,96,232,0.105,2199.55
0,2024-03-07,электроника,2393.48,2443.04,107,25,0.121,2227.21
0,2024-03-08,электроника,2448.0,2434.73,89,905,0.291,2224.97
0,2024-03-09,электроника,2469.2,2536.89,73,966,0.264,2184.05
0,2024-03-10,электроника,2415.6,2405.65,95,426,0.295,2239.07
0,2024-03-11,электроника,2301.59,2244.68,91,262,0.128,2193.81
0,2024-03-12,электроника,2209.35,2177.46,102,785,0.216,2236.92
0,2024-03-13,электроника,2190.96,2275.01,95,835,0.309,2242.04
0,2024-03-14,электроника,2086.76,2145.74,104,429,0.225,2243.43
0,2024-03-15,электроника,2236.41,2268.84,112,748,0.397,2298.45
0,2024-03-16,электроника,1980.6,1863.4,102,105,0.202,2234.0
0,2024-03-17,электроника,2309.68,2280.86,91,282,0.26,2222.65
0,2024-03-18,электроника,2125.13,1964.07,109,406,0.369,2285.67
0,2024-03-19,электроника,2092.4,2083.86,105,376,0.125,2223.67
0,2024-03-20,электроника,2088.06,2101.29,95,957,0.302,2240.45
0,2024-03-21,электроника,2080.38,2124.11,95,232,0.117,2200.02
0,2024-03-22,электроника,1976.62,1997.9,125,852,0.135,2269.6
0,2024-03-23,электроника,2013.21,1976.25,101,528,0.228,2237.41
0,2024-03-24,электроника,1994.71,1961.57,96,804,0.312,2244.85
0,2024-03-25,электроника,2103.72,2072.42,98,424,0.245,2234.49
0,2024-03-26,электроника,2144.79,2241.71,88,723,0.372,2240.48
0,2024-03-27,электроника,2020.94,1955.21,110,67,0.322,2277.72
0,2024-03-28,электроника,2025.43,2067.89,110,944,0.324,2278.05
0,2024-03-29,электроника,2150.38,2156.2,86,833,0.259,2211.33
0,2024-03-30,электроника,2047.75,2136.84,99,694,0.391,2268.69
1,2024-01-01,электроника,688.39,694.32,95,56,0.289,710.8
1,2024-01-02,электроника,716.19,707.2,116,382,0.309,726.78
1,2024-01-03,электроника,772.33,757.71,89,417,0.286,706.44
1,2024-01-04,электроника,714.18,696.69,93,99,0.216,704.39
1,2024-01-05,электроника,719.54,701.31,85,932,0.309,705.29
1,2024-01-06,электроника,727.57,687.74,104,733,0.281,716.49
1,2024-01-07,электроника,737.81,729.41,111,930,0.225,717.51
1,2024-01-08,электроника,703.2,727.76,90,233,0.396,714.74
1,2024-01-09,электроника,810.9,796.78,96,698,0.351,715.84
1,2024-01-10,электроника,747.23,696.15,90,394,0.104,694.5
1,2024-01-11,электроника,761.93,751.84,108,780,0.267,718.28
1,2024-01-12,электроника,753.63,744.25,99,87,0.162,704.74
1,2024-01-13,электроника,705.57,686.07,104,497,0.285,716.81
1,2024-01-14,электроника,713.5,696.26,96,163,0.249,708.76
1,2024-01-15,электроника,752.93,751.02,101,245,0.268,713.54
1,2024-01-16,электроника,674.46,669.27,113,633,0.244,720.18
1,2024-01-17,электроника,728.27,720.15,107,112,0.141,708.86
1,2024-01-18,электроника,684.21,648.17,121,868,0.127,717.64
1,2024-01-19,электроника,665.92,701.71,107,551,0.287,718.98
1,2024-01-20,электроника,639.03,603.56,112,993,0.114,710.45
1,2024-01-21,электроника,581.23,606.34,116,980,0.123,713.85
1,2024-01-22,электроника,580.59,557.65,124,705,0.223,726.4
1,2024-01-23,электроника,626.69,649.06,107,60,0.112,706.87
1,2024-01-24,электроника,637.43,626.39,101,838,0.11,702.52
1,2024-01-25,электроника,686.61,736.21,101,954,0.251,712.34
1,2024-01-26,электроника,624.13,622.01,110,258,0.244,718.12
1,2024-01-27,электроника,646.88,687.98,97,346,0.183,704.85
1,2024-01-28,электроника,616.64,629.43,116,262,0.396,732.81
1,2024-01-29,электроника,693.74,695.18,107,87,0.239,715.65
1,2024-01-30,электроника,652.7,670.43,93,632,0.353,713.89
1,2024-01-31,электроника,681.79,700.57,90,640,0.213,702.08
1,2024-02-01,электроника,700.78,687.32,90,821,0.17,699.08
1,2024-02-02,электроника,710.31,666.36,117,155,0.126,714.77
1,2024-02-03,электроника,689.63,739.08,103,785,0.276,715.46
1,2024-02-04,электроника,676.13,698.36,106,329,0.271,717.21
1,2024-02-05,электроника,744.3,715.17,102,671,0.168,707.24
1,2024-02-06,электроника,753.09,705.64,106,856,0.345,722.34
1,2024-02-07,электроника,768.3,753.22,86,956,0.346,708.54
1,2024-02-08,электроника,773.19,810.32,95,654,0.156,701.59
1,2024-02-09,электроника,757.27,741.37,75,234,0.321,699.14
1,2024-02-10,электроника,818.45,823.99,79,903,0.146,689.8
1,2024-02-11,электроника,750.62,808.59,67,682,0.211,685.94
1,2024-02-12,электроника,806.77,766.27,75,177,0.343,700.67
1,2024-02-13,электроника,730.43,747.83,80,794,0.135,689.71
1,2024-02-14,электроника,791.61,779.02,85,590,0.349,708.05
1,2024-02-15,электроника,699.76,703.29,99,597,0.214,708.37
1,2024-02-16,электроника,686.16,693.51,105,837,0.149,708.04
1,2024-02-17,электроника,690.15,698.37,95,388,0.29,710.89
1,2024-02-18,электроника,643.9,656.57,122,849,0.232,725.58
1,2024-02-19,электроника,671.26,657.17,83,431,0.262,700.6
1,2024-02-20,электроника,703.45,670.56,91,971,0.263,706.23
1,2024-02-21,электроника,572.19,577.1,124,956,0.229,726.81
1,2024-02-22,электроника,667.34,649.0,97,632,0.286,711.99
1,2024-02-23,электроника,642.97,663.09,105,429,0.399,725.41
1,2024-02-24,электроника,656.94,677.97,97,205,0.271,710.95
1,2024-02-25,электроника,647.56,657.54,108,874,0.131,708.86
1,2024-02-26,электроника,564.71,578.78,139,24,0.339,744.84
1,2024-02-27,электроника,621.01,612.11,106,853,0.332,721.4
1,2024-02-28,электроника,666.93,664.12,121,292,0.204,722.94
1,2024-02-29,электроника,697.73,660.69,119,824,0.186,720.35
1,2024-03-01,электроника,720.67,725.1,104,692,0.38,723.35
1,2024-03-02,электроника,676.15,713.26,103,897,0.107,703.72
1,2024-03-03,электроника,764.28,778.29,81,60,0.321,703.31
1,2024-03-04,электроника,728.66,708.05,96,414,0.15,701.83
1,2024-03-05,электроника,760.35,752.24,79,380,0.277,698.9
1,2024-03-06,электроника,716.18,703.93,97,146,0.162,703.36
1,2024-03-07,электроника,776.74,804.21,82,611,0.376,707.82
1,2024-03-08,электроника,730.37,703.51,85,427,0.376,709.88
1,2024-03-09,электроника,747.87,749.59,90,34,0.25,704.6
1,2024-03-10,электроника,771.11,787.86,84,186,0.334,706.31
1,2024-03-11,электроника,722.86,707.85,98,858,0.388,719.79
1,2024-03-12,электроника,694.27,688.67,89,485,0.261,704.67
1,2024-03-13,электроника,714.95,695.99,91,444,0.163,699.29
1,2024-03-14,электроника,666.5,664.11,105,294,0.287,717.65
1,2024-03-15,электроника,746.35,738.14,77,380,0.236,694.64
1,2024-03-16,электроника,718.55,663.34,115,123,0.249,721.93
1,2024-03-17,электроника,667.41,672.37,97,652,0.212,706.85
1,2024-03-18,электроника,658.29,675.65,89,389,0.34,710.2
1,2024-03-19,электроника,644.5,665.83,87,992,0.302,706.13
1,2024-03-20,электроника,654.47,643.54,112,618,0.267,721.09
1,2024-03-21,электроника,664.02,677.0,102,823,0.349,719.84
1,2024-03-22,электроника,630.33,664.62,94,478,0.222,705.46
1,2024-03-23,электроника,604.23,598.88,127,94,0.108,720.46
1,2024-03-24,электроника,651.9,658.69,92,709,0.311,710.27
1,2024-03-25,электроника,636.08,651.66,116,716,0.277,724.56
1,2024-03-26,электроника,616.48,632.24,94,943,0.332,713.11
1,2024-03-27,электроника,675.59,668.08,100,167,0.246,711.31
1,2024-03-28,электроника,662.35,664.73,105,730,0.245,714.73
1,2024-03-29,электроника,725.04,726.87,87,210,0.142,695.04
1,2024-03-30,электроника,736.04,709.21,98,736,0.305,714.0
2,2024-01-01,электроника,4199.9,4371.22,94,387,0.316,4309.21
2,2024-01-02,электроника,4146.29,4033.0,94,740,0.279,4293.74
2,2024-01-03,электроника,4722.41,4850.27,66,643,0.227,4153.99
2,2024-01-04,электроника,4179.78,4226.62,98,714,0.125,4245.68
2,2024-01-05,электроника,4212.54,4285.77,82,521,0.375,4283.41
2,2024-01-06,электроника,4397.76,4492.05,108,319,0.243,4337.26
2,2024-01-07,электроника,4704.86,4728.16,78,557,0.262,4219.25
2,2024-01-08,электроника,4766.61,4802.35,82,858,0.249,4230.58
2,2024-01-09,электроника,4264.54,4388.97,92,722,0.205,4254.34
2,2024-01-10,электроника,4652.17,4860.78,77,625,0.23,4201.82
2,2024-01-11,электроника,4714.18,4643.29,95,487,0.102,4223.3
2,2024-01-12,электроника,4718.18,4679.39,82,964,0.375,4283.64
2,2024-01-13,электроника,4171.42,4142.9,112,785,0.292,4374.6
2,2024-01-14,электроника,4397.65,4499.09,102,985,0.355,4359.09
2,2024-01-15,электроника,4274.24,4064.88,107,928,0.267,4343.11
2,2024-01-16,электроника,4245.26,3999.15,102,344,0.309,4339.96
2,2024-01-17,электроника,4208.1,4181.22,111,944,0.237,4347.23
2,2024-01-18,электроника,4013.84,4290.02,101,535,0.279,4323.0
2,2024-01-19,электроника,3863.38,3824.41,111,945,0.232,4345.45
2,2024-01-20,электроника,3788.81,3970.85,86,897,0.262,4252.82
2,2024-01-21,электроника,3701.08,3832.62,117,435,0.363,4425.57
2,2024-01-22,электроника,3861.49,3723.58,87,555,0.106,4191.7
2,2024-01-23,электроника,3801.05,3935.36,101,254,0.244,4308.32
2,2024-01-24,электроника,4079.84,3877.48,113,386,0.33,4395.1
2,2024-01-25,электроника,3448.71,3227.04,114,12,0.24,4361.37
2,2024-01-26,электроника,4004.49,4103.59,97,155,0.17,4260.48
2,2024-01-27,электроника,3882.1,3911.62,122,149,0.387,4456.63
2,2024-01-28,электроника,3744.93,3663.18,120,389,0.225,4380.31
2,2024-01-29,электроника,4515.96,4432.28,106,502,0.136,4284.02
2,2024-01-30,электроника,4454.84,4438.67,89,946,0.156,4220.93
2,2024-01-31,электроника,4067.72,4217.6,113,71,0.399,4423.85
2,2024-02-01,электроника,4169.08,4158.1,110,790,0.167,4313.87
2,2024-02-02,электроника,4867.76,4985.98,72,626,0.217,4175.3
2,2024-02-03,электроника,4483.19,4460.38,76,204,0.387,4263.26
2,2024-02-04,электроника,4573.92,4616.08,96,964,0.184,4262.31
2,2024-02-05,электроника,4987.81,4958.13,83,923,0.124,4182.43
2,2024-02-06,электроника,4747.18,4613.47,55,358,0.372,4168.84
2,2024-02-07,электроника,4436.67,4671.75,97,49,0.27,4302.35
2,2024-02-08,электроника,4742.16,4696.87,94,362,0.147,4238.27
2,2024-02-09,электроника,4834.14,4775.59,76,566,0.309,4230.72
2,2024-02-10,электроника,4777.37,4970.44,75,756,0.388,4259.78
2,2024-02-11,электроника,4614.83,4745.94,86,435,0.139,4201.06
2,2024-02-12,электроника,4702.06,4599.08,94,727,0.327,4313.81
2,2024-02-13,электроника,4289.89,4191.31,94,534,0.285,4296.2
2,2024-02-14,электроника,4294.16,4305.5,105,865,0.346,4367.85
2,2024-02-15,электроника,3917.97,3868.69,101,464,0.262,4316.07
2,2024-02-16,электроника,4094.25,4129.42,107,998,0.337,4372.48
2,2024-02-17,электроника,4069.93,4135.31,95,333,0.19,4260.57
2,2024-02-18,электроника,3878.41,3900.42,89,483,0.122,4206.84
2,2024-02-19,электроника,4092.12,4018.18,123,772,0.139,4356.68
2,2024-02-20,электроника,4166.64,4158.36,95,439,0.241,4281.69
2,2024-02-21,электроника,4197.22,4208.44,111,806,0.308,4377.3
2,2024-02-22,электроника,4019.45,4184.64,98,30,0.373,4349.88
2,2024-02-23,электроника,3542.81,3499.49,132,516,0.223,4429.69
2,2024-02-24,электроника,3751.35,3795.73,97,280,0.241,4290.47
2,2024-02-25,электроника,4141.06,3987.82,106,994,0.361,4378.34
2,2024-02-26,электроника,4038.06,4129.14,106,396,0.339,4369.29
2,2024-02-27,электроника,4082.29,4147.06,98,387,0.285,4312.97
2,2024-02-28,электроника,4011.88,4193.41,93,687,0.168,4242.66
2,2024-02-29,электроника,4492.61,4548.66,81,510,0.181,4197.72
2,2024-03-01,электроника,4068.31,4193.82,97,283,0.304,4316.81
2,2024-03-02,электроника,4283.65,4325.06,96,175,0.187,4263.6
2,2024-03-03,электроника,4537.61,4591.23,81,410,0.131,4176.77
2,2024-03-04,электроника,4438.57,4397.81,95,319,0.285,4300.55
2,2024-03-05,электроника,4624.14,4848.71,75,982,0.125,4149.0
2,2024-03-06,электроника,4573.41,4514.03,103,112,0.14,4272.98
2,2024-03-07,электроника,4978.89,5059.66,73,896,0.301,4214.7
2,2024-03-08,электроника,4739.78,4766.32,95,82,0.116,4229.19
2,2024-03-09,электроника,5000.15,5045.27,83,327,0.335,4270.97
2,2024-03-10,электроника,4744.38,4702.11,112,468,0.368,4406.85
2,2024-03-11,электроника,4842.26,4867.17,104,818,0.149,4281.12
2,2024-03-12,электроника,4369.08,4581.56,86,21,0.174,4215.97
2,2024-03-13,электроника,4231.88,4165.16,107,316,0.149,4293.43
2,2024-03-14,электроника,4609.77,4673.55,68,68,0.295,4191.16
2,2024-03-15,электроника,4417.87,4288.95,95,871,0.388,4343.74
2,2024-03-16,электроника,3851.09,3993.68,102,814,0.204,4295.65
2,2024-03-17,электроника,3786.16,4038.48,102,587,0.279,4327.39
2,2024-03-18,электроника,4404.85,4480.45,104,764,0.278,4335.12
2,2024-03-19,электроника,4264.86,4438.81,88,529,0.222,4244.31
2,2024-03-20,электроника,3972.54,4181.77,113,535,0.391,4420.71
2,2024-03-21,электроника,3905.78,3869.04,91,837,0.222,4256.88
2,2024-03-22,электроника,3791.44,3985.84,123,93,0.278,4415.02
2,2024-03-23,электроника,3707.62,3566.49,102,433,0.28,4327.51
2,2024-03-24,электроника,4027.63,3850.37,102,296,0.171,4281.8
2,2024-03-25,электроника,3361.88,3393.91,116,285,0.276,4384.97
2,2024-03-26,электроника,4096.93,3933.51,91,116,0.321,4298.65
2,2024-03-27,электроника,3821.82,4083.59,106,165,0.359,4377.79
2,2024-03-28,электроника,4045.01,4244.67,122,925,0.181,4370.08
2,2024-03-29,электроника,4040.9,3954.23,104,766,0.127,4271.61
2,2024-03-30,электроника,3896.85,3920.91,97,21,0.145,4249.74
3,2024-01-01,аксессуары,5166.16,5217.51,104,187,0.203,5059.77
3,2024-01-02,аксессуары,4327.19,4169.28,116,647,0.192,5113.9
3,2024-01-03,аксессуары,4908.96,5004.44,101,361,0.17,5028.93
3,2024-01-04,аксессуары,5069.47,5054.23,97,987,0.285,5065.98
3,2024-01-05,аксессуары,5356.61,5512.31,99,156,0.382,5123.73
3,2024-01-06,аксессуары,5660.82,5735.8,93,370,0.132,4970.45
3,2024-01-07,аксессуары,5657.9,5620.5,89,498,0.133,4951.07
3,2024-01-08,аксессуары,5785.59,5966.86,86,653,0.3,5019.01
3,2024-01-09,аксессуары,5578.67,5682.58,81,340,0.213,4951.05
3,2024-01-10,аксессуары,5749.43,5894.6,67,734,0.197,4874.32
3,2024-01-11,аксессуары,5051.98,4808.38,93,482,0.279,5043.05
3,2024-01-12,аксессуары,5690.41,5371.61,108,111,0.122,5039.6
3,2024-01-13,аксессуары,5635.76,5785.41,76,12,0.263,4951.05
3,2024-01-14,аксессуары,5697.09,5455.43,91,749,0.282,5034.86
3,2024-01-15,аксессуары,5210.49,5295.77,90,724,0.214,4996.16
3,2024-01-16,аксессуары,5036.68,5022.32,84,796,0.13,4925.23
3,2024-01-17,аксессуары,4418.98,4404.41,100,760,0.26,5068.11
3,2024-01-18,аксессуары,4466.34,4343.49,113,679,0.315,5159.58
3,2024-01-19,аксессуары,4500.46,4265.31,112,360,0.358,5175.87
3,2024-01-20,аксессуары,4533.41,4453.33,114,968,0.132,5074.23
3,2024-01-21,аксессуары,4118.58,4183.85,115,784,0.345,5184.22
3,2024-01-22,аксессуары,4606.49,4677.18,82,568,0.385,5041.31
3,2024-01-23,аксессуары,4746.47,4803.37,99,530,0.294,5080.12
3,2024-01-24,аксессуары,4547.65,4479.04,98,691,0.37,5112.73
3,2024-01-25,аксессуары,4162.81,4060.12,110,540,0.355,5164.77
3,2024-01-26,аксессуары,4733.07,4885.54,106,924,0.287,5111.33
3,2024-01-27,аксессуары,5121.72,4938.28,105,235,0.242,5084.01
3,2024-01-28,аксессуары,4467.96,4273.55,114,814,0.293,5153.53
3,2024-01-29,аксессуары,4976.98,5304.57,87,518,0.118,4933.68
3,2024-01-30,аксессуары,4498.8,4434.36,103,272,0.309,5107.07
3,2024-01-31,аксессуары,4585.25,4301.74,122,289,0.139,5116.94
3,2024-02-01,аксессуары,5315.23,5360.09,86,563,0.372,5054.27
3,2024-02-02,аксессуары,4955.85,5084.5,108,82,0.197,5076.67
3,2024-02-03,аксессуары,5653.96,5557.74,75,717,0.233,4931.3
3,2024-02-04,аксессуары,5428.8,5571.87,89,785,0.364,5065.32
3,2024-02-05,аксессуары,5218.98,5287.54,114,390,0.237,5126.1
3,2024-02-06,аксессуары,5039.26,4842.21,101,125,0.118,5003.09
3,2024-02-07,аксессуары,5459.12,5541.86,88,854,0.29,5024.05
3,2024-02-08,аксессуары,5264.15,5341.62,76,64,0.327,4982.74
3,2024-02-09,аксессуары,4959.65,5154.38,83,989,0.242,4975.63
3,2024-02-10,аксессуары,5142.09,5100.27,105,330,0.353,5138.72
3,2024-02-11,аксессуары,5495.66,5839.38,85,987,0.336,5031.9
3,2024-02-12,аксессуары,5303.81,5452.29,77,518,0.111,4880.98
3,2024-02-13,аксессуары,5146.9,4988.24,90,587,0.214,4996.28
3,2024-02-14,аксессуары,4741.13,4634.63,119,711,0.234,5149.36
3,2024-02-15,аксессуары,4949.51,5007.09,123,428,0.336,5219.37
3,2024-02-16,аксессуары,5254.47,5535.01,88,570,0.135,4947.2
3,2024-02-17,аксессуары,4129.2,4064.21,129,225,0.26,5211.4
3,2024-02-18,аксессуары,4475.83,4540.14,113,408,0.221,5113.17
3,2024-02-19,аксессуары,4443.71,4523.21,99,475,0.387,5126.16
3,2024-02-20,аксессуары,4687.96,4705.78,97,298,0.377,5111.16
3,2024-02-21,аксессуары,5119.42,5484.71,85,831,0.349,5038.04
3,2024-02-22,аксессуары,4519.42,4502.29,113,491,0.12,5063.55
3,2024-02-23,аксессуары,4695.01,4703.4,110,809,0.137,5056.72
3,2024-02-24,аксессуары,4632.43,4653.48,102,456,0.292,5094.08
3,2024-02-25,аксессуары,4668.29,4748.33,91,69,0.209,4998.84
3,2024-02-26,аксессуары,4855.29,4556.59,102,391,0.398,5146.55
3,2024-02-27,аксессуары,4500.89,4522.92,105,466,0.229,5077.71
3,2024-02-28,аксессуары,4563.77,4690.39,110,618,0.253,5114.13
3,2024-02-29,аксессуары,4609.3,4381.92,120,829,0.297,5185.21
3,2024-03-01,аксессуары,5056.07,5164.27,91,777,0.158,4973.62
3,2024-03-02,аксессуары,5370.32,5196.91,76,535,0.153,4896.89
3,2024-03-03,аксессуары,5244.05,5228.96,88,414,0.106,4932.8
3,2024-03-04,аксессуары,5134.01,5261.92,85,835,0.157,4943.25
3,2024-03-05,аксессуары,4928.36,5081.44,101,702,0.34,5112.96
3,2024-03-06,аксессуары,5633.45,5631.18,91,506,0.264,5025.98
3,2024-03-07,аксессуары,5705.19,5681.69,84,717,0.359,5038.33
3,2024-03-08,аксессуары,5200.6,5309.13,80,236,0.213,4946.14
3,2024-03-09,аксессуары,5215.04,4877.69,104,114,0.131,5024.13
3,2024-03-10,аксессуары,5460.79,5529.71,89,139,0.231,4999.75
3,2024-03-11,аксессуары,5535.08,5462.77,110,811,0.216,5095.89
3,2024-03-12,аксессуары,5157.33,4933.64,97,922,0.12,4984.29
3,2024-03-13,аксессуары,4935.95,4945.24,100,110,0.114,4996.32
3,2024-03-14,аксессуары,5566.11,5728.1,89,492,0.104,4936.69
3,2024-03-15,аксессуары,4709.81,4565.82,119,400,0.335,5199.25
3,2024-03-16,аксессуары,4777.59,4618.03,88,782,0.298,5027.81
3,2024-03-17,аксессуары,4644.05,4774.41,109,971,0.3,5132.59
3,2024-03-18,аксессуары,5062.76,5031.44,96,226,0.259,5048.06
3,2024-03-19,аксессуары,4490.54,4628.04,106,702,0.376,5155.26
3,2024-03-20,аксессуары,4639.07,4989.35,103,235,0.138,5023.04
3,2024-03-21,аксессуары,4649.56,4618.39,100,836,0.265,5070.75
3,2024-03-22,аксессуары,4153.56,3988.4,115,423,0.378,5200.9
3,2024-03-23,аксессуары,4437.23,4739.99,91,48,0.354,5070.22
3,2024-03-24,аксессуары,4729.01,4704.25,107,406,0.166,5056.57
3,2024-03-25,аксессуары,4150.53,4185.23,113,671,0.395,5199.37
3,2024-03-26,аксессуары,4422.01,4408.03,109,472,0.128,5047.31
3,2024-03-27,аксессуары,4569.43,4648.92,101,287,0.263,5074.53
3,2024-03-28,аксессуары,4417.27,4452.95,135,712,0.132,5177.83
3,2024-03-29,аксессуары,4986.39,5016.77,86,195,0.103,4921.46
3,2024-03-30,аксессуары,4779.61,4902.38,91,458,0.183,4985.96
4,2024-01-01,бытовая техника,1284.0,1328.4,110,740,0.156,1407.99
4,2024-01-02,бытовая техника,1441.41,1490.69,85,509,0.257,1387.52
4,2024-01-03,бытовая техника,1444.48,1454.22,102,29,0.198,1402.73
4,2024-01-04,бытовая техника,1508.24,1489.54,83,833,0.251,1383.86
4,2024-01-05,бытовая техника,1455.07,1416.29,108,236,0.141,1403.18
4,2024-01-06,бытовая техника,1534.17,1517.94,85,950,0.128,1369.76
4,2024-01-07,бытовая техника,1465.47,1570.83,79,345,0.168,1366.98
4,2024-01-08,бытовая техника,1521.99,1511.93,90,545,0.303,1400.65
4,2024-01-09,бытовая техника,1466.43,1500.53,90,887,0.145,1378.93
4,2024-01-10,бытовая техника,1593.44,1637.4,89,323,0.312,1400.56
4,2024-01-11,бытовая техника,1497.75,1558.6,75,192,0.321,1382.49
4,2024-01-12,бытовая техника,1461.52,1435.23,82,122,0.279,1386.45
4,2024-01-13,бытовая техника,1466.51,1490.27,110,761,0.153,1407.59
4,2024-01-14,бытовая техника,1354.73,1389.74,107,611,0.276,1420.34
4,2024-01-15,бытовая техника,1367.78,1321.67,105,886,0.335,1425.61
4,2024-01-16,бытовая техника,1251.41,1227.38,97,841,0.156,1390.07
4,2024-01-17,бытовая техника,1331.06,1388.33,87,269,0.115,1370.73
4,2024-01-18,бытовая техника,1313.41,1302.12,95,605,0.297,1406.71
4,2024-01-19,бытовая техника,1285.23,1276.84,98,229,0.336,1416.19
4,2024-01-20,бытовая техника,1214.02,1211.28,114,627,0.353,1440.53
4,2024-01-21,бытовая техника,1204.63,1184.69,124,542,0.26,1441.39
4,2024-01-22,бытовая техника,1381.8,1309.2,94,648,0.171,1388.04
4,2024-01-23,бытовая техника,1260.38,1329.97,114,897,0.178,1416.45
4,2024-01-24,бытовая техника,1210.39,1243.1,96,739,0.157,1388.9
4,2024-01-25,бытовая техника,1155.08,1110.87,113,336,0.305,1432.53
4,2024-01-26,бытовая техника,1365.74,1381.16,99,582,0.358,1420.57
4,2024-01-27,бытовая техника,1250.49,1256.76,112,975,0.168,1412.31
4,2024-01-28,бытовая техника,1416.44,1406.7,109,526,0.384,1437.82
4,2024-01-29,бытовая техника,1346.92,1384.15,75,646,0.325,1383.06
4,2024-01-30,бытовая техника,1274.94,1313.84,97,303,0.342,1415.61
4,2024-01-31,бытовая техника,1328.37,1325.94,97,400,0.362,1418.32
4,2024-02-01,бытовая техника,1442.69,1507.87,92,893,0.256,1396.93
4,2024-02-02,бытовая техника,1450.8,1440.41,92,67,0.325,1406.46
4,2024-02-03,бытовая техника,1346.19,1421.49,116,769,0.239,1427.59
4,2024-02-04,бытовая техника,1480.53,1516.83,79,445,0.236,1376.29
4,2024-02-05,бытовая техника,1491.31,1457.81,91,718,0.389,1413.89
4,2024-02-06,бытовая техника,1511.13,1451.89,103,173,0.183,1402.02
4,2024-02-07,бытовая техника,1463.46,1506.69,76,920,0.375,1391.26
4,2024-02-08,бытовая техника,1425.64,1430.49,105,784,0.284,1418.65
4,2024-02-09,бытовая техника,1548.41,1580.89,82,884,0.395,1402.32
4,2024-02-10,бытовая техника,1468.7,1452.08,84,269,0.34,1397.44
4,2024-02-11,бытовая техника,1503.89,1517.89,84,896,0.39,1404.39
4,2024-02-12,бытовая техника,1471.68,1469.82,104,269,0.399,1433.07
4,2024-02-13,бытовая техника,1526.94,1543.0,79,140,0.258,1379.41
4,2024-02-14,бытовая техника,1441.12,1454.54,95,710,0.201,1393.53
4,2024-02-15,бытовая техника,1348.55,1368.47,97,655,0.313,1411.65
4,2024-02-16,бытовая техника,1323.41,1242.88,107,734,0.176,1406.6
4,2024-02-17,бытовая техника,1406.6,1412.12,98,807,0.152,1390.93
4,2024-02-18,бытовая техника,1349.8,1372.32,97,701,0.372,1419.69
4,2024-02-19,бытовая техника,1245.6,1213.31,117,84,0.295,1436.67
4,2024-02-20,бытовая техника,1149.68,1200.91,111,792,0.176,1412.08
4,2024-02-21,бытовая техника,1326.32,1313.25,97,257,0.121,1385.27
4,2024-02-22,бытовая техника,1255.71,1245.05,115,864,0.123,1410.29
4,2024-02-23,бытовая техника,1203.67,1239.41,105,824,0.192,1405.96
4,2024-02-24,бытовая техника,1312.84,1258.61,115,854,0.37,1444.13
4,2024-02-25,бытовая техника,1299.72,1335.11,106,228,0.268,1417.84
4,2024-02-26,бытовая техника,1261.67,1221.54,122,849,0.139,1422.03
4,2024-02-27,бытовая техника,1283.84,1337.69,98,516,0.227,1401.18
4,2024-02-28,бытовая техника,1301.73,1319.09,99,956,0.348,1419.17
4,2024-02-29,бытовая техника,1395.77,1430.51,100,182,0.389,1426.17
4,2024-03-01,бытовая техника,1308.58,1353.31,96,952,0.235,1399.56
4,2024-03-02,бытовая техника,1456.8,1441.13,92,685,0.129,1379.51
4,2024-03-03,бытовая техника,1299.23,1287.03,90,964,0.319,1402.87
4,2024-03-04,бытовая техника,1506.97,1479.97,93,997,0.356,1412.01
4,2024-03-05,бытовая техника,1540.04,1610.49,81,890,0.186,1372.19
4,2024-03-06,бытовая техника,1480.09,1413.13,92,503,0.357,1410.78
4,2024-03-07,бытовая техника,1452.99,1454.47,97,938,0.321,1412.78
4,2024-03-08,бытовая техника,1589.18,1568.04,86,44,0.349,1401.45
4,2024-03-09,бытовая техника,1522.33,1563.56,59,341,0.373,1367.74
4,2024-03-10,бытовая техника,1549.88,1503.74,89,668,0.368,1408.18
4,2024-03-11,бытовая техника,1636.18,1590.34,96,678,0.292,1407.37
4,2024-03-12,бытовая техника,1594.9,1561.48,90,781,0.215,1388.63
4,2024-03-13,бытовая техника,1602.5,1595.25,85,960,0.395,1406.45
4,2024-03-14,бытовая техника,1466.48,1440.8,79,223,0.176,1368.17
4,2024-03-15,бытовая техника,1371.16,1280.24,104,433,0.241,1411.36
4,2024-03-16,бытовая техника,1230.86,1177.81,87,698,0.255,1389.95
4,2024-03-17,бытовая техника,1323.03,1292.05,109,327,0.219,1415.22
4,2024-03-18,бытовая техника,1408.96,1385.05,107,538,0.134,1400.82
4,2024-03-19,бытовая техника,1299.21,1210.16,111,788,0.113,1403.47
4,2024-03-20,бытовая техника,1344.64,1375.86,98,566,0.218,1400.02
4,2024-03-21,бытовая техника,1130.14,1064.9,125,277,0.302,1448.62
4,2024-03-22,бытовая техника,1277.15,1320.47,94,997,0.346,1412.1
4,2024-03-23,бытовая техника,1246.21,1220.89,103,999,0.34,1423.6
4,2024-03-24,бытовая техника,1259.8,1232.19,112,760,0.226,1420.25
4,2024-03-25,бытовая техника,1233.22,1236.39,107,944,0.224,1413.13
4,2024-03-26,бытовая техника,1209.29,1264.07,121,828,0.278,1439.8
4,2024-03-27,бытовая техника,1284.96,1316.22,107,676,0.322,1426.65
4,2024-03-28,бытовая техника,1335.8,1388.6,100,359,0.143,1392.37
4,2024-03-29,бытовая техника,1314.68,1306.1,103,822,0.22,1407.09
4,2024-03-30,бытовая техника,1215.08,1207.89,97,417,0.296,1409.27
5,2024-01-01,бытовая техника,4241.51,4381.46,99,643,0.277,4420.21
5,2024-01-02,бытовая техника,4221.45,4148.88,90,204,0.357,4415.98
5,2024-01-03,бытовая техника,4451.42,4556.14,102,834,0.108,4360.42
5,2024-01-04,бытовая техника,4181.88,4256.39,77,299,0.15,4270.8
5,2024-01-05,бытовая техника,4387.14,4359.39,95,157,0.202,4370.63
5,2024-01-06,бытовая техника,4845.89,4542.44,97,428,0.202,4379.35
5,2024-01-07,бытовая техника,4682.25,4590.06,104,334,0.259,4434.09
5,2024-01-08,бытовая техника,4478.64,4513.76,106,495,0.236,4432.74
5,2024-01-09,бытовая техника,4559.11,4613.88,88,452,0.26,4365.31
5,2024-01-10,бытовая техника,4711.56,4483.3,81,271,0.327,4364.14
5,2024-01-11,бытовая техника,4289.78,4243.93,100,96,0.233,4405.63
5,2024-01-12,бытовая техника,4674.45,4676.3,92,806,0.187,4351.08
5,2024-01-13,бытовая техника,4535.18,4593.0,77,77,0.394,4375.84
5,2024-01-14,бытовая техника,4237.78,4577.84,75,374,0.329,4339.05
5,2024-01-15,бытовая техника,4347.55,4506.12,84,572,0.153,4302.27
5,2024-01-16,бытовая техника,4117.21,4379.82,99,542,0.39,4468.79
5,2024-01-17,бытовая техника,3789.64,3886.24,99,492,0.145,4363.41
5,2024-01-18,бытовая техника,4181.61,4114.2,110,518,0.398,4519.69
5,2024-01-19,бытовая техника,4114.99,4231.16,121,174,0.319,4533.07
5,2024-01-20,бытовая техника,4227.96,4238.91,100,622,0.263,4418.41
5,2024-01-21,бытовая техника,3987.0,4047.4,116,670,0.324,4513.49
5,2024-01-22,бытовая техника,3916.86,3829.22,111,193,0.183,4431.25
5,2024-01-23,бытовая техника,3850.23,3698.78,113,873,0.248,4467.78
5,2024-01-24,бытовая техника,3961.12,3950.32,88,596,0.161,4322.86
5,2024-01-25,бытовая техника,3767.55,3945.06,87,763,0.318,4386.04
5,2024-01-26,бытовая техника,4607.81,4594.04,102,613,0.348,4463.76
5,2024-01-27,бытовая техника,4074.55,4267.24,112,873,0.172,4430.98
5,2024-01-28,бытовая техника,4008.15,3865.79,101,846,0.253,4418.5
5,2024-01-29,бытовая техника,4271.3,4296.45,100,358,0.109,4352.22
5,2024-01-30,бытовая техника,4132.08,4142.28,114,329,0.19,4447.21
5,2024-01-31,бытовая техника,4551.78,4483.12,86,66,0.338,4390.47
5,2024-02-01,бытовая техника,4247.5,4403.69,83,920,0.143,4293.53
5,2024-02-02,бытовая техника,4652.63,4750.05,101,685,0.31,4442.99
5,2024-02-03,бытовая техника,4710.74,4682.0,82,811,0.123,4280.81
5,2024-02-04,бытовая техника,4272.07,4061.22,103,780,0.29,4442.83
5,2024-02-05,бытовая техника,4560.0,4782.82,95,54,0.387,4450.11
5,2024-02-06,бытовая техника,4307.05,4334.6,99,755,0.173,4375.25
5,2024-02-07,бытовая техника,4557.5,4406.9,96,483,0.221,4383.08
5,2024-02-08,бытовая техника,4518.55,4419.94,106,983,0.146,4393.78
5,2024-02-09,бытовая техника,4579.08,4727.64,92,922,0.292,4396.55
5,2024-02-10,бытовая техника,4690.96,4726.79,103,735,0.156,4385.45
5,2024-02-11,бытовая техника,4343.42,4430.98,101,83,0.276,4428.25
5,2024-02-12,бытовая техника,4418.59,4443.01,85,421,0.17,4314.0
5,2024-02-13,бытовая техника,4648.7,4508.63,85,39,0.256,4350.88
5,2024-02-14,бытовая техника,4479.2,4413.47,97,983,0.365,4449.27
5,2024-02-15,бытовая техника,3924.41,3996.25,115,882,0.325,4509.54
5,2024-02-16,бытовая техника,4080.91,4082.9,114,352,0.275,4483.88
5,2024-02-17,бытовая техника,3907.77,3639.98,111,949,0.322,4491.32
5,2024-02-18,бытовая техника,3910.5,3871.27,96,932,0.36,4442.97
5,2024-02-19,бытовая техника,3808.93,3919.81,110,828,0.23,4447.35
5,2024-02-20,бытовая техника,3883.67,3981.32,106,938,0.379,4494.24
5,2024-02-21,бытовая техника,4322.35,4381.96,107,184,0.15,4399.97
5,2024-02-22,бытовая техника,4084.87,4244.52,102,615,0.181,4391.62
5,2024-02-23,бытовая техника,3919.53,4208.99,98,302,0.114,4345.88
5,2024-02-24,бытовая техника,3983.58,3967.44,79,312,0.133,4272.2
5,2024-02-25,бытовая техника,3936.01,4100.13,111,882,0.116,4402.39
5,2024-02-26,бытовая техника,3887.71,4075.31,108,537,0.211,4430.65
5,2024-02-27,бытовая техника,4116.85,4167.54,109,991,0.165,4414.88
5,2024-02-28,бытовая техника,4339.12,4546.06,86,272,0.138,4304.24
5,2024-02-29,бытовая техника,4125.74,4143.6,100,831,0.16,4374.0
5,2024-03-01,бытовая техника,4234.48,4312.39,94,127,0.335,4423.44
5,2024-03-02,бытовая техника,4359.69,4240.11,102,595,0.104,4358.78
5,2024-03-03,бытовая техника,4151.99,4005.55,104,120,0.199,4408.15
5,2024-03-04,бытовая техника,3990.24,3957.32,112,550,0.239,4459.88
5,2024-03-05,бытовая техника,4630.0,4700.66,79,165,0.18,4292.38
5,2024-03-06,бытовая техника,4917.93,4860.85,83,981,0.138,4291.3
5,2024-03-07,бытовая техника,4663.5,4688.33,100,963,0.167,4377.11
5,2024-03-08,бытовая техника,4573.61,4697.05,110,729,0.19,4430.05
5,2024-03-09,бытовая техника,4768.85,4775.42,90,738,0.187,4342.82
5,2024-03-10,бытовая техника,4767.18,4706.24,86,625,0.12,4296.48
5,2024-03-11,бытовая техника,4518.09,4415.16,114,480,0.301,4495.29
5,2024-03-12,бытовая техника,4602.01,4621.59,92,640,0.336,4415.24
5,2024-03-13,бытовая техника,4562.77,4592.57,80,501,0.286,4342.21
5,2024-03-14,бытовая техника,4347.65,4200.78,93,470,0.343,4422.9
5,2024-03-15,бытовая техника,4115.29,4319.12,87,58,0.384,4414.67
5,2024-03-16,бытовая техника,4487.88,4648.45,83,578,0.367,4390.05
5,2024-03-17,бытовая техника,4146.86,4166.46,94,575,0.225,4376.12
5,2024-03-18,бытовая техника,4579.91,4713.66,82,745,0.25,4335.43
5,2024-03-19,бытовая техника,3938.09,3967.1,116,219,0.264,4487.79
5,2024-03-20,бытовая техника,3852.33,3830.35,97,12,0.15,4356.76
5,2024-03-21,бытовая техника,3625.85,3591.41,112,591,0.133,4414.0
5,2024-03-22,бытовая техника,4022.46,4018.66,129,705,0.314,4565.05
5,2024-03-23,бытовая техника,3887.38,3930.24,104,28,0.153,4388.24
5,2024-03-24,бытовая техника,3528.9,3422.68,133,282,0.388,4614.35
5,2024-03-25,бытовая техника,3987.45,3989.92,100,17,0.332,4448.12
5,2024-03-26,бытовая техника,4037.4,3900.82,101,436,0.3,4438.67
5,2024-03-27,бытовая техника,4035.25,3879.86,109,146,0.351,4494.92
5,2024-03-28,бытовая техника,4388.46,4317.53,112,165,0.169,4429.47
5,2024-03-29,бытовая техника,3860.95,3939.02,117,465,0.342,4525.85
5,2024-03-30,бытовая техника,4118.39,4009.29,98,358,0.244,4401.77
6,2024-01-01,бытовая техника,4089.4,3936.58,109,413,0.326,3625.86
6,2024-01-02,бытовая техника,3499.82,3304.9,115,283,0.398,3671.62
6,2024-01-03,бытовая техника,3839.17,3639.07,106,778,0.157,3556.66
6,2024-01-04,бытовая техника,3637.92,3478.54,100,114,0.169,3539.64
6,2024-01-05,бытовая техника,3550.72,3624.7,112,833,0.274,3618.11
6,2024-01-06,бытовая техника,3690.67,3859.55,90,412,0.143,3495.97
6,2024-01-07,бытовая техника,3965.03,3949.14,83,471,0.334,3538.08
6,2024-01-08,бытовая техника,4019.14,3981.45,50,637,0.161,3363.07
6,2024-01-09,бытовая техника,3677.46,3569.9,93,503,0.121,3498.83
6,2024-01-10,бытовая техника,3827.04,3555.09,99,289,0.348,3598.62
6,2024-01-11,бытовая техника,3668.77,3795.48,91,442,0.262,3540.73
6,2024-01-12,бытовая техника,3967.71,3907.88,71,590,0.218,3455.73
6,2024-01-13,бытовая техника,3976.08,4230.31,71,335,0.116,3420.52
6,2024-01-14,бытовая техника,3645.85,3532.31,87,524,0.365,3562.69
6,2024-01-15,бытовая техника,3746.0,3651.25,84,918,0.227,3504.2
6,2024-01-16,бытовая техника,3796.56,3685.63,82,546,0.176,3479.51
6,2024-01-17,бытовая техника,3301.26,3261.98,92,31,0.218,3528.98
6,2024-01-18,бытовая техника,3258.57,3440.16,110,580,0.224,3593.85
6,2024-01-19,бытовая техника,3299.54,3116.87,118,735,0.18,3606.13
6,2024-01-20,бытовая техника,2979.41,2813.53,127,162,0.139,3623.32
6,2024-01-21,бытовая техника,3433.03,3465.59,91,90,0.38,3581.86
6,2024-01-22,бытовая техника,3243.67,3299.49,114,105,0.129,3574.75
6,2024-01-23,бытовая техника,3087.0,3110.01,108,690,0.159,3564.0
6,2024-01-24,бытовая техника,3122.95,2987.29,101,317,0.147,3535.67
6,2024-01-25,бытовая техника,3204.15,3157.28,102,201,0.249,3574.55
6,2024-01-26,бытовая техника,3506.04,3392.03,98,553,0.216,3549.24
6,2024-01-27,бытовая техника,3152.8,3184.11,113,683,0.231,3606.72
6,2024-01-28,бытовая техника,3493.54,3574.38,87,860,0.312,3544.26
6,2024-01-29,бытовая техника,3737.91,3939.2,69,345,0.359,3497.94
6,2024-01-30,бытовая техника,3294.59,3345.97,98,492,0.386,3608.27
6,2024-01-31,бытовая техника,3554.15,3522.51,104,437,0.187,3559.98
6,2024-02-01,бытовая техника,3729.3,3768.63,99,849,0.175,3538.44
6,2024-02-02,бытовая техника,3816.0,4018.04,85,135,0.217,3504.35
6,2024-02-03,бытовая техника,3574.21,3535.94,85,911,0.2,3498.43
6,2024-02-04,бытовая техника,3630.12,3790.28,85,28,0.303,3534.3
6,2024-02-05,бытовая техника,3485.25,3502.45,98,93,0.301,3578.92
6,2024-02-06,бытовая техника,3605.68,3660.09,110,769,0.397,3653.99
6,2024-02-07,бытовая техника,3741.03,3785.35,89,370,0.394,3579.85
6,2024-02-08,бытовая техника,3832.85,3753.64,89,974,0.157,3497.29
6,2024-02-09,бытовая техника,3651.15,3510.51,102,698,0.219,3564.25
6,2024-02-10,бытовая техника,3638.21,3569.0,79,645,0.265,3500.06
6,2024-02-11,бытовая техника,3717.35,3631.99,100,448,0.123,3523.8
6,2024-02-12,бытовая техника,3590.41,3562.04,114,376,0.266,3622.28
6,2024-02-13,бытовая техника,3855.84,3999.38,94,143,0.175,3521.08
6,2024-02-14,бытовая техника,3760.43,3866.28,73,109,0.175,3447.83
6,2024-02-15,бытовая техника,3642.13,3628.15,85,830,0.383,3562.21
6,2024-02-16,бытовая техника,3504.56,3540.13,102,619,0.212,3561.73
6,2024-02-17,бытовая техника,3108.5,3123.34,105,310,0.275,3594.04
6,2024-02-18,бытовая техника,3219.41,3049.87,111,246,0.285,3618.51
6,2024-02-19,бытовая техника,3308.85,3222.03,114,175,0.131,3575.14
6,2024-02-20,бытовая техника,3175.39,3157.19,111,136,0.342,3638.35
6,2024-02-21,бытовая техника,3085.58,3112.82,113,388,0.317,3636.56
6,2024-02-22,бытовая техника,3137.52,3128.46,125,179,0.31,3675.98
6,2024-02-23,бытовая техника,3359.35,3420.66,90,766,0.363,3572.59
6,2024-02-24,бытовая техника,3013.48,2941.37,106,305,0.206,3573.71
6,2024-02-25,бытовая техника,3034.72,2887.77,113,170,0.302,3631.28
6,2024-02-26,бытовая техника,3293.26,3340.52,90,979,0.254,3534.59
6,2024-02-27,бытовая техника,3312.34,3414.42,94,730,0.376,3591.03
6,2024-02-28,бытовая техника,3526.12,3772.98,83,703,0.358,3546.38
6,2024-02-29,бытовая техника,3168.21,3272.57,103,132,0.312,3599.88
6,2024-03-01,бытовая техника,3199.8,2987.23,119,101,0.226,3625.7
6,2024-03-02,бытовая техника,3585.39,3741.94,92,707,0.107,3490.2
6,2024-03-03,бытовая техника,3626.95,3426.49,101,845,0.163,3541.18
6,2024-03-04,бытовая техника,3565.51,3667.74,84,943,0.297,3528.49
6,2024-03-05,бытовая техника,3617.94,3566.52,102,464,0.316,3597.97
6,2024-03-06,бытовая техника,3601.6,3579.78,109,973,0.187,3577.29
6,2024-03-07,бытовая техника,3623.14,3536.95,127,286,0.323,3687.29
6,2024-03-08,бытовая техника,4043.78,3992.32,91,576,0.386,3583.94
6,2024-03-09,бытовая техника,3627.76,3485.39,106,106,0.196,3569.92
6,2024-03-10,бытовая техника,3813.58,3764.01,102,434,0.358,3612.41
6,2024-03-11,бытовая техника,3942.85,3993.26,89,834,0.104,3478.86
6,2024-03-12,бытовая техника,3845.26,3806.91,72,608,0.154,3437.02
6,2024-03-13,бытовая техника,3505.07,3582.74,98,671,0.262,3565.34
6,2024-03-14,бытовая техника,3926.19,3822.98,72,425,0.367,3511.33
6,2024-03-15,бытовая техника,3429.83,3298.4,103,722,0.164,3548.33
6,2024-03-16,бытовая техника,3427.26,3333.45,99,568,0.217,3553.12
6,2024-03-17,бытовая техника,3280.31,3207.37,108,518,0.224,3586.92
6,2024-03-18,бытовая техника,3416.83,3472.84,103,204,0.309,3598.93
6,2024-03-19,бытовая техника,3125.22,3181.05,82,767,0.273,3513.19
6,2024-03-20,бытовая техника,3222.86,3218.45,126,326,0.201,3641.48
6,2024-03-21,бытовая техника,3254.94,3170.77,104,314,0.304,3600.58
6,2024-03-22,бытовая техника,2926.34,2982.45,127,180,0.121,3616.96
6,2024-03-23,бытовая техника,3590.91,3474.79,114,389,0.364,3656.56
6,2024-03-24,бытовая техника,3308.27,3403.86,112,833,0.351,3644.85
6,2024-03-25,бытовая техника,3212.8,3248.14,85,754,0.259,3519.06
6,2024-03-26,бытовая техника,3146.97,3286.04,106,946,0.365,3628.81
6,2024-03-27,бытовая техника,3083.02,3076.39,123,444,0.184,3625.16
6,2024-03-28,бытовая техника,3196.76,3057.01,111,881,0.39,3655.15
6,2024-03-29,бытовая техника,3372.71,3314.25,102,566,0.397,3626.03
6,2024-03-30,бытовая техника,3293.13,3286.14,99,12,0.205,3548.89
7,2024-01-01,аксессуары,2080.08,2175.22,95,488,0.313,2233.56
7,2024-01-02,аксессуары,2207.51,2193.87,120,357,0.29,2282.96
7,2024-01-03,аксессуары,2276.23,2238.43,111,377,0.326,2271.19
7,2024-01-04,аксессуары,2063.9,2069.38,119,730,0.104,2240.47
7,2024-01-05,аксессуары,2410.9,2350.96,107,904,0.367,2271.54
7,2024-01-06,аксессуары,2245.06,2268.3,97,736,0.282,2231.16
7,2024-01-07,аксессуары,2543.25,2519.88,85,583,0.147,2175.73
7,2024-01-08,аксессуары,2519.32,2637.45,76,63,0.216,2171.15
7,2024-01-09,аксессуары,2256.24,2279.3,105,743,0.372,2268.32
7,2024-01-10,аксессуары,2414.44,2324.83,93,602,0.275,2221.1
7,2024-01-11,аксессуары,2346.84,2276.21,101,378,0.182,2218.1
7,2024-01-12,аксессуары,2331.53,2260.23,105,687,0.324,2257.9
7,2024-01-13,аксессуары,2321.73,2221.76,96,631,0.166,2203.74
7,2024-01-14,аксессуары,2405.34,2305.71,100,446,0.344,2251.37
7,2024-01-15,аксессуары,2299.2,2348.79,82,549,0.165,2173.17
7,2024-01-16,аксессуары,2332.53,2221.53,95,902,0.364,2244.69
7,2024-01-17,аксессуары,2169.2,2067.03,105,911,0.229,2237.06
7,2024-01-18,аксессуары,2059.21,2063.65,90,776,0.37,2235.23
7,2024-01-19,аксессуары,1997.42,2039.51,99,697,0.348,2249.96
7,2024-01-20,аксессуары,2028.3,2067.64,115,460,0.399,2295.95
7,2024-01-21,аксессуары,1877.28,1861.35,114,508,0.222,2255.14
7,2024-01-22,аксессуары,1954.78,1887.41,124,704,0.351,2305.05
7,2024-01-23,аксессуары,2076.54,2208.44,108,147,0.217,2241.08
7,2024-01-24,аксессуары,1995.93,2008.56,101,28,0.233,2229.22
7,2024-01-25,аксессуары,1880.35,1980.4,114,929,0.214,2253.39
7,2024-01-26,аксессуары,1835.65,1926.4,96,200,0.163,2203.28
7,2024-01-27,аксессуары,2136.37,2172.24,107,724,0.385,2275.37
7,2024-01-28,аксессуары,2222.3,2193.73,109,703,0.212,2242.11
7,2024-01-29,аксессуары,2301.45,2301.69,104,467,0.266,2243.09
7,2024-01-30,аксессуары,2277.13,2326.12,99,202,0.154,2207.7
7,2024-01-31,аксессуары,2133.12,2251.95,106,663,0.118,2215.18
7,2024-02-01,аксессуары,2273.2,2261.5,83,305,0.341,2213.58
7,2024-02-02,аксессуары,2269.66,2306.1,68,982,0.275,2166.68
7,2024-02-03,аксессуары,2272.05,2301.08,104,447,0.275,2244.95
7,2024-02-04,аксессуары,2148.89,2221.56,89,649,0.285,2214.46
7,2024-02-05,аксессуары,2348.67,2401.56,78,756,0.163,2164.07
7,2024-02-06,аксессуары,2451.89,2399.38,98,940,0.16,2206.91
7,2024-02-07,аксессуары,2324.12,2369.06,80,232,0.392,2218.19
7,2024-02-08,аксессуары,2522.61,2514.77,82,752,0.231,2187.42
7,2024-02-09,аксессуары,2330.65,2437.52,77,819,0.381,2209.35
7,2024-02-10,аксессуары,2342.48,2293.73,92,367,0.383,2242.28
7,2024-02-11,аксессуары,2169.62,2162.33,92,93,0.392,2244.29
7,2024-02-12,аксессуары,2119.09,2088.87,97,913,0.166,2205.98
7,2024-02-13,аксессуары,2379.39,2287.0,81,22,0.119,2160.9
7,2024-02-14,аксессуары,2286.4,2250.01,92,392,0.396,2245.18
7,2024-02-15,аксессуары,2075.56,2043.64,103,40,0.191,2224.44
7,2024-02-16,аксессуары,2278.28,2296.7,96,433,0.191,2209.28
7,2024-02-17,аксессуары,1972.2,1979.8,108,74,0.238,2245.58
7,2024-02-18,аксессуары,2148.09,2112.21,101,786,0.157,2212.79
7,2024-02-19,аксессуары,1945.5,1986.63,88,981,0.333,2222.78
7,2024-02-20,аксессуары,1942.85,1995.47,120,858,0.33,2291.65
7,2024-02-21,аксессуары,1984.3,1818.23,136,210,0.248,2308.67
7,2024-02-22,аксессуары,2095.64,2091.59,113,27,0.137,2234.5
7,2024-02-23,аксессуары,1920.07,1873.46,130,233,0.138,2271.68
7,2024-02-24,аксессуары,1997.92,1915.97,108,616,0.221,2241.87
7,2024-02-25,аксессуары,2280.06,2222.72,107,200,0.271,2250.67
7,2024-02-26,аксессуары,1950.58,1895.91,106,747,0.371,2270.19
7,2024-02-27,аксессуары,1989.81,2080.03,123,256,0.271,2285.52
7,2024-02-28,аксессуары,2049.79,1984.75,103,708,0.201,2226.73
7,2024-02-29,аксессуары,2261.2,2295.13,110,846,0.153,2231.36
7,2024-03-01,аксессуары,2056.45,2100.94,107,496,0.277,2251.85
7,2024-03-02,аксессуары,2188.15,2231.91,111,947,0.338,2273.85
7,2024-03-03,аксессуары,2412.27,2457.25,85,920,0.16,2178.54
7,2024-03-04,аксессуары,2175.49,2110.22,95,740,0.112,2189.9
7,2024-03-05,аксессуары,2236.23,2192.63,102,944,0.102,2202.94
7,2024-03-06,аксессуары,2344.5,2392.95,100,896,0.246,2229.98
7,2024-03-07,аксессуары,2594.41,2502.94,96,790,0.302,2233.49
7,2024-03-08,аксессуары,2353.09,2273.56,102,152,0.373,2261.97
7,2024-03-09,аксессуары,2448.16,2704.51,54,703,0.399,2163.11
7,2024-03-10,аксессуары,2571.07,2613.46,87,729,0.171,2185.38
7,2024-03-11,аксессуары,2392.0,2333.66,84,330,0.283,2203.22
7,2024-03-12,аксессуары,2278.69,2403.56,98,490,0.171,2209.28
7,2024-03-13,аксессуары,2378.92,2499.62,83,955,0.195,2181.93
7,2024-03-14,аксессуары,2337.68,2309.47,109,721,0.333,2268.37
7,2024-03-15,аксессуары,2145.18,2066.52,110,677,0.279,2258.93
7,2024-03-16,аксессуары,2197.71,2126.19,107,37,0.354,2268.77
7,2024-03-17,аксессуары,2034.38,2096.76,112,503,0.338,2276.15
7,2024-03-18,аксессуары,2248.13,2202.1,94,705,0.233,2214.02
7,2024-03-19,аксессуары,1959.22,1877.52,109,909,0.16,2230.71
7,2024-03-20,аксессуары,1889.01,1856.54,108,193,0.279,2254.44
7,2024-03-21,аксессуары,1997.19,1801.89,115,82,0.325,2279.86
7,2024-03-22,аксессуары,1791.98,1822.45,131,844,0.188,2284.85
7,2024-03-23,аксессуары,1938.66,2035.21,102,696,0.221,2228.79
7,2024-03-24,аксессуары,2022.56,2004.92,113,192,0.132,2233.45
7,2024-03-25,аксессуары,2151.16,2122.7,103,861,0.349,2258.95
7,2024-03-26,аксессуары,2055.0,2078.01,98,490,0.135,2201.45
7,2024-03-27,аксессуары,2049.42,2057.86,109,34,0.149,2228.49
7,2024-03-28,аксессуары,1978.39,1986.41,98,634,0.114,2196.77
7,2024-03-29,аксессуары,1988.59,2000.9,108,201,0.37,2274.23
7,2024-03-30,аксессуары,2248.34,2140.29,92,721,0.348,2234.72
8,2024-01-01,электроника,3954.29,3923.7,90,580,0.278,4177.66
8,2024-01-02,электроника,4280.62,4332.74,115,853,0.362,4314.53
8,2024-01-03,электроника,4410.42,4507.76,74,741,0.395,4159.85
8,2024-01-04,электроника,4423.31,4188.4,89,256,0.135,4114.56
8,2024-01-05,электроника,4414.22,4356.64,83,499,0.208,4119.91
8,2024-01-06,электроника,4505.28,4558.17,93,687,0.369,4227.04
8,2024-01-07,электроника,4394.54,4446.27,92,662,0.125,4123.05
8,2024-01-08,электроника,4383.07,4195.99,69,783,0.27,4087.88
8,2024-01-09,электроника,4450.67,4417.96,107,278,0.238,4230.72
8,2024-01-10,электроника,4584.31,4634.89,85,15,0.304,4167.52
8,2024-01-11,электроника,4430.72,4337.28,100,995,0.222,4195.66
8,2024-01-12,электроника,4440.0,4495.84,80,155,0.2,4104.26
8,2024-01-13,электроника,4197.82,4103.96,115,760,0.299,4288.51
8,2024-01-14,электроника,4285.66,4259.01,89,621,0.304,4184.21
8,2024-01-15,электроника,4059.06,3830.31,122,975,0.303,4318.97
8,2024-01-16,электроника,4031.2,3962.8,105,760,0.186,4201.44
8,2024-01-17,электроника,3925.28,3932.01,105,203,0.267,4234.57
8,2024-01-18,электроника,3626.09,3627.84,95,180,0.179,4157.24
8,2024-01-19,электроника,4046.64,3985.48,102,112,0.291,4231.91
8,2024-01-20,электроника,3668.23,3511.94,131,467,0.194,4311.46
8,2024-01-21,электроника,3509.62,3249.1,123,359,0.262,4306.39
8,2024-01-22,электроника,3868.56,3839.97,118,13,0.33,4313.92
8,2024-01-23,электроника,3112.68,3115.2,127,466,0.193,4294.26
8,2024-01-24,электроника,3365.27,3141.42,131,900,0.268,4341.58
8,2024-01-25,электроника,3824.5,3926.76,93,858,0.319,4206.41
8,2024-01-26,электроника,3993.82,4154.88,86,463,0.232,4142.24
8,2024-01-27,электроника,3735.7,3616.4,103,524,0.399,4280.61
8,2024-01-28,электроника,4311.03,4289.08,81,539,0.136,4082.3
8,2024-01-29,электроника,3672.09,3742.57,113,39,0.333,4294.4
8,2024-01-30,электроника,3635.35,3658.35,100,504,0.327,4238.7
8,2024-01-31,электроника,3931.93,3904.26,93,108,0.17,4145.66
8,2024-02-01,электроника,4260.42,4127.61,90,903,0.361,4211.34
8,2024-02-02,электроника,4242.75,4333.82,75,196,0.275,4114.66
8,2024-02-03,электроника,4616.21,4605.22,87,85,0.209,4136.93
8,2024-02-04,электроника,4384.75,4386.73,93,600,0.181,4150.16
8,2024-02-05,электроника,4313.0,4283.23,103,951,0.158,4181.71
8,2024-02-06,электроника,4457.07,4354.29,89,474,0.168,4128.15
8,2024-02-07,электроника,4396.25,4382.62,84,870,0.288,4156.92
8,2024-02-08,электроника,4305.83,4186.03,110,189,0.248,4247.15
8,2024-02-09,электроника,4237.88,3999.97,95,237,0.308,4210.37
8,2024-02-10,электроника,4160.73,4194.11,91,320,0.146,4127.47
8,2024-02-11,электроника,4212.93,4156.4,91,173,0.222,4158.72
8,2024-02-12,электроника,4329.61,4318.63,97,796,0.309,4218.99
8,2024-02-13,электроника,4519.81,4584.48,76,230,0.203,4089.41
8,2024-02-14,электроника,3930.32,3795.68,116,344,0.348,4312.84
8,2024-02-15,электроника,4174.29,4294.77,100,859,0.114,4151.03
8,2024-02-16,электроника,4115.09,4371.36,95,589,0.393,4245.27
8,2024-02-17,электроника,3331.44,3405.96,128,450,0.252,4322.82
8,2024-02-18,электроника,3787.88,3972.31,124,993,0.269,4313.44
8,2024-02-19,электроника,3603.73,3557.89,117,254,0.229,4268.13
8,2024-02-20,электроника,3613.87,3565.54,115,888,0.346,4307.79
8,2024-02-21,электроника,3540.87,3622.57,104,395,0.281,4236.06
8,2024-02-22,электроника,3548.41,3550.77,108,340,0.354,4282.57
8,2024-02-23,электроника,3640.51,3786.24,95,890,0.383,4241.16
8,2024-02-24,электроника,3854.36,3847.54,117,383,0.166,4242.16
8,2024-02-25,электроника,3488.58,3620.68,115,372,0.134,4220.99
8,2024-02-26,электроника,3472.21,3680.74,122,697,0.108,4239.18
8,2024-02-27,электроника,3961.3,3829.44,125,645,0.317,4337.25
8,2024-02-28,электроника,4408.24,4392.57,88,536,0.367,4205.84
8,2024-02-29,электроника,4277.18,4476.93,110,289,0.209,4231.17
8,2024-03-01,электроника,4354.03,4374.61,96,323,0.222,4179.1
8,2024-03-02,электроника,4122.63,4176.97,90,429,0.318,4193.91
8,2024-03-03,электроника,3944.61,4052.25,105,303,0.189,4202.4
8,2024-03-04,электроника,4571.81,4652.17,75,113,0.138,4058.58
8,2024-03-05,электроника,4293.61,4284.85,101,608,0.267,4218.09
8,2024-03-06,электроника,4519.37,4411.22,88,565,0.377,4210.01
8,2024-03-07,электроника,4477.65,4085.13,107,864,0.319,4263.94
8,2024-03-08,электроника,4448.03,4401.54,95,874,0.104,4126.61
8,2024-03-09,электроника,4632.45,4397.95,106,616,0.214,4216.87
8,2024-03-10,электроника,4541.27,4349.0,109,610,0.217,4230.41
8,2024-03-11,электроника,4227.5,4219.81,96,63,0.362,4236.61
8,2024-03-12,электроника,4476.71,4407.52,102,120,0.195,4192.86
8,2024-03-13,электроника,4581.08,4576.77,105,682,0.29,4243.85
8,2024-03-14,электроника,4432.72,4459.39,81,213,0.272,4137.98
8,2024-03-15,электроника,4349.99,4273.08,97,918,0.108,4136.31
8,2024-03-16,электроника,4069.25,4012.66,84,958,0.339,4177.86
8,2024-03-17,электроника,3867.35,3778.47,120,636,0.244,4286.46
8,2024-03-18,электроника,4488.35,4626.49,110,29,0.296,4266.77
8,2024-03-19,электроника,3709.1,3703.59,109,532,0.112,4187.52
8,2024-03-20,электроника,3765.7,4008.37,102,951,0.28,4227.37
8,2024-03-21,электроника,3550.76,3603.32,112,61,0.319,4284.62
8,2024-03-22,электроника,3798.44,3970.78,89,326,0.399,4223.02
8,2024-03-23,электроника,3903.64,3995.87,107,430,0.106,4176.77
8,2024-03-24,электроника,3661.29,3615.21,110,610,0.35,4289.1
8,2024-03-25,электроника,3842.7,3865.66,93,357,0.38,4231.82
8,2024-03-26,электроника,3972.11,3908.15,101,549,0.274,4220.95
8,2024-03-27,электроника,4018.3,3954.09,95,791,0.149,4144.87
8,2024-03-28,электроника,3850.16,3595.89,105,102,0.362,4273.43
8,2024-03-29,электроника,4000.7,3996.96,94,515,0.118,4128.4
8,2024-03-30,электроника,4474.33,4523.64,91,178,0.154,4130.75
9,2024-01-01,электроника,1610.63,1585.23,103,653,0.163,1713.5
9,2024-01-02,электроника,1722.54,1726.61,90,487,0.209,1699.46
9,2024-01-03,электроника,1677.58,1625.74,123,553,0.372,1782.39
9,2024-01-04,электроника,1808.02,1728.48,89,537,0.268,1707.6
9,2024-01-05,электроника,1778.79,1825.89,96,951,0.327,1729.29
9,2024-01-06,электроника,2025.21,2085.86,79,679,0.195,1678.51
9,2024-01-07,электроника,1724.0,1673.01,106,392,0.363,1752.15
9,2024-01-08,электроника,1762.79,1784.78,68,616,0.399,1694.35
9,2024-01-09,электроника,1881.82,1857.15,74,255,0.126,1658.56
9,2024-01-10,электроника,1937.91,1908.16,94,711,0.205,1705.57
9,2024-01-11,электроника,1801.75,1805.22,90,431,0.165,1692.03
9,2024-01-12,электроника,1692.11,1661.48,100,387,0.232,1720.18
9,2024-01-13,электроника,1726.1,1684.88,92,459,0.348,1726.13
9,2024-01-14,электроника,1750.02,1812.62,97,194,0.104,1693.62
9,2024-01-15,электроника,1763.34,1743.78,93,188,0.288,1717.71
9,2024-01-16,электроника,1582.21,1517.23,112,425,0.347,1759.7
9,2024-01-17,электроника,1588.25,1634.41,104,899,0.124,1708.69
9,2024-01-18,электроника,1716.32,1654.97,99,348,0.323,1733.68
9,2024-01-19,электроника,1628.95,1555.89,117,358,0.245,1750.88
9,2024-01-20,электроника,1528.14,1583.05,102,349,0.242,1725.22
9,2024-01-21,электроника,1624.25,1762.98,89,336,0.129,1684.38
9,2024-01-22,электроника,1494.14,1600.23,110,10,0.199,1731.4
9,2024-01-23,электроника,1416.73,1530.52,116,354,0.138,1731.23
9,2024-01-24,электроника,1507.28,1509.92,99,946,0.15,1704.62
9,2024-01-25,электроника,1534.59,1516.07,119,328,0.301,1763.68
9,2024-01-26,электроника,1434.25,1378.09,135,120,0.224,1777.63
9,2024-01-27,электроника,1636.26,1728.58,102,496,0.218,1721.12
9,2024-01-28,электроника,1587.09,1570.6,104,127,0.285,1735.8
9,2024-01-29,электроника,1646.7,1578.8,102,597,0.122,1704.96
9,2024-01-30,электроника,1582.86,1537.59,95,724,0.353,1732.08
9,2024-01-31,электроника,1781.49,1725.19,120,948,0.393,1780.89
9,2024-02-01,электроника,1701.04,1726.27,91,859,0.343,1723.67
9,2024-02-02,электроника,1828.37,1781.9,97,701,0.36,1736.58
9,2024-02-03,электроника,1587.47,1595.52,101,619,0.296,1732.51
9,2024-02-04,электроника,1971.51,1948.72,95,671,0.141,1696.34
9,2024-02-05,электроника,1992.32,1943.62,100,567,0.103,1698.49
9,2024-02-06,электроника,1883.75,1965.99,72,498,0.162,1661.36
9,2024-02-07,электроника,1832.82,1901.82,75,948,0.31,1691.24
9,2024-02-08,электроника,1903.12,1909.8,73,926,0.242,1676.33
9,2024-02-09,электроника,1779.65,1885.35,103,475,0.121,1706.46
9,2024-02-10,электроника,1781.59,1817.71,85,356,0.178,1685.88
9,2024-02-11,электроника,1803.09,1834.1,108,808,0.159,1721.25
9,2024-02-12,электроника,1687.63,1689.6,80,767,0.226,1685.44
9,2024-02-13,электроника,1698.61,1716.1,123,546,0.196,1752.69
9,2024-02-14,электроника,1786.36,1777.63,91,84,0.275,1712.29
9,2024-02-15,электроника,1664.46,1619.51,103,155,0.314,1739.0
9,2024-02-16,электроника,1571.4,1554.84,115,162,0.107,1724.28
9,2024-02-17,электроника,1503.36,1514.91,120,354,0.195,1747.49
9,2024-02-18,электроника,1681.23,1705.66,83,850,0.272,1698.2
9,2024-02-19,электроника,1626.69,1597.83,97,757,0.337,1732.76
9,2024-02-20,электроника,1441.31,1339.49,136,79,0.285,1789.49
9,2024-02-21,электроника,1662.49,1666.08,87,765,0.274,1705.27
9,2024-02-22,электроника,1380.37,1455.01,109,163,0.38,1760.1
9,2024-02-23,электроника,1579.92,1574.51,116,797,0.342,1765.56
9,2024-02-24,электроника,1526.38,1530.15,105,76,0.115,1708.82
9,2024-02-25,электроника,1508.99,1525.94,106,126,0.1,1708.06
9,2024-02-26,электроника,1523.17,1454.43,120,82,0.328,1769.88
9,2024-02-27,электроника,1561.84,1521.15,92,800,0.286,1715.77
9,2024-02-28,электроника,1483.27,1412.97,111,192,0.139,1723.01
9,2024-02-29,электроника,1570.23,1630.49,111,880,0.29,1748.3
9,2024-03-01,электроника,1612.65,1682.47,96,861,0.324,1728.79
9,2024-03-02,электроника,1678.19,1652.91,87,476,0.257,1702.47
9,2024-03-03,электроника,1790.2,1817.12,103,279,0.155,1712.19
9,2024-03-04,электроника,1717.42,1711.18,102,476,0.336,1741.03
9,2024-03-05,электроника,1783.6,1806.95,88,282,0.191,1693.01
9,2024-03-06,электроника,2037.17,2008.67,84,929,0.129,1675.95
9,2024-03-07,электроника,1804.9,1849.44,91,340,0.253,1708.55
9,2024-03-08,электроника,1814.42,1796.26,85,908,0.153,1681.65
9,2024-03-09,электроника,1847.1,1840.54,93,880,0.326,1724.08
9,2024-03-10,электроника,1793.24,1834.44,86,914,0.396,1724.15
9,2024-03-11,электроника,1762.81,1771.78,107,396,0.151,1718.21
9,2024-03-12,электроника,1931.01,1934.7,83,740,0.165,1680.33
9,2024-03-13,электроника,1825.25,1874.59,76,174,0.253,1683.36
9,2024-03-14,электроника,1891.93,1848.55,112,398,0.394,1767.59
9,2024-03-15,электроника,1651.74,1530.83,113,104,0.364,1764.13
9,2024-03-16,электроника,1699.55,1670.72,103,59,0.192,1718.42
9,2024-03-17,электроника,1602.95,1592.45,114,256,0.181,1735.11
9,2024-03-18,электроника,1581.06,1631.32,95,361,0.275,1718.91
9,2024-03-19,электроника,1598.18,1513.74,106,976,0.364,1752.39
9,2024-03-20,электроника,1525.5,1689.06,122,559,0.119,1738.1
9,2024-03-21,электроника,1484.48,1362.83,129,103,0.225,1767.62
9,2024-03-22,электроника,1509.29,1579.86,102,300,0.369,1746.43
9,2024-03-23,электроника,1550.19,1594.48,100,512,0.326,1735.86
9,2024-03-24,электроника,1456.53,1354.74,120,399,0.193,1747.26
9,2024-03-25,электроника,1481.44,1515.77,101,435,0.166,1710.69
9,2024-03-26,электроника,1758.12,1782.27,100,448,0.326,1735.9
9,2024-03-27,электроника,1606.18,1624.75,94,522,0.136,1693.85
9,2024-03-28,электроника,1646.81,1537.02,110,692,0.323,1752.26
9,2024-03-29,электроника,1530.74,1569.84,109,327,0.17,1724.8
9,2024-03-30,электроника,1660.36,1654.99,97,27,0.236,1715.69
10,2024-01-01,аксессуары,3845.7,4080.08,96,257,0.196,3885.68
10,2024-01-02,аксессуары,3901.19,3706.13,107,515,0.262,3952.75
10,2024-01-03,аксессуары,4036.7,3972.11,81,700,0.105,3793.58
10,2024-01-04,аксессуары,3951.87,3965.13,85,976,0.156,3828.26
10,2024-01-05,аксессуары,3771.43,3825.56,81,543,0.393,3903.67
10,2024-01-06,аксессуары,3922.25,3992.57,103,563,0.132,3887.91
10,2024-01-07,аксессуары,3987.71,3866.21,89,119,0.375,3927.2
10,2024-01-08,аксессуары,4112.2,3999.28,105,578,0.121,3891.4
10,2024-01-09,аксессуары,4241.04,4390.63,91,501,0.232,3880.25
10,2024-01-10,аксессуары,4110.88,3940.81,96,997,0.331,3937.18
10,2024-01-11,аксессуары,4034.96,3932.71,88,461,0.326,3904.86
10,2024-01-12,аксессуары,3830.41,4075.64,80,11,0.15,3806.89
10,2024-01-13,аксессуары,4057.43,3831.49,106,349,0.299,3963.26
10,2024-01-14,аксессуары,4136.63,4108.68,83,220,0.213,3842.44
10,2024-01-15,аксессуары,3809.14,3798.28,99,984,0.31,3940.64
10,2024-01-16,аксессуары,3904.75,3908.62,116,899,0.133,3937.86
10,2024-01-17,аксессуары,3737.78,3758.73,95,88,0.289,3917.19
10,2024-01-18,аксессуары,3894.44,3804.48,121,690,0.375,4049.84
10,2024-01-19,аксессуары,3654.4,3753.32,89,745,0.378,3928.4
10,2024-01-20,аксессуары,3329.64,3460.41,113,679,0.344,4007.38
10,2024-01-21,аксессуары,3309.39,3273.78,108,691,0.269,3959.56
10,2024-01-22,аксессуары,3326.27,3342.13,119,41,0.209,3978.47
10,2024-01-23,аксессуары,3352.18,3413.43,124,139,0.213,3999.4
10,2024-01-24,аксессуары,3417.66,3121.5,123,610,0.305,4030.66
10,2024-01-25,аксессуары,3392.13,3374.76,97,175,0.161,3875.89
10,2024-01-26,аксессуары,3607.7,3443.7,112,618,0.127,3920.38
10,2024-01-27,аксессуары,3338.57,3333.35,117,126,0.271,3994.68
10,2024-01-28,аксессуары,3560.19,3749.47,108,350,0.264,3957.52
10,2024-01-29,аксессуары,3697.06,3811.39,86,505,0.19,3845.21
10,2024-01-30,аксессуары,3776.55,3628.4,109,23,0.328,3985.81
10,2024-01-31,аксессуары,3898.84,3883.24,104,116,0.116,3885.73
10,2024-02-01,аксессуары,4194.21,4193.23,70,997,0.168,3775.45
10,2024-02-02,аксессуары,4039.24,4059.39,75,101,0.287,3840.17
10,2024-02-03,аксессуары,3880.48,3830.58,104,819,0.266,3943.01
10,2024-02-04,аксессуары,3994.94,3794.08,112,58,0.355,4007.47
10,2024-02-05,аксессуары,3978.16,4115.17,86,894,0.28,3879.63
10,2024-02-06,аксессуары,4296.91,4065.17,90,127,0.302,3903.24
10,2024-02-07,аксессуары,4198.45,4383.79,82,869,0.286,3866.37
10,2024-02-08,аксессуары,4608.59,4579.19,76,343,0.188,3805.85
10,2024-02-09,аксессуары,4142.46,4129.09,108,584,0.132,3906.96
10,2024-02-10,аксессуары,3704.85,3786.52,113,570,0.369,4016.97
10,2024-02-11,аксессуары,4197.15,4410.12,86,737,0.304,3888.73
10,2024-02-12,аксессуары,4077.09,4316.9,80,755,0.393,3899.82
10,2024-02-13,аксессуары,3962.34,4048.73,82,263,0.142,3811.19
10,2024-02-14,аксессуары,4029.89,4079.7,93,817,0.331,3925.74
10,2024-02-15,аксессуары,3964.16,3971.05,100,683,0.381,3971.69
10,2024-02-16,аксессуары,3623.8,4043.62,97,382,0.218,3897.87
10,2024-02-17,аксессуары,3877.74,4011.41,94,783,0.162,3864.97
10,2024-02-18,аксессуары,3864.02,3738.14,110,590,0.312,3983.53
10,2024-02-19,аксессуары,3437.86,3688.55,109,102,0.186,3931.48
10,2024-02-20,аксессуары,3813.48,3827.43,105,627,0.3,3959.85
10,2024-02-21,аксессуары,3621.92,3689.49,102,23,0.309,3951.73
10,2024-02-22,аксессуары,3696.83,3711.95,104,744,0.26,3940.59
10,2024-02-23,аксессуары,3411.68,3642.99,117,406,0.312,4010.41
10,2024-02-24,аксессуары,3570.36,3604.91,95,21,0.329,3932.53
10,2024-02-25,аксессуары,3536.62,3390.34,115,316,0.246,3977.48
10,2024-02-26,аксессуары,3238.18,3162.08,121,478,0.342,4036.93
10,2024-02-27,аксессуары,3474.38,3695.15,95,447,0.325,3931.12
10,2024-02-28,аксессуары,3603.03,3636.94,89,419,0.321,3906.69
10,2024-02-29,аксессуары,3593.13,3589.71,100,565,0.356,3961.99
10,2024-03-01,аксессуары,3711.56,3730.96,114,926,0.255,3977.19
10,2024-03-02,аксессуары,3676.02,3519.14,113,993,0.243,3968.47
10,2024-03-03,аксессуары,4115.72,4206.81,101,307,0.158,3890.37
10,2024-03-04,аксессуары,4022.28,4203.1,90,553,0.394,3938.53
10,2024-03-05,аксессуары,4387.3,4368.08,71,352,0.135,3766.76
10,2024-03-06,аксессуары,3798.14,3789.07,95,222,0.175,3873.84
10,2024-03-07,аксессуары,4146.72,4050.03,104,767,0.296,3954.51
10,2024-03-08,аксессуары,4268.33,4407.4,69,551,0.21,3787.67
10,2024-03-09,аксессуары,4248.0,4210.51,92,817,0.255,3892.93
10,2024-03-10,аксессуары,4384.15,4436.66,92,871,0.245,3888.89
10,2024-03-11,аксессуары,4002.41,4112.22,97,830,0.134,3865.7
10,2024-03-12,аксессуары,4067.86,4088.87,80,419,0.264,3850.37
10,2024-03-13,аксессуары,3903.42,3762.23,103,259,0.326,3961.93
10,2024-03-14,аксессуары,4200.51,4228.0,93,603,0.213,3880.66
10,2024-03-15,аксессуары,3764.27,3785.07,105,97,0.204,3923.0
10,2024-03-16,аксессуары,3863.18,3810.12,104,406,0.295,3953.93
10,2024-03-17,аксессуары,3794.25,3887.11,94,371,0.243,3895.89
10,2024-03-18,аксессуары,3523.48,3412.67,127,364,0.19,4002.01
10,2024-03-19,аксессуары,3710.45,3629.57,89,35,0.383,3930.46
10,2024-03-20,аксессуары,3513.87,3512.42,109,246,0.144,3915.59
10,2024-03-21,аксессуары,3439.09,3397.59,107,345,0.343,3983.76
10,2024-03-22,аксессуары,3743.52,3569.94,97,362,0.126,3862.64
10,2024-03-23,аксессуары,3609.85,3619.01,116,206,0.393,4037.52
10,2024-03-24,аксессуары,3371.32,3344.71,99,374,0.303,3938.0
10,2024-03-25,аксессуары,3568.91,3548.92,98,577,0.288,3928.54
10,2024-03-26,аксессуары,3261.44,3162.39,101,191,0.185,3900.45
10,2024-03-27,аксессуары,3800.05,3901.76,97,429,0.289,3924.87
10,2024-03-28,аксессуары,3647.54,3760.47,105,948,0.384,3992.07
10,2024-03-29,аксессуары,3540.94,3415.33,104,434,0.14,3894.78
10,2024-03-30,аксессуары,4017.67,3924.99,87,345,0.118,3821.14
11,2024-01-01,бытовая техника,1984.54,1919.98,98,767,0.146,1872.9
11,2024-01-02,бытовая техника,1985.82,2079.28,97,159,0.123,1866.93
11,2024-01-03,бытовая техника,1983.75,1893.66,98,753,0.298,1901.18
11,2024-01-04,бытовая техника,1952.21,1946.06,90,177,0.193,1866.92
11,2024-01-05,бытовая техника,2094.35,2096.96,64,706,0.339,1845.86
11,2024-01-06,бытовая техника,1962.47,1955.21,105,969,0.188,1893.79
11,2024-01-07,бытовая техника,2175.33,2166.75,90,763,0.244,1876.35
11,2024-01-08,бытовая техника,2071.68,2076.46,80,833,0.318,1871.52
11,2024-01-09,бытовая техника,2004.62,2027.94,84,926,0.187,1854.73
11,2024-01-10,бытовая техника,2111.73,2175.33,81,423,0.285,1867.17
11,2024-01-11,бытовая техника,2014.81,1941.92,93,715,0.203,1874.27
11,2024-01-12,бытовая техника,1925.07,1924.55,99,982,0.116,1869.24
11,2024-01-13,бытовая техника,1807.59,1789.23,116,414,0.129,1903.14
11,2024-01-14,бытовая техника,1835.79,1781.84,113,94,0.33,1934.72
11,2024-01-15,бытовая техника,1950.6,1943.24,76,315,0.103,1824.37
11,2024-01-16,бытовая техника,1815.52,1837.48,103,230,0.338,1917.68
11,2024-01-17,бытовая техника,1894.12,1895.29,96,101,0.378,1912.21
11,2024-01-18,бытовая техника,1912.79,1913.39,102,925,0.264,1902.25
11,2024-01-19,бытовая техника,1712.11,1740.59,85,66,0.184,1855.92
11,2024-01-20,бытовая техника,1682.88,1689.01,102,754,0.234,1896.71
11,2024-01-21,бытовая техника,1613.22,1687.22,127,207,0.2,1936.7
11,2024-01-22,бытовая техника,1651.77,1698.76,109,858,0.288,1919.52
11,2024-01-23,бытовая техника,1682.25,1706.39,127,324,0.261,1947.95
11,2024-01-24,бытовая техника,1780.84,1883.86,93,538,0.164,1867.06
11,2024-01-25,бытовая техника,1715.15,1698.06,103,846,0.255,1902.32
11,2024-01-26,бытовая техника,1661.91,1733.31,100,620,0.104,1868.94
11,2024-01-27,бытовая техника,1728.63,1612.11,106,669,0.171,1892.5
11,2024-01-28,бытовая техника,1842.54,1843.94,84,56,0.143,1846.55
11,2024-01-29,бытовая техника,1730.56,1704.5,120,937,0.271,1936.87
11,2024-01-30,бытовая техника,1815.43,1874.08,100,831,0.378,1919.55
11,2024-01-31,бытовая техника,1747.19,1835.64,96,402,0.36,1908.89
11,2024-02-01,бытовая техника,1831.8,1873.95,95,477,0.197,1876.85
11,2024-02-02,бытовая техника,1874.64,1832.35,97,320,0.115,1865.37
11,2024-02-03,бытовая техника,1918.57,1831.26,88,706,0.114,1848.64
11,2024-02-04,бытовая техника,1994.43,2003.71,106,472,0.273,1911.27
11,2024-02-05,бытовая техника,2016.97,2081.3,97,261,0.214,1883.77
11,2024-02-06,бытовая техника,2002.48,2002.37,95,188,0.163,1870.64
11,2024-02-07,бытовая техника,2033.14,2025.42,102,972,0.381,1923.92
11,2024-02-08,бытовая техника,1963.67,1983.19,92,666,0.286,1887.8
11,2024-02-09,бытовая техника,1954.59,1896.04,98,240,0.315,1904.18
11,2024-02-10,бытовая техника,2093.96,2049.6,77,495,0.393,1879.82
11,2024-02-11,бытовая техника,1989.82,1926.71,86,629,0.23,1866.27
11,2024-02-12,бытовая техника,1979.07,1958.53,88,858,0.31,1884.91
11,2024-02-13,бытовая техника,1863.87,1862.77,98,829,0.153,1874.25
11,2024-02-14,бытовая техника,1872.88,1932.96,106,979,0.147,1887.95
11,2024-02-15,бытовая техника,2080.79,2104.21,101,182,0.101,1870.14
11,2024-02-16,бытовая техника,1823.3,1728.49,98,915,0.29,1899.53
11,2024-02-17,бытовая техника,1825.21,1788.92,103,596,0.235,1898.66
11,2024-02-18,бытовая техника,1778.48,1767.82,107,747,0.177,1895.45
11,2024-02-19,бытовая техника,1633.64,1572.62,113,666,0.237,1917.48
11,2024-02-20,бытовая техника,1642.94,1594.96,98,223,0.289,1899.35
11,2024-02-21,бытовая техника,1758.21,1728.71,105,593,0.273,1909.47
11,2024-02-22,бытовая техника,1610.55,1726.96,101,175,0.126,1874.76
11,2024-02-23,бытовая техника,1668.72,1668.59,120,841,0.264,1935.44
11,2024-02-24,бытовая техника,1711.08,1668.26,104,831,0.276,1908.04
11,2024-02-25,бытовая техника,1730.05,1901.66,82,918,0.24,1860.81
11,2024-02-26,бытовая техника,1739.53,1696.44,109,801,0.293,1920.51
11,2024-02-27,бытовая техника,1757.26,1812.51,86,931,0.177,1856.57
11,2024-02-28,бытовая техника,1736.88,1702.65,113,747,0.391,1946.02
11,2024-02-29,бытовая техника,1797.41,1823.08,70,156,0.321,1853.53
11,2024-03-01,бытовая техника,1927.34,1852.01,90,381,0.296,1885.99
11,2024-03-02,бытовая техника,1798.97,1773.28,90,111,0.393,1903.82
11,2024-03-03,бытовая техника,2047.95,2121.26,88,624,0.33,1888.59
11,2024-03-04,бытовая техника,1877.78,1906.9,111,712,0.209,1908.63
11,2024-03-05,бытовая техника,2037.17,2085.78,80,267,0.239,1856.91
11,2024-03-06,бытовая техника,2004.22,1965.69,78,94,0.12,1831.15
11,2024-03-07,бытовая техника,2019.3,2032.06,68,710,0.325,1850.58
11,2024-03-08,бытовая техника,2002.65,1943.46,105,35,0.195,1894.94
11,2024-03-09,бытовая техника,2066.04,2019.19,91,957,0.315,1891.25
11,2024-03-10,бытовая техника,1980.94,2042.0,89,164,0.346,1893.4
11,2024-03-11,бытовая техника,1966.74,1882.79,101,841,0.2,1888.56
11,2024-03-12,бытовая техника,1841.14,1881.09,84,862,0.328,1880.76
11,2024-03-13,бытовая техника,1779.29,1737.04,97,675,0.326,1904.42
11,2024-03-14,бытовая техника,1934.15,1969.72,97,374,0.155,1872.85
11,2024-03-15,бытовая техника,1899.61,1864.88,100,23,0.399,1923.58
11,2024-03-16,бытовая техника,1794.81,1696.01,111,612,0.182,1903.74
11,2024-03-17,бытовая техника,1921.15,2023.77,99,656,0.307,1904.59
11,2024-03-18,бытовая техника,1881.99,1936.61,84,843,0.303,1876.11
11,2024-03-19,бытовая техника,1634.94,1660.78,128,587,0.121,1923.9
11,2024-03-20,бытовая техника,1827.2,1886.43,103,671,0.324,1915.21
11,2024-03-21,бытовая техника,1646.84,1688.83,94,906,0.11,1858.91
11,2024-03-22,бытовая техника,1771.24,1807.64,109,225,0.171,1897.89
11,2024-03-23,бытовая техника,1745.63,1744.98,101,556,0.393,1924.19
11,2024-03-24,бытовая техника,1631.19,1593.83,107,580,0.294,1916.97
11,2024-03-25,бытовая техника,1619.26,1593.81,122,856,0.248,1936.25
11,2024-03-26,бытовая техника,1844.63,1752.22,102,58,0.369,1921.59
11,2024-03-27,бытовая техника,1739.35,1698.13,107,685,0.157,1891.68
11,2024-03-28,бытовая техника,1786.19,1638.02,129,556,0.191,1938.67
11,2024-03-29,бытовая техника,1757.99,1707.34,103,543,0.236,1898.83
11,2024-03-30,бытовая техника,1843.04,1883.15,103,365,0.15,1882.99
12,2024-01-01,электроника,4360.53,4272.44,105,197,0.271,4806.2
12,2024-01-02,электроника,4465.22,4535.19,93,247,0.24,4736.01
12,2024-01-03,электроника,4598.44,4699.27,90,132,0.373,4783.95
12,2024-01-04,электроника,4759.44,4972.28,79,400,0.165,4635.99
12,2024-01-05,электроника,5034.35,4925.84,93,180,0.152,4695.18
12,2024-01-06,электроника,4847.81,4899.53,100,938,0.242,4769.59
12,2024-01-07,электроника,5012.95,5098.48,77,691,0.108,4600.18
12,2024-01-08,электроника,4866.09,5068.64,76,450,0.129,4604.95
12,2024-01-09,электроника,5310.57,5332.64,102,61,0.375,4840.62
12,2024-01-10,электроника,4905.27,5108.14,90,383,0.397,4794.89
12,2024-01-11,электроника,4942.0,4916.83,96,123,0.182,4722.69
12,2024-01-12,электроника,5405.36,5342.66,96,807,0.128,4697.66
12,2024-01-13,электроника,4590.5,4337.44,125,752,0.396,4957.55
12,2024-01-14,электроника,4876.4,4797.27,105,454,0.143,4746.71
12,2024-01-15,электроника,5047.63,5170.12,82,854,0.353,4737.3
12,2024-01-16,электроника,4834.75,5082.88,86,777,0.395,4775.6
12,2024-01-17,электроника,4862.37,4762.48,86,895,0.26,4712.88
12,2024-01-18,электроника,4467.41,4466.27,105,135,0.358,4846.64
12,2024-01-19,электроника,4118.76,3894.36,106,363,0.225,4789.61
12,2024-01-20,электроника,4505.45,4403.01,98,264,0.152,4718.18
12,2024-01-21,электроника,4461.9,4501.83,112,852,0.329,4865.75
12,2024-01-22,электроника,4503.3,4511.11,100,711,0.258,4776.73
12,2024-01-23,электроника,4341.47,4235.15,102,238,0.32,4814.97
12,2024-01-24,электроника,4295.52,4389.36,100,547,0.153,4728.21
12,2024-01-25,электроника,4027.88,3751.2,120,142,0.177,4832.58
12,2024-01-26,электроника,4086.41,4140.39,119,800,0.116,4799.23
12,2024-01-27,электроника,4243.73,4261.93,111,938,0.244,4821.67
12,2024-01-28,электроника,4505.9,4892.72,88,378,0.361,4768.87
12,2024-01-29,электроника,4835.4,4930.18,86,455,0.174,4672.51
12,2024-01-30,электроника,4607.49,4572.75,108,783,0.246,4808.63
12,2024-01-31,электроника,4699.29,4780.18,96,113,0.13,4698.58
12,2024-02-01,электроника,4971.02,4843.83,117,510,0.191,4824.77
12,2024-02-02,электроника,4835.59,4745.43,94,452,0.3,4768.52
12,2024-02-03,электроника,4911.68,5002.81,76,332,0.229,4651.65
12,2024-02-04,электроника,5111.88,5109.07,90,302,0.174,4691.48
12,2024-02-05,электроника,4839.73,4965.12,104,183,0.354,4840.13
12,2024-02-06,электроника,5004.89,5021.67,84,681,0.202,4676.57
12,2024-02-07,электроника,5057.0,5189.9,93,803,0.394,4807.71
12,2024-02-08,электроника,5416.81,5527.3,89,815,0.331,4759.67
12,2024-02-09,электроника,5160.93,5105.27,102,371,0.142,4732.13
12,2024-02-10,электроника,4931.68,4935.05,96,388,0.126,4696.94
12,2024-02-11,электроника,4868.09,4783.1,103,735,0.39,4852.59
12,2024-02-12,электроника,4994.28,4814.39,100,432,0.294,4793.49
12,2024-02-13,электроника,4822.71,4827.97,93,748,0.115,4677.68
12,2024-02-14,электроника,4362.35,4509.68,111,669,0.305,4850.2
12,2024-02-15,электроника,4790.69,5013.19,92,463,0.197,4711.29
12,2024-02-16,электроника,4595.17,4779.76,93,569,0.147,4692.72
12,2024-02-17,электроника,4572.07,4575.16,107,270,0.275,4817.67
12,2024-02-18,электроника,4450.48,4324.63,113,225,0.264,4840.3
12,2024-02-19,электроника,4404.28,4282.98,109,341,0.189,4786.75
12,2024-02-20,электроника,4280.17,4305.43,106,507,0.105,4733.52
12,2024-02-21,электроника,4026.52,4087.56,113,536,0.17,4796.54
12,2024-02-22,электроника,3897.96,3991.4,121,314,0.216,4854.95
12,2024-02-23,электроника,4283.12,4206.7,108,320,0.228,4800.34
12,2024-02-24,электроника,4329.58,4212.09,105,442,0.124,4737.67
12,2024-02-25,электроника,4315.31,4299.38,93,986,0.208,4720.88
12,2024-02-26,электроника,4888.13,5008.27,86,475,0.247,4706.66
12,2024-02-27,электроника,4641.12,4680.11,102,539,0.276,4794.8
12,2024-02-28,электроника,4498.2,4533.74,108,930,0.132,4755.54
12,2024-02-29,электроника,5116.82,4993.25,87,774,0.234,4705.32
12,2024-03-01,электроника,4811.52,4669.73,95,533,0.19,4721.78
12,2024-03-02,электроника,4909.7,4742.4,110,794,0.155,4775.69
12,2024-03-03,электроника,4429.01,4426.24,101,446,0.106,4710.97
12,2024-03-04,электроника,4972.85,5172.25,84,576,0.269,4707.61
12,2024-03-05,электроника,5156.4,5044.09,94,823,0.346,4790.1
12,2024-03-06,электроника,5002.39,4819.82,93,806,0.138,4688.45
12,2024-03-07,электроника,5092.97,4907.38,101,347,0.138,4725.79
12,2024-03-08,электроника,5073.62,5071.74,99,236,0.397,4836.89
12,2024-03-09,электроника,5322.2,5156.47,95,109,0.318,4781.71
12,2024-03-10,электроника,5243.98,5274.29,77,948,0.213,4648.78
12,2024-03-11,электроника,5117.78,5341.48,83,827,0.134,4639.84
12,2024-03-12,электроника,4797.52,4813.07,108,933,0.208,4791.14
12,2024-03-13,электроника,4799.69,4866.66,69,914,0.384,4691.18
12,2024-03-14,электроника,5439.71,5604.78,103,702,0.317,4818.59
12,2024-03-15,электроника,5224.03,5232.43,94,24,0.141,4694.43
12,2024-03-16,электроника,4473.76,4435.2,107,489,0.175,4770.74
12,2024-03-17,электроника,4242.11,4142.85,85,380,0.27,4712.65
12,2024-03-18,электроника,4395.88,4209.19,119,977,0.288,4879.27
12,2024-03-19,электроника,5099.49,5289.5,73,246,0.199,4623.96
12,2024-03-20,электроника,4364.95,4373.66,124,489,0.135,4831.37
12,2024-03-21,электроника,4389.51,4475.27,96,859,0.128,4697.66
12,2024-03-22,электроника,4117.42,4114.43,111,689,0.381,4885.55
12,2024-03-23,электроника,3995.19,4061.6,119,322,0.387,4925.26
12,2024-03-24,электроника,4083.26,4090.74,121,755,0.127,4813.78
12,2024-03-25,электроника,3978.03,3742.32,119,246,0.308,4888.59
12,2024-03-26,электроника,4100.43,4058.66,107,337,0.21,4787.17
12,2024-03-27,электроника,4071.5,4019.36,120,101,0.343,4909.57
12,2024-03-28,электроника,4599.2,4530.44,101,62,0.136,4724.97
12,2024-03-29,электроника,4777.54,4517.55,104,744,0.215,4775.6
12,2024-03-30,электроника,4759.42,4617.85,82,480,0.368,4744.43
13,2024-01-01,бытовая техника,4807.15,4684.42,72,50,0.15,4578.78
13,2024-01-02,бытовая техника,4737.63,4828.49,104,629,0.267,4781.51
13,2024-01-03,бытовая техника,4752.86,4835.6,88,333,0.265,4706.32
13,2024-01-04,бытовая техника,4833.19,5046.75,102,727,0.165,4724.72
13,2024-01-05,бытовая техника,4984.55,5155.73,98,231,0.301,4769.54
13,2024-01-06,бытовая техника,4716.07,4636.46,119,723,0.277,4855.83
13,2024-01-07,бытовая техника,4788.22,4897.75,104,245,0.262,4779.33
13,2024-01-08,бытовая техника,5006.85,5012.59,106,266,0.314,4812.61
13,2024-01-09,бытовая техника,5176.25,4982.9,90,578,0.126,4650.92
13,2024-01-10,бытовая техника,5326.16,5473.95,73,763,0.386,4692.65
13,2024-01-11,бытовая техника,5226.56,5171.98,85,960,0.311,4713.59
13,2024-01-12,бытовая техника,5176.6,5164.89,88,697,0.233,4691.39
13,2024-01-13,бытовая техника,5266.34,5255.06,76,228,0.104,4576.0
13,2024-01-14,бытовая техника,4343.92,4515.3,85,904,0.209,4666.22
13,2024-01-15,бытовая техника,5209.4,5249.8,77,453,0.158,4605.82
13,2024-01-16,бытовая техника,4416.36,4160.54,116,206,0.109,4763.76
13,2024-01-17,бытовая техника,4587.29,4920.2,72,311,0.233,4617.12
13,2024-01-18,бытовая техника,4608.85,4437.8,115,916,0.24,4819.99
13,2024-01-19,бытовая техника,4438.91,4686.98,82,833,0.15,4625.37
13,2024-01-20,бытовая техника,4307.14,4283.15,94,807,0.299,4750.15
13,2024-01-21,бытовая техника,4308.93,4210.31,120,829,0.122,4788.41
13,2024-01-22,бытовая техника,4317.01,4539.46,109,112,0.255,4799.33
13,2024-01-23,бытовая техника,4195.47,4124.25,90,342,0.302,4732.81
13,2024-01-24,бытовая техника,4651.39,4643.33,92,666,0.262,4723.72
13,2024-01-25,бытовая техника,3881.63,3982.65,119,753,0.251,4843.7
13,2024-01-26,бытовая техника,4512.56,4580.9,111,722,0.158,4763.3
13,2024-01-27,бытовая техника,4668.06,4802.49,114,630,0.348,4865.58
13,2024-01-28,бытовая техника,4415.76,4515.37,126,866,0.294,4895.92
13,2024-01-29,бытовая техника,4522.28,4594.9,103,688,0.184,4738.31
13,2024-01-30,бытовая техника,4543.62,4426.44,105,986,0.318,4809.87
13,2024-01-31,бытовая техника,4415.21,4465.18,123,676,0.199,4838.02
13,2024-02-01,бытовая техника,4313.7,4469.83,101,890,0.265,4766.47
13,2024-02-02,бытовая техника,4915.01,5101.74,91,385,0.199,4689.5
13,2024-02-03,бытовая техника,4981.88,4999.89,72,626,0.324,4659.68
13,2024-02-04,бытовая техника,4841.23,4756.57,94,944,0.227,4716.74
13,2024-02-05,бытовая техника,4991.6,5095.1,88,411,0.339,4740.76
13,2024-02-06,бытовая техника,5208.48,5162.7,84,191,0.131,4625.55
13,2024-02-07,бытовая техника,4898.35,4798.23,111,866,0.18,4773.83
13,2024-02-08,бытовая техника,5468.84,5559.48,95,925,0.266,4739.18
13,2024-02-09,бытовая техника,5100.07,4858.82,97,201,0.176,4706.67
13,2024-02-10,бытовая техника,4785.28,4864.95,84,644,0.266,4688.01
13,2024-02-11,бытовая техника,5439.09,5185.69,81,567,0.28,4680.9
13,2024-02-12,бытовая техника,4941.09,4906.27,101,122,0.18,4727.01
13,2024-02-13,бытовая техника,4578.66,4622.23,101,403,0.246,4757.84
13,2024-02-14,бытовая техника,4919.08,4982.39,79,186,0.33,4694.69
13,2024-02-15,бытовая техника,4456.2,4599.37,105,879,0.339,4819.5
13,2024-02-16,бытовая техника,5018.78,5108.45,96,881,0.258,4740.41
13,2024-02-17,бытовая техника,4767.2,4801.53,86,603,0.208,4670.58
13,2024-02-18,бытовая техника,4458.82,4447.72,100,701,0.215,4738.84
13,2024-02-19,бытовая техника,4167.07,4399.95,99,405,0.12,4689.98
13,2024-02-20,бытовая техника,4004.97,4114.66,100,637,0.212,4737.21
13,2024-02-21,бытовая техника,3710.09,3619.58,128,234,0.395,4952.21
13,2024-02-22,бытовая техника,3881.53,4013.54,96,604,0.305,4761.98
13,2024-02-23,бытовая техника,4284.76,4339.4,110,680,0.356,4850.79
13,2024-02-24,бытовая техника,4510.63,4609.72,102,555,0.168,4726.14
13,2024-02-25,бытовая техника,3900.84,3988.81,107,25,0.303,4812.03
13,2024-02-26,бытовая техника,4352.86,4415.19,101,913,0.352,4807.23
13,2024-02-27,бытовая техника,4410.46,4536.82,103,993,0.198,4744.76
13,2024-02-28,бытовая техника,4450.16,4604.28,102,333,0.157,4720.97
13,2024-02-29,бытовая техника,4478.55,4473.08,86,162,0.309,4717.42
13,2024-03-01,бытовая техника,4372.81,4478.76,112,458,0.257,4813.75
13,2024-03-02,бытовая техника,4929.34,4916.54,94,475,0.108,4661.23
13,2024-03-03,бытовая техника,4929.77,4686.17,101,518,0.155,4715.68
13,2024-03-04,бытовая техника,5133.13,4973.24,95,685,0.346,4776.21
13,2024-03-05,бытовая техника,5059.87,4947.75,105,688,0.102,4709.47
13,2024-03-06,бытовая техника,4858.29,4888.72,90,793,0.118,4647.42
13,2024-03-07,бытовая техника,5234.93,5207.94,108,75,0.322,4825.5
13,2024-03-08,бытовая техника,5109.67,5145.08,82,567,0.202,4649.23
13,2024-03-09,бытовая техника,4873.43,5013.47,84,855,0.19,4653.22
13,2024-03-10,бытовая техника,4781.99,4925.26,90,615,0.217,4693.39
13,2024-03-11,бытовая техника,5111.03,5139.24,108,864,0.21,4773.51
13,2024-03-12,бытовая техника,4517.43,4532.08,116,211,0.178,4795.64
13,2024-03-13,бытовая техника,4764.85,4846.42,97,814,0.111,4676.6
13,2024-03-14,бытовая техника,4648.51,4689.0,93,609,0.277,4735.12
13,2024-03-15,бытовая техника,4423.87,4375.55,108,975,0.246,4790.08
13,2024-03-16,бытовая техника,4193.46,4377.27,107,557,0.186,4757.71
13,2024-03-17,бытовая техника,4494.83,4415.17,100,301,0.142,4704.72
13,2024-03-18,бытовая техника,4823.56,4866.4,115,323,0.121,4764.69
13,2024-03-19,бытовая техника,4884.39,4760.89,91,395,0.327,4748.97
13,2024-03-20,бытовая техника,3944.97,3941.24,129,332,0.127,4832.58
13,2024-03-21,бытовая техника,3836.43,3833.92,108,66,0.358,4842.12
13,2024-03-22,бытовая техника,4338.14,4203.73,103,881,0.276,4780.87
13,2024-03-23,бытовая техника,3902.11,3912.1,116,74,0.272,4839.33
13,2024-03-24,бытовая техника,4123.28,3848.46,109,157,0.339,4837.98
13,2024-03-25,бытовая техника,4091.47,4062.44,110,650,0.139,4749.98
13,2024-03-26,бытовая техника,4390.72,4542.71,96,462,0.112,4672.7
13,2024-03-27,бытовая техника,4355.48,4525.58,107,447,0.267,4795.21
13,2024-03-28,бытовая техника,4924.52,5218.79,91,506,0.326,4748.41
13,2024-03-29,бытовая техника,4453.45,4401.18,81,51,0.206,4646.26
13,2024-03-30,бытовая техника,4709.1,4601.12,101,196,0.341,4801.86
14,2024-01-01,бытовая техника,2401.48,2497.94,102,65,0.283,2440.45
14,2024-01-02,бытовая техника,2562.93,2455.02,87,385,0.324,2414.54
14,2024-01-03,бытовая техника,2287.82,2222.57,119,594,0.18,2456.35
14,2024-01-04,бытовая техника,2487.87,2431.9,89,566,0.13,2373.31
14,2024-01-05,бытовая техника,2635.24,2565.57,94,722,0.146,2389.09
14,2024-01-06,бытовая техника,2604.32,2532.42,101,473,0.187,2415.42
14,2024-01-07,бытовая техника,2561.69,2649.36,80,583,0.105,2346.22
14,2024-01-08,бытовая техника,2626.57,2706.84,87,248,0.238,2394.23
14,2024-01-09,бытовая техника,2487.65,2455.59,102,411,0.367,2460.24
14,2024-01-10,бытовая техника,2604.98,2525.21,91,579,0.134,2379.09
14,2024-01-11,бытовая техника,2702.22,2717.16,87,606,0.23,2392.4
14,2024-01-12,бытовая техника,2543.62,2502.35,97,329,0.191,2406.88
14,2024-01-13,бытовая техника,2653.04,2640.01,78,828,0.281,2383.02
14,2024-01-14,бытовая техника,2349.4,2507.44,110,173,0.17,2432.56
14,2024-01-15,бытовая техника,2376.81,2431.58,86,985,0.342,2416.53
14,2024-01-16,бытовая техника,2419.34,2476.18,78,688,0.207,2365.48
14,2024-01-17,бытовая техника,2392.88,2138.33,121,147,0.334,2497.41
14,2024-01-18,бытовая техника,2164.26,2022.27,128,275,0.191,2480.25
14,2024-01-19,бытовая техника,2036.16,1971.86,98,744,0.399,2458.56
14,2024-01-20,бытовая техника,2160.1,2133.82,106,875,0.117,2410.63
14,2024-01-21,бытовая техника,2135.58,2112.29,86,808,0.345,2417.34
14,2024-01-22,бытовая техника,1990.07,1899.24,122,719,0.116,2448.17
14,2024-01-23,бытовая техника,2003.28,1998.45,119,224,0.34,2494.23
14,2024-01-24,бытовая техника,2220.71,2161.97,116,359,0.159,2444.28
14,2024-01-25,бытовая техника,2221.53,2145.27,116,918,0.216,2457.81
14,2024-01-26,бытовая техника,2145.64,2178.56,106,334,0.147,2417.7
14,2024-01-27,бытовая техника,2352.66,2245.17,91,454,0.22,2399.56
14,2024-01-28,бытовая техника,1971.5,1956.27,128,368,0.373,2523.24
14,2024-01-29,бытовая техника,2401.68,2296.76,107,137,0.211,2435.26
14,2024-01-30,бытовая техника,2289.75,2321.69,98,168,0.123,2393.15
14,2024-01-31,бытовая техника,2144.51,2166.64,96,153,0.146,2393.71
14,2024-02-01,бытовая техника,2370.87,2335.82,85,808,0.286,2400.89
14,2024-02-02,бытовая техника,2572.65,2543.66,79,105,0.246,2377.13
14,2024-02-03,бытовая техника,2474.3,2556.63,93,952,0.38,2441.99
14,2024-02-04,бытовая техника,2477.16,2393.37,99,262,0.253,2426.28
14,2024-02-05,бытовая техника,2432.83,2522.32,92,279,0.248,2408.36
14,2024-02-06,бытовая техника,2421.43,2391.47,85,863,0.169,2373.25
14,2024-02-07,бытовая техника,2698.21,2727.95,88,711,0.371,2428.13
14,2024-02-08,бытовая техника,2628.94,2671.55,100,13,0.373,2457.09
14,2024-02-09,бытовая техника,2517.44,2421.53,115,949,0.36,2489.43
14,2024-02-10,бытовая техника,2608.83,2589.18,92,390,0.221,2402.05
14,2024-02-11,бытовая техника,2667.11,2762.19,93,777,0.359,2437.03
14,2024-02-12,бытовая техника,2527.16,2680.74,80,549,0.33,2399.44
14,2024-02-13,бытовая техника,2456.21,2316.41,101,579,0.278,2436.87
14,2024-02-14,бытовая техника,2398.76,2399.64,96,161,0.141,2392.59
14,2024-02-15,бытовая техника,2321.74,2351.09,97,633,0.337,2441.44
14,2024-02-16,бытовая техника,2357.23,2342.95,100,605,0.208,2417.93
14,2024-02-17,бытовая техника,2165.94,2305.2,107,72,0.213,2435.6
14,2024-02-18,бытовая техника,1991.09,1998.15,113,800,0.353,2483.03
14,2024-02-19,бытовая техника,2314.75,2414.75,85,208,0.134,2364.82
14,2024-02-20,бытовая техника,2179.81,2126.06,120,949,0.231,2470.72
14,2024-02-21,бытовая техника,2190.74,2240.71,110,959,0.14,2425.46
14,2024-02-22,бытовая техника,2145.42,2291.84,94,82,0.353,2438.02
14,2024-02-23,бытовая техника,2289.85,2245.06,87,866,0.341,2418.76
14,2024-02-24,бытовая техника,2260.89,2234.84,100,140,0.125,2398.29
14,2024-02-25,бытовая техника,2296.12,2305.76,109,370,0.237,2446.06
14,2024-02-26,бытовая техника,2296.53,2336.5,108,980,0.349,2470.38
14,2024-02-27,бытовая техника,2089.34,2040.65,126,358,0.204,2478.54
14,2024-02-28,бытовая техника,2136.68,2193.66,122,772,0.36,2505.99
14,2024-02-29,бытовая техника,2413.01,2400.27,97,828,0.368,2448.8
14,2024-03-01,бытовая техника,2457.53,2397.15,106,662,0.281,2449.48
14,2024-03-02,бытовая техника,2367.3,2326.26,101,631,0.285,2438.57
14,2024-03-03,бытовая техника,2393.0,2448.46,89,980,0.351,2425.72
14,2024-03-04,бытовая техника,2758.65,2732.7,67,238,0.359,2375.52
14,2024-03-05,бытовая техника,2615.86,2505.86,90,315,0.38,2434.95
14,2024-03-06,бытовая техника,2574.35,2677.48,79,698,0.339,2399.13
14,2024-03-07,бытовая техника,2575.3,2497.51,89,156,0.245,2400.69
14,2024-03-08,бытовая техника,2708.65,2634.35,88,298,0.237,2396.28
14,2024-03-09,бытовая техника,2353.21,2440.91,93,952,0.303,2423.9
14,2024-03-10,бытовая техника,2590.73,2558.97,95,192,0.201,2404.53
14,2024-03-11,бытовая техника,2408.85,2365.88,100,337,0.23,2423.09
14,2024-03-12,бытовая техника,2640.03,2592.55,92,371,0.342,2430.66
14,2024-03-13,бытовая техника,2530.93,2603.69,80,203,0.294,2391.04
14,2024-03-14,бытовая техника,2189.99,2081.96,121,306,0.398,2512.78
14,2024-03-15,бытовая техника,2610.89,2602.74,84,659,0.278,2396.57
14,2024-03-16,бытовая техника,2361.51,2390.61,96,113,0.196,2405.74
14,2024-03-17,бытовая техника,2249.37,2180.05,128,531,0.364,2521.32
14,2024-03-18,бытовая техника,2251.18,2366.29,93,640,0.132,2383.25
14,2024-03-19,бытовая техника,2126.1,2160.3,102,760,0.12,2401.78
14,2024-03-20,бытовая техника,2313.63,2360.5,118,456,0.332,2489.92
14,2024-03-21,бытовая техника,2341.4,2338.34,93,682,0.121,2380.79
14,2024-03-22,бытовая техника,2162.09,2095.55,99,884,0.326,2443.46
14,2024-03-23,бытовая техника,2146.43,2207.2,122,95,0.322,2496.95
14,2024-03-24,бытовая техника,2152.39,2175.69,117,848,0.321,2484.95
14,2024-03-25,бытовая техника,2222.92,2306.68,128,811,0.38,2525.03
14,2024-03-26,бытовая техника,2044.37,2112.12,119,783,0.252,2473.3
14,2024-03-27,бытовая техника,2166.12,2131.4,97,990,0.367,2448.52
14,2024-03-28,бытовая техника,2315.18,2371.06,94,116,0.196,2400.78
14,2024-03-29,бытовая техника,2162.87,2234.32,103,219,0.289,2444.18
14,2024-03-30,бытовая техника,2334.91,2411.1,108,644,0.287,2455.67
15,2024-01-01,бытовая техника,1046.24,1019.79,116,796,0.342,1149.12
15,2024-01-02,бытовая техника,1114.48,1089.42,97,694,0.398,1134.37
15,2024-01-03,бытовая техника,1100.08,1121.71,81,53,0.14,1088.73
15,2024-01-04,бытовая техника,1158.94,1153.84,74,418,0.377,1106.92
15,2024-01-05,бытовая техника,1080.81,1124.6,122,108,0.134,1132.88
15,2024-01-06,бытовая техника,1191.43,1217.58,96,249,0.344,1127.4
15,2024-01-07,бытовая техника,1138.9,1142.93,94,995,0.362,1127.26
15,2024-01-08,бытовая техника,1230.8,1228.03,68,744,0.222,1083.43
15,2024-01-09,бытовая техника,1271.64,1255.31,72,569,0.121,1076.8
15,2024-01-10,бытовая техника,1189.01,1201.91,95,804,0.27,1118.2
15,2024-01-11,бытовая техника,1204.53,1209.12,84,374,0.39,1119.37
15,2024-01-12,бытовая техника,1154.87,1175.25,88,755,0.133,1095.58
15,2024-01-13,бытовая техника,1152.73,1172.84,92,133,0.185,1105.69
15,2024-01-14,бытовая техника,1126.78,1117.32,106,770,0.284,1131.79
15,2024-01-15,бытовая техника,1137.36,1165.31,106,841,0.107,1112.4
15,2024-01-16,бытовая техника,1079.7,1132.74,104,174,0.114,1111.02
15,2024-01-17,бытовая техника,1118.28,1131.35,100,166,0.232,1119.55
15,2024-01-18,бытовая техника,1026.36,982.7,126,346,0.115,1135.21
15,2024-01-19,бытовая техника,941.01,928.87,120,214,0.198,1137.71
15,2024-01-20,бытовая техника,956.29,946.9,115,868,0.216,1134.19
15,2024-01-21,бытовая техника,878.59,871.02,121,235,0.144,1132.92
15,2024-01-22,бытовая техника,987.23,960.68,131,406,0.328,1163.91
15,2024-01-23,бытовая техника,1056.1,1120.1,85,167,0.357,1116.81
15,2024-01-24,бытовая техника,1013.93,949.14,120,737,0.123,1129.54
15,2024-01-25,бытовая техника,989.12,957.07,112,422,0.39,1149.95
15,2024-01-26,бытовая техника,931.94,948.82,125,375,0.182,1141.47
15,2024-01-27,бытовая техника,1065.72,1043.52,85,256,0.102,1088.86
15,2024-01-28,бытовая техника,1043.93,1013.22,110,97,0.385,1147.19
15,2024-01-29,бытовая техника,1060.87,1007.59,126,615,0.344,1160.25
15,2024-01-30,бытовая техника,1062.42,1089.12,112,552,0.157,1124.44
15,2024-01-31,бытовая техника,1016.98,1028.93,84,467,0.335,1113.31
15,2024-02-01,бытовая техника,1131.87,1174.2,93,640,0.247,1113.5
15,2024-02-02,бытовая техника,1043.07,1046.18,88,564,0.333,1117.49
15,2024-02-03,бытовая техника,1021.34,1087.3,108,556,0.249,1130.14
15,2024-02-04,бытовая техника,1106.72,1112.25,102,458,0.296,1128.78
15,2024-02-05,бытовая техника,1226.96,1186.36,87,689,0.212,1103.13
15,2024-02-06,бытовая техника,1346.1,1338.52,88,436,0.227,1105.84
15,2024-02-07,бытовая техника,1281.86,1247.43,77,481,0.258,1097.24
15,2024-02-08,бытовая техника,1288.22,1232.23,85,625,0.333,1114.22
15,2024-02-09,бытовая техника,1152.11,1161.01,105,251,0.198,1121.25
15,2024-02-10,бытовая техника,1156.26,1101.3,98,135,0.277,1122.25
15,2024-02-11,бытовая техника,1177.35,1230.92,91,473,0.149,1100.59
15,2024-02-12,бытовая техника,1175.63,1197.49,97,895,0.251,1118.38
15,2024-02-13,бытовая техника,1235.53,1248.85,112,780,0.391,1150.09
15,2024-02-14,бытовая техника,1136.51,1097.23,84,981,0.255,1104.54
15,2024-02-15,бытовая техника,977.96,1013.61,96,180,0.191,1110.73
15,2024-02-16,бытовая техника,1022.7,1043.3,95,958,0.145,1104.5
15,2024-02-17,бытовая техника,1135.67,1178.3,118,629,0.193,1134.96
15,2024-02-18,бытовая техника,1097.87,1138.18,92,510,0.229,1110.52
15,2024-02-19,бытовая техника,914.7,927.21,118,76,0.163,1131.71
15,2024-02-20,бытовая техника,958.38,927.95,118,397,0.235,1139.59
15,2024-02-21,бытовая техника,941.08,959.89,116,242,0.177,1131.01
15,2024-02-22,бытовая техника,940.62,951.17,89,236,0.303,1115.29
15,2024-02-23,бытовая техника,1061.52,1031.57,105,768,0.282,1130.52
15,2024-02-24,бытовая техника,914.0,898.17,116,343,0.283,1142.66
15,2024-02-25,бытовая техника,906.99,942.12,115,405,0.295,1142.87
15,2024-02-26,бытовая техника,926.89,962.39,112,567,0.31,1141.17
15,2024-02-27,бытовая техника,1089.58,1082.37,101,708,0.203,1117.45
15,2024-02-28,бытовая техника,1039.6,1003.56,82,746,0.363,1114.22
15,2024-02-29,бытовая техника,1066.06,1080.14,109,672,0.271,1133.64
15,2024-03-01,бытовая техника,1129.49,1093.42,112,938,0.183,1127.3
15,2024-03-02,бытовая техника,1125.73,1104.64,105,906,0.224,1124.19
15,2024-03-03,бытовая техника,1193.13,1140.12,98,71,0.201,1114.0
15,2024-03-04,бытовая техника,1109.38,1162.5,96,850,0.117,1102.57
15,2024-03-05,бытовая техника,1181.1,1105.14,115,855,0.337,1147.42
15,2024-03-06,бытовая техника,1213.08,1181.65,101,466,0.292,1127.22
15,2024-03-07,бытовая техника,1179.08,1172.43,89,212,0.237,1108.04
15,2024-03-08,бытовая техника,1180.89,1162.8,93,393,0.205,1108.96
15,2024-03-09,бытовая техника,1111.79,1062.72,104,499,0.388,1141.03
15,2024-03-10,бытовая техника,1199.61,1147.9,92,717,0.349,1123.58
15,2024-03-11,бытовая техника,1202.97,1206.83,107,273,0.259,1130.18
15,2024-03-12,бытовая техника,1122.12,1149.36,83,420,0.252,1103.17
15,2024-03-13,бытовая техника,1233.32,1237.45,95,592,0.316,1123.28
15,2024-03-14,бытовая техника,1205.62,1237.64,86,353,0.35,1117.1
15,2024-03-15,бытовая техника,1168.72,1138.69,110,601,0.103,1116.32
15,2024-03-16,бытовая техника,1141.87,1151.48,82,646,0.246,1101.43
15,2024-03-17,бытовая техника,1146.87,1172.08,107,18,0.136,1116.7
15,2024-03-18,бытовая техника,1004.29,1069.66,106,17,0.167,1118.95
15,2024-03-19,бытовая техника,1051.17,1089.52,107,526,0.317,1136.55
15,2024-03-20,бытовая техника,1008.31,1039.13,92,347,0.336,1122.16
15,2024-03-21,бытовая техника,1030.07,1021.74,108,857,0.364,1142.77
15,2024-03-22,бытовая техника,1002.67,1016.49,119,446,0.154,1131.76
15,2024-03-23,бытовая техника,973.63,1001.11,105,153,0.115,1112.23
15,2024-03-24,бытовая техника,898.6,917.41,106,277,0.147,1116.83
15,2024-03-25,бытовая техника,997.64,1061.87,110,498,0.222,1129.37
15,2024-03-26,бытовая техника,1016.12,1022.33,97,182,0.281,1121.62
15,2024-03-27,бытовая техника,995.46,999.29,119,928,0.267,1144.17
15,2024-03-28,бытовая техника,947.43,943.03,109,238,0.149,1120.35
15,2024-03-29,бытовая техника,1057.93,1122.37,91,267,0.334,1120.82
15,2024-03-30,бытовая техника,1015.4,1058.29,106,714,0.326,1136.39
16,2024-01-01,электроника,3582.88,3637.21,106,520,0.333,3869.93
16,2024-01-02,электроника,3934.4,3684.08,101,98,0.109,3767.93
16,2024-01-03,электроника,4016.58,4073.92,105,297,0.268,3842.02
16,2024-01-04,электроника,3855.34,3863.67,106,897,0.254,3840.3
16,2024-01-05,электроника,4007.44,4090.79,79,497,0.381,3787.23
16,2024-01-06,электроника,3875.89,4135.15,94,241,0.322,3820.98
16,2024-01-07,электроника,3747.37,3746.71,103,817,0.351,3865.46
16,2024-01-08,электроника,3886.57,3950.96,78,152,0.138,3692.95
16,2024-01-09,электроника,4317.55,4302.72,81,86,0.399,3801.29
16,2024-01-10,электроника,4167.67,4250.2,98,791,0.308,3830.87
16,2024-01-11,электроника,3934.43,4058.27,90,616,0.352,3817.38
16,2024-01-12,электроника,3958.95,3948.33,90,325,0.184,3754.68
16,2024-01-13,электроника,3826.15,3838.98,101,971,0.228,3812.0
16,2024-01-14,электроника,3725.57,3729.33,102,28,0.153,3787.96
16,2024-01-15,электроника,3831.3,3725.01,116,444,0.263,3880.86
16,2024-01-16,электроника,3604.79,3477.08,107,465,0.216,3829.79
16,2024-01-17,электроника,3801.87,3762.33,106,412,0.3,3857.35
16,2024-01-18,электроника,4085.23,4105.35,82,494,0.14,3708.59
16,2024-01-19,электроника,3329.33,3095.91,130,264,0.228,3919.92
16,2024-01-20,электроника,3404.6,3496.46,97,479,0.388,3856.92
16,2024-01-21,электроника,3624.85,3856.7,103,578,0.395,3881.63
16,2024-01-22,электроника,3391.9,3556.4,105,508,0.131,3790.82
16,2024-01-23,электроника,3359.16,3562.08,94,569,0.377,3841.54
16,2024-01-24,электроника,3508.57,3592.56,95,110,0.341,3831.81
16,2024-01-25,электроника,3377.5,3484.27,101,290,0.292,3835.74
16,2024-01-26,электроника,3392.45,3280.2,101,672,0.203,3802.62
16,2024-01-27,электроника,3693.92,3940.7,90,524,0.38,3827.79
16,2024-01-28,электроника,3237.83,3189.17,110,463,0.149,3816.31
16,2024-01-29,электроника,3428.1,3330.84,117,53,0.353,3918.32
16,2024-01-30,электроника,3729.54,3676.01,86,892,0.131,3720.12
16,2024-01-31,электроника,3447.48,3405.48,91,362,0.296,3800.16
16,2024-02-01,электроника,3821.06,3842.4,90,539,0.214,3766.04
16,2024-02-02,электроника,4168.96,4100.62,101,556,0.155,3785.0
16,2024-02-03,электроника,3913.65,3686.63,89,441,0.16,3742.13
16,2024-02-04,электроника,3750.12,3705.93,122,583,0.352,3936.28
16,2024-02-05,электроника,3871.12,3595.98,95,812,0.232,3791.18
16,2024-02-06,электроника,4066.21,3982.57,97,316,0.36,3846.31
16,2024-02-07,электроника,4311.06,4346.89,74,912,0.337,3752.16
16,2024-02-08,электроника,4086.28,3874.96,77,854,0.298,3748.95
16,2024-02-09,электроника,3782.82,3757.44,108,744,0.159,3812.62
16,2024-02-10,электроника,3943.11,3820.55,120,379,0.231,3883.84
16,2024-02-11,электроника,4347.84,4287.53,71,911,0.116,3658.76
16,2024-02-12,электроника,4344.41,4136.47,83,628,0.383,3802.96
16,2024-02-13,электроника,3979.29,4279.0,78,250,0.251,3735.03
16,2024-02-14,электроника,3751.44,3904.48,107,390,0.395,3896.53
16,2024-02-15,электроника,3717.45,3551.67,86,172,0.273,3773.03
16,2024-02-16,электроника,3511.12,3413.34,103,312,0.342,3861.87
16,2024-02-17,электроника,3811.14,3945.52,102,536,0.115,3773.65
16,2024-02-18,электроника,3363.87,3404.13,106,490,0.231,3831.77
16,2024-02-19,электроника,3271.9,3144.08,104,76,0.356,3870.91
16,2024-02-20,электроника,3470.15,3525.48,109,718,0.197,3830.42
16,2024-02-21,электроника,3294.02,3184.19,113,214,0.276,3874.48
16,2024-02-22,электроника,3281.23,3034.89,132,114,0.163,3903.26
16,2024-02-23,электроника,3102.72,3172.79,125,779,0.385,3959.93
16,2024-02-24,электроника,3397.46,3325.93,131,869,0.4,3987.8
16,2024-02-25,электроника,3467.69,3556.7,96,493,0.194,3780.98
16,2024-02-26,электроника,3429.63,3308.78,107,998,0.306,3863.65
16,2024-02-27,электроника,3520.34,3592.29,105,302,0.395,3889.08
16,2024-02-28,электроника,3378.47,3425.5,108,390,0.206,3829.81
16,2024-02-29,электроника,3815.66,3784.15,97,598,0.313,3828.75
16,2024-03-01,электроника,3612.84,3544.01,94,477,0.245,3792.29
16,2024-03-02,электроника,3930.98,4033.55,86,70,0.338,3797.06
16,2024-03-03,электроника,3958.96,4069.3,83,523,0.268,3759.94
16,2024-03-04,электроника,3773.66,3786.16,102,444,0.237,3819.01
16,2024-03-05,электроника,4178.68,4304.64,64,825,0.346,3718.37
16,2024-03-06,электроника,4228.09,4258.53,79,651,0.352,3776.27
16,2024-03-07,электроника,4463.67,4375.84,89,512,0.19,3753.31
16,2024-03-08,электроника,3891.36,3820.83,105,501,0.368,3879.19
16,2024-03-09,электроника,4323.4,4322.54,80,317,0.324,3769.47
16,2024-03-10,электроника,4320.74,4389.43,87,916,0.206,3751.78
16,2024-03-11,электроника,3807.13,3887.23,97,503,0.333,3836.35
16,2024-03-12,электроника,3956.24,4046.62,85,932,0.392,3813.54
16,2024-03-13,электроника,3769.95,3757.25,97,41,0.373,3851.36
16,2024-03-14,электроника,3844.18,3977.58,99,444,0.201,3794.54
16,2024-03-15,электроника,3779.39,3602.5,124,189,0.23,3898.48
16,2024-03-16,электроника,3876.54,3947.08,92,961,0.104,3732.57
16,2024-03-17,электроника,3259.34,3233.06,134,363,0.139,3901.81
16,2024-03-18,электроника,3284.39,3245.79,114,328,0.35,3905.91
16,2024-03-19,электроника,3620.83,3461.63,88,102,0.385,3822.3
16,2024-03-20,электроника,3666.92,3804.99,91,635,0.132,3738.97
16,2024-03-21,электроника,3609.31,3751.67,97,775,0.268,3812.19
16,2024-03-22,электроника,3573.85,3529.2,97,780,0.125,3758.8
16,2024-03-23,электроника,3305.42,3156.07,127,771,0.329,3946.46
16,2024-03-24,электроника,3415.89,3471.22,105,677,0.281,3846.83
16,2024-03-25,электроника,3364.8,3205.93,122,535,0.138,3856.63
16,2024-03-26,электроника,3541.56,3310.63,108,75,0.319,3872.15
16,2024-03-27,электроника,3322.34,3263.72,94,382,0.304,3814.22
16,2024-03-28,электроника,3553.1,3469.39,103,644,0.38,3876.16
16,2024-03-29,электроника,3503.94,3560.27,109,526,0.243,3847.3
16,2024-03-30,электроника,3894.96,3849.72,99,452,0.219,3801.24
17,2024-01-01,бытовая техника,5073.9,5037.63,78,275,0.212,4833.4
17,2024-01-02,бытовая техника,4568.2,4639.52,101,840,0.21,4943.49
17,2024-01-03,бытовая техника,5219.07,5052.38,96,809,0.339,4981.58
17,2024-01-04,бытовая техника,5105.34,5188.4,84,941,0.138,4826.47
17,2024-01-05,бытовая техника,5374.34,5637.56,69,890,0.244,4805.39
17,2024-01-06,бытовая техника,4469.36,4254.36,98,704,0.342,4992.8
17,2024-01-07,бытовая техника,5667.99,5843.98,72,640,0.291,4842.71
17,2024-01-08,бытовая техника,5142.92,5001.53,88,572,0.14,4846.97
17,2024-01-09,бытовая техника,5156.01,4987.51,97,538,0.381,5006.89
17,2024-01-10,бытовая техника,5360.3,5033.39,99,325,0.141,4900.33
17,2024-01-11,бытовая техника,5085.15,5137.87,87,721,0.303,4920.96
17,2024-01-12,бытовая техника,4902.04,4991.59,79,788,0.305,4883.17
17,2024-01-13,бытовая техника,5068.04,4934.92,94,522,0.118,4865.02
17,2024-01-14,бытовая техника,5393.64,5270.33,86,733,0.394,4960.19
17,2024-01-15,бытовая техника,4747.0,4946.3,100,760,0.189,4928.38
17,2024-01-16,бытовая техника,4676.7,4765.68,105,959,0.149,4933.41
17,2024-01-17,бытовая техника,4550.1,4372.62,112,68,0.138,4961.85
17,2024-01-18,бытовая техника,4350.57,4452.6,132,728,0.194,5085.8
17,2024-01-19,бытовая техника,4066.57,4110.99,113,318,0.311,5050.41
17,2024-01-20,бытовая техника,4243.06,4321.34,122,795,0.102,4992.74
17,2024-01-21,бытовая техника,4704.88,4520.53,103,408,0.301,4997.2
17,2024-01-22,бытовая техника,4788.94,4852.58,85,456,0.217,4869.7
17,2024-01-23,бытовая техника,4501.82,4585.73,96,429,0.224,4926.11
17,2024-01-24,бытовая техника,4515.3,4454.9,113,945,0.139,4967.3
17,2024-01-25,бытовая техника,4116.18,4023.08,82,661,0.107,4801.67
17,2024-01-26,бытовая техника,4337.42,4159.91,128,313,0.345,5139.36
17,2024-01-27,бытовая техника,4207.88,4205.56,116,339,0.253,5036.92
17,2024-01-28,бытовая техника,4749.39,4479.85,93,362,0.154,4877.71
17,2024-01-29,бытовая техника,4844.14,4931.93,94,582,0.105,4859.13
17,2024-01-30,бытовая техника,4803.1,4805.95,92,467,0.231,4910.26
17,2024-01-31,бытовая техника,4803.27,4817.51,112,876,0.387,5082.35
17,2024-02-01,бытовая техника,4956.57,4814.94,107,822,0.336,5033.8
17,2024-02-02,бытовая техника,5246.39,5099.19,89,796,0.327,4942.38
17,2024-02-03,бытовая техника,5002.54,5075.05,107,388,0.181,4958.69
17,2024-02-04,бытовая техника,5216.59,5163.0,77,320,0.124,4785.71
17,2024-02-05,бытовая техника,5058.28,5139.08,73,942,0.12,4764.38
17,2024-02-06,бытовая техника,5263.41,5281.05,107,975,0.229,4981.62
17,2024-02-07,бытовая техника,5259.97,5286.67,80,710,0.239,4855.92
17,2024-02-08,бытовая техника,5312.96,5415.59,102,628,0.149,4918.97
17,2024-02-09,бытовая техника,5250.44,5325.96,89,125,0.356,4956.04
17,2024-02-10,бытовая техника,4921.98,4954.04,86,190,0.241,4886.1
17,2024-02-11,бытовая техника,4963.36,4903.9,108,601,0.236,4990.04
17,2024-02-12,бытовая техника,5507.07,5522.09,100,407,0.235,4950.68
17,2024-02-13,бытовая техника,4971.03,4965.25,90,807,0.282,4925.37
17,2024-02-14,бытовая техника,4471.65,4813.7,90,929,0.273,4920.69
17,2024-02-15,бытовая техника,4604.92,4680.63,76,54,0.276,4854.66
17,2024-02-16,бытовая техника,5193.56,5293.67,80,373,0.127,4801.9
17,2024-02-17,бытовая техника,4888.68,4774.45,103,28,0.324,5008.36
17,2024-02-18,бытовая техника,4102.2,4249.89,120,334,0.25,5054.71
17,2024-02-19,бытовая техника,4328.55,4348.31,117,995,0.207,5019.5
17,2024-02-20,бытовая техника,4482.93,4519.7,99,501,0.214,4935.85
17,2024-02-21,бытовая техника,4347.29,4400.31,108,824,0.332,5036.34
17,2024-02-22,бытовая техника,4275.28,4378.71,114,745,0.272,5036.25
17,2024-02-23,бытовая техника,4187.7,4068.06,108,632,0.226,4985.06
17,2024-02-24,бытовая техника,4206.09,4331.6,110,549,0.174,4969.73
17,2024-02-25,бытовая техника,3996.53,3938.9,118,484,0.301,5069.74
17,2024-02-26,бытовая техника,4503.2,4476.72,108,243,0.154,4950.32
17,2024-02-27,бытовая техника,4394.94,4485.34,125,657,0.193,5051.43
17,2024-02-28,бытовая техника,4444.82,4308.12,113,252,0.232,5012.51
17,2024-02-29,бытовая техника,4928.64,4744.45,117,618,0.161,4997.35
17,2024-03-01,бытовая техника,5043.19,5204.95,94,791,0.399,5001.01
17,2024-03-02,бытовая техника,5324.75,5265.82,75,164,0.283,4853.34
17,2024-03-03,бытовая техника,5261.68,5432.4,102,312,0.218,4952.1
17,2024-03-04,бытовая техника,5150.64,5005.81,96,33,0.38,5001.47
17,2024-03-05,бытовая техника,5423.05,5535.79,85,471,0.38,4948.57
17,2024-03-06,бытовая техника,5039.08,4980.3,104,683,0.398,5049.19
17,2024-03-07,бытовая техника,4994.82,5025.42,88,856,0.283,4915.84
17,2024-03-08,бытовая техника,4888.51,4919.59,103,644,0.32,5006.48
17,2024-03-09,бытовая техника,5260.73,5328.42,95,961,0.357,4985.76
17,2024-03-10,бытовая техника,5036.13,4963.53,71,108,0.237,4811.64
17,2024-03-11,бытовая техника,5216.59,5388.68,77,655,0.132,4789.94
17,2024-03-12,бытовая техника,5134.87,5413.63,86,996,0.334,4931.22
17,2024-03-13,бытовая техника,5380.91,5588.24,98,194,0.146,4897.96
17,2024-03-14,бытовая техника,5102.8,5022.01,87,574,0.241,4890.98
17,2024-03-15,бытовая техника,4991.76,5134.48,104,756,0.278,4991.22
17,2024-03-16,бытовая техника,4980.37,5130.23,88,664,0.212,4881.73
17,2024-03-17,бытовая техника,4541.29,4508.86,96,23,0.398,5010.28
17,2024-03-18,бытовая техника,5071.89,4785.62,109,717,0.332,5041.12
17,2024-03-19,бытовая техника,4460.61,4515.75,109,129,0.338,5044.02
17,2024-03-20,бытовая техника,4656.57,4590.79,102,269,0.37,5025.82
17,2024-03-21,бытовая техника,4004.54,3947.5,102,909,0.16,4924.05
17,2024-03-22,бытовая техника,4016.17,3888.3,107,629,0.203,4969.4
17,2024-03-23,бытовая техника,4333.89,4308.47,115,265,0.106,4960.81
17,2024-03-24,бытовая техника,4425.69,4373.58,112,811,0.329,5054.29
17,2024-03-25,бытовая техника,4876.39,4899.33,106,964,0.103,4915.83
17,2024-03-26,бытовая техника,4370.99,4190.71,96,504,0.226,4926.91
17,2024-03-27,бытовая техника,4651.52,4713.35,100,329,0.289,4977.07
17,2024-03-28,бытовая техника,4265.28,4261.85,103,339,0.363,5027.4
17,2024-03-29,бытовая техника,4839.75,4815.93,112,573,0.35,5064.64
17,2024-03-30,бытовая техника,4738.73,4655.28,114,931,0.185,4994.41
18,2024-01-01,аксессуары,3661.71,3633.53,102,812,0.343,3720.62
18,2024-01-02,аксессуары,3671.42,3649.86,112,664,0.366,3764.94
18,2024-01-03,аксессуары,3504.77,3342.29,119,466,0.261,3752.28
18,2024-01-04,аксессуары,3398.38,3174.99,93,720,0.277,3664.57
18,2024-01-05,аксессуары,4169.44,4055.12,76,802,0.235,3588.49
18,2024-01-06,аксессуары,3901.13,3747.75,97,665,0.386,3718.22
18,2024-01-07,аксессуары,4014.77,4013.21,87,476,0.384,3681.65
18,2024-01-08,аксессуары,3952.86,3952.07,78,331,0.11,3551.01
18,2024-01-09,аксессуары,3947.27,3808.22,83,156,0.143,3580.76
18,2024-01-10,аксессуары,3984.1,4025.67,76,959,0.306,3614.09
18,2024-01-11,аксессуары,4226.19,4116.74,94,362,0.228,3650.87
18,2024-01-12,аксессуары,3571.6,3437.15,112,165,0.256,3725.29
18,2024-01-13,аксессуары,3881.04,3891.95,83,748,0.238,3614.76
18,2024-01-14,аксессуары,4178.23,4312.81,65,111,0.171,3526.2
18,2024-01-15,аксессуары,3670.82,3484.93,103,743,0.164,3660.2
18,2024-01-16,аксессуары,3894.43,3905.22,113,491,0.299,3744.51
18,2024-01-17,аксессуары,3686.14,3666.86,98,518,0.178,3646.97
18,2024-01-18,аксессуары,3661.49,3786.0,105,885,0.217,3686.11
18,2024-01-19,аксессуары,3452.8,3524.6,88,673,0.297,3654.02
18,2024-01-20,аксессуары,3241.86,3118.72,110,595,0.176,3689.36
18,2024-01-21,аксессуары,2884.89,2789.83,121,898,0.136,3714.71
18,2024-01-22,аксессуары,3286.68,3104.82,107,812,0.226,3696.54
18,2024-01-23,аксессуары,3119.64,3109.22,123,317,0.328,3790.82
18,2024-01-24,аксессуары,3866.86,3949.15,89,860,0.283,3652.48
18,2024-01-25,аксессуары,3136.9,3054.82,110,641,0.322,3741.87
18,2024-01-26,аксессуары,3376.66,3545.77,95,231,0.301,3680.67
18,2024-01-27,аксессуары,3493.55,3499.48,106,266,0.108,3650.68
18,2024-01-28,аксессуары,3295.67,3324.54,90,56,0.176,3617.84
18,2024-01-29,аксессуары,3514.78,3336.92,112,830,0.202,3705.92
18,2024-01-30,аксессуары,3494.71,3459.23,97,279,0.202,3652.04
18,2024-01-31,аксессуары,3782.27,3643.75,87,638,0.135,3592.24
18,2024-02-01,аксессуары,4124.71,4115.82,84,195,0.369,3665.35
18,2024-02-02,аксессуары,3647.34,3831.98,82,632,0.245,3613.77
18,2024-02-03,аксессуары,3752.13,3802.34,88,949,0.177,3611.04
18,2024-02-04,аксессуары,3901.65,3900.61,100,23,0.33,3709.01
18,2024-02-05,аксессуары,3987.62,3941.34,77,164,0.111,3547.66
18,2024-02-06,аксессуары,3665.05,3758.67,96,16,0.273,3674.1
18,2024-02-07,аксессуары,3900.45,3831.7,90,735,0.19,3622.87
18,2024-02-08,аксессуары,3903.97,3790.16,101,225,0.179,3658.13
18,2024-02-09,аксессуары,3520.42,3412.91,87,36,0.102,3580.52
18,2024-02-10,аксессуары,4021.52,4142.67,73,625,0.376,3628.48
18,2024-02-11,аксессуары,3673.24,3683.66,91,427,0.268,3654.29
18,2024-02-12,аксессуары,3766.31,3741.26,98,41,0.113,3623.96
18,2024-02-13,аксессуары,3737.52,3731.23,104,192,0.143,3656.19
18,2024-02-14,аксессуары,3644.76,3731.12,87,615,0.252,3634.1
18,2024-02-15,аксессуары,3632.62,3664.9,100,895,0.347,3715.08
18,2024-02-16,аксессуары,3655.84,3712.34,94,166,0.205,3642.49
18,2024-02-17,аксессуары,3193.46,3163.64,105,616,0.151,3662.52
18,2024-02-18,аксессуары,3005.59,3077.99,94,329,0.182,3634.11
18,2024-02-19,аксессуары,3078.36,3048.27,115,530,0.251,3734.32
18,2024-02-20,аксессуары,2917.98,2951.74,113,909,0.327,3754.35
18,2024-02-21,аксессуары,3077.3,3250.5,123,551,0.306,3782.92
18,2024-02-22,аксессуары,2993.91,2959.98,132,949,0.258,3797.97
18,2024-02-23,аксессуары,3351.78,3363.36,102,281,0.251,3687.59
18,2024-02-24,аксессуары,3448.22,3480.04,95,150,0.168,3632.85
18,2024-02-25,аксессуары,3226.98,3280.94,98,905,0.144,3635.02
18,2024-02-26,аксессуары,3139.16,3293.76,104,352,0.191,3673.35
18,2024-02-27,аксессуары,3251.63,3289.64,112,360,0.396,3775.71
18,2024-02-28,аксессуары,3137.13,3184.37,99,875,0.269,3683.55
18,2024-02-29,аксессуары,3451.5,3314.54,96,179,0.269,3672.48
18,2024-03-01,аксессуары,3476.6,3353.98,100,388,0.235,3674.83
18,2024-03-02,аксессуары,3767.16,3770.39,92,134,0.341,3684.14
18,2024-03-03,аксессуары,3493.46,3508.17,116,589,0.279,3748.0
18,2024-03-04,аксессуары,3409.13,3367.73,104,541,0.15,3658.79
18,2024-03-05,аксессуары,4040.58,4187.25,73,182,0.326,3610.67
18,2024-03-06,аксессуары,4165.41,4304.44,94,20,0.284,3670.67
18,2024-03-07,аксессуары,4193.83,4095.39,90,382,0.276,3653.7
18,2024-03-08,аксессуары,4107.67,4023.72,81,518,0.268,3618.27
18,2024-03-09,аксессуары,3806.54,3832.73,103,489,0.374,3735.48
18,2024-03-10,аксессуары,3570.15,3760.73,97,130,0.356,3707.32
18,2024-03-11,аксессуары,4143.89,4411.95,65,78,0.274,3563.06
18,2024-03-12,аксессуары,3798.28,3703.76,82,578,0.298,3632.71
18,2024-03-13,аксессуары,3904.97,4048.79,71,659,0.182,3551.54
18,2024-03-14,аксессуары,3872.4,3867.67,103,605,0.13,3647.98
18,2024-03-15,аксессуары,3669.04,3785.81,89,121,0.228,3632.65
18,2024-03-16,аксессуары,3799.24,3940.78,80,767,0.268,3614.85
18,2024-03-17,аксессуары,3518.97,3474.07,116,671,0.321,3763.0
18,2024-03-18,аксессуары,3107.79,3057.71,111,273,0.229,3712.09
18,2024-03-19,аксессуары,3053.89,2876.92,118,478,0.271,3752.47
18,2024-03-20,аксессуары,3701.81,3704.3,103,147,0.192,3670.22
18,2024-03-21,аксессуары,3372.93,3354.87,96,620,0.377,3711.31
18,2024-03-22,аксессуары,3437.03,3481.3,108,485,0.321,3734.41
18,2024-03-23,аксессуары,3309.53,3264.19,112,786,0.357,3761.77
18,2024-03-24,аксессуары,3204.52,3216.16,93,436,0.255,3656.88
18,2024-03-25,аксессуары,3494.23,3414.76,111,264,0.38,3766.34
18,2024-03-26,аксессуары,3412.5,3522.76,110,950,0.199,3697.84
18,2024-03-27,аксессуары,3184.0,3309.12,104,14,0.341,3727.1
18,2024-03-28,аксессуары,3194.38,3181.76,106,133,0.121,3655.5
18,2024-03-29,аксессуары,3785.07,3772.82,105,709,0.373,3742.37
18,2024-03-30,аксессуары,3522.67,3531.82,115,171,0.273,3742.25
19,2024-01-01,аксессуары,4023.19,3993.69,107,374,0.343,4232.01
19,2024-01-02,аксессуары,4107.96,4196.94,87,256,0.311,4137.7
19,2024-01-03,аксессуары,4103.8,4191.13,98,865,0.281,4170.02
19,2024-01-04,аксессуары,4213.37,4467.91,85,950,0.388,4160.85
19,2024-01-05,аксессуары,4430.29,4499.42,106,576,0.385,4244.93
19,2024-01-06,аксессуары,4572.11,4671.27,76,928,0.304,4089.93
19,2024-01-07,аксессуары,4558.34,4373.58,91,313,0.244,4126.76
19,2024-01-08,аксессуары,4760.5,4592.54,103,771,0.279,4189.5
19,2024-01-09,аксессуары,4241.27,4467.14,82,779,0.263,4097.85
19,2024-01-10,аксессуары,4453.31,4428.42,122,563,0.345,4293.83
19,2024-01-11,аксессуары,4133.45,4259.38,83,226,0.298,4115.97
19,2024-01-12,аксессуары,4490.83,4589.43,85,411,0.38,4157.48
19,2024-01-13,аксессуары,4074.75,3993.66,83,388,0.152,4056.56
19,2024-01-14,аксессуары,4223.66,4109.9,88,656,0.232,4109.34
19,2024-01-15,аксессуары,4427.13,4628.06,108,441,0.269,4205.82
19,2024-01-16,аксессуары,4297.22,4295.89,93,424,0.15,4096.6
19,2024-01-17,аксессуары,4089.05,3967.2,104,534,0.1,4120.92
19,2024-01-18,аксессуары,3894.88,3982.56,120,360,0.363,4292.84
19,2024-01-19,аксессуары,3307.94,3347.56,122,95,0.338,4290.61
19,2024-01-20,аксессуары,3590.71,3692.35,110,498,0.339,4242.37
19,2024-01-21,аксессуары,3373.91,3481.59,98,959,0.138,4112.07
19,2024-01-22,аксессуары,3615.12,3637.43,102,554,0.187,4148.31
19,2024-01-23,аксессуары,3620.32,3777.8,142,265,0.215,4322.15
19,2024-01-24,аксессуары,3710.05,3688.82,126,12,0.327,4302.67
19,2024-01-25,аксессуары,3584.3,3632.39,95,676,0.307,4168.45
19,2024-01-26,аксессуары,3947.76,4100.12,88,44,0.254,4118.49
19,2024-01-27,аксессуары,3681.49,3615.22,97,558,0.16,4116.77
19,2024-01-28,аксессуары,3779.65,3760.65,106,645,0.315,4216.45
19,2024-01-29,аксессуары,3839.56,3886.69,110,559,0.151,4165.91
19,2024-01-30,аксессуары,4126.02,4070.34,103,224,0.332,4211.0
19,2024-01-31,аксессуары,3682.26,3593.8,117,732,0.189,4209.88
19,2024-02-01,аксессуары,4014.75,3926.33,98,535,0.166,4123.3
19,2024-02-02,аксессуары,4458.22,4552.54,74,941,0.124,4008.72
19,2024-02-03,аксессуары,4479.57,4557.02,86,761,0.345,4147.22
19,2024-02-04,аксессуары,4614.38,4810.25,104,123,0.254,4183.34
19,2024-02-05,аксессуары,4298.31,4515.73,111,286,0.233,4203.59
19,2024-02-06,аксессуары,4679.92,4858.41,80,981,0.13,4035.38
19,2024-02-07,аксессуары,4394.98,4390.52,74,36,0.202,4040.52
19,2024-02-08,аксессуары,4460.32,4654.16,82,589,0.179,4063.79
19,2024-02-09,аксессуары,4641.74,4803.22,72,930,0.371,4101.1
19,2024-02-10,аксессуары,4381.08,4687.41,71,100,0.365,4094.66
19,2024-02-11,аксессуары,4215.63,4070.32,119,228,0.122,4190.93
19,2024-02-12,аксессуары,4066.1,3881.88,105,649,0.216,4172.1
19,2024-02-13,аксессуары,4412.62,4481.16,77,126,0.277,4083.14
19,2024-02-14,аксессуары,3937.22,4095.76,106,146,0.329,4221.91
19,2024-02-15,аксессуары,4134.92,4204.72,100,190,0.219,4152.96
19,2024-02-16,аксессуары,4251.26,4000.91,107,867,0.123,4142.64
19,2024-02-17,аксессуары,3790.4,3855.22,109,885,0.154,4163.13
19,2024-02-18,аксессуары,3663.55,3736.73,109,862,0.158,4164.88
19,2024-02-19,аксессуары,3560.2,3565.57,93,888,0.343,4174.84
19,2024-02-20,аксессуары,3839.79,3670.39,130,51,0.115,4232.68
19,2024-02-21,аксессуары,3499.2,3598.71,100,119,0.377,4217.14
19,2024-02-22,аксессуары,3821.88,4004.29,106,763,0.265,4195.99
19,2024-02-23,аксессуары,3871.53,3966.88,93,223,0.186,4111.12
19,2024-02-24,аксессуары,3725.2,3916.09,104,732,0.306,4204.66
19,2024-02-25,аксессуары,3491.53,3554.16,94,90,0.194,4118.32
19,2024-02-26,аксессуары,3708.74,3694.19,101,319,0.301,4190.52
19,2024-02-27,аксессуары,3862.64,3807.66,109,550,0.369,4250.54
19,2024-02-28,аксессуары,4151.95,4231.47,97,848,0.377,4205.16
19,2024-02-29,аксессуары,3937.32,4206.58,109,314,0.395,4261.22
19,2024-03-01,аксессуары,4262.45,4513.17,88,453,0.157,4078.91
19,2024-03-02,аксессуары,4113.72,3984.08,112,730,0.179,4185.5
19,2024-03-03,аксессуары,4581.65,4663.53,82,121,0.151,4052.37
19,2024-03-04,аксессуары,4255.09,4224.36,92,288,0.392,4190.67
19,2024-03-05,аксессуары,4373.3,4352.39,82,535,0.196,4070.36
19,2024-03-06,аксессуары,4453.55,4710.96,75,159,0.231,4056.45
19,2024-03-07,аксессуары,4327.43,4302.37,103,740,0.299,4197.7
19,2024-03-08,аксессуары,4573.75,4730.9,72,414,0.234,4045.51
19,2024-03-09,аксессуары,4111.67,3841.98,114,310,0.373,4272.41
19,2024-03-10,аксессуары,4250.59,3976.8,104,543,0.318,4209.31
19,2024-03-11,аксессуары,4589.38,4385.21,80,74,0.184,4057.5
19,2024-03-12,аксессуары,4701.84,4802.66,66,982,0.326,4058.28
19,2024-03-13,аксессуары,4764.26,4770.82,93,310,0.154,4098.05
19,2024-03-14,аксессуары,4022.57,3959.64,123,816,0.163,4223.7
19,2024-03-15,аксессуары,4135.22,4038.93,92,575,0.267,4140.03
19,2024-03-16,аксессуары,4110.24,4087.69,105,303,0.154,4146.85
19,2024-03-17,аксессуары,3846.12,3862.1,114,454,0.157,4184.6
19,2024-03-18,аксессуары,3786.88,4004.25,98,474,0.165,4123.04
19,2024-03-19,аксессуары,3812.12,3606.91,102,598,0.367,4221.39
19,2024-03-20,аксессуары,3480.45,3457.77,120,44,0.168,4213.45
19,2024-03-21,аксессуары,3724.17,3690.74,119,313,0.278,4254.19
19,2024-03-22,аксессуары,4011.79,3947.3,92,384,0.336,4168.04
19,2024-03-23,аксессуары,3371.88,3152.81,135,540,0.135,4261.0
19,2024-03-24,аксессуары,3621.01,3790.52,119,102,0.293,4260.21
19,2024-03-25,аксессуары,3689.04,3471.24,118,221,0.122,4186.62
19,2024-03-26,аксессуары,3764.79,3806.5,125,967,0.313,4292.81
19,2024-03-27,аксессуары,3756.08,3727.49,107,280,0.221,4182.13
19,2024-03-28,аксессуары,4074.11,4057.01,94,671,0.314,4167.2
19,2024-03-29,аксессуары,3800.96,3719.91,91,180,0.14,4084.41
19,2024-03-30,аксессуары,3777.71,3734.02,95,799,0.33,4177.87
20,2024-01-01,бытовая техника,3534.77,3473.43,84,375,0.374,3543.5
20,2024-01-02,бытовая техника,3428.87,3582.78,97,639,0.113,3497.97
20,2024-01-03,бытовая техника,3816.49,3885.93,87,643,0.146,3474.58
20,2024-01-04,бытовая техника,3909.67,3898.96,98,766,0.371,3590.89
20,2024-01-05,бытовая техника,3800.0,3884.07,89,560,0.227,3509.67
20,2024-01-06,бытовая техника,3809.2,3784.84,73,130,0.322,3487.32
20,2024-01-07,бытовая техника,3526.2,3416.66,111,388,0.398,3645.47
20,2024-01-08,бытовая техника,3858.31,3741.03,102,566,0.186,3540.53
20,2024-01-09,бытовая техника,3806.49,3771.05,91,26,0.3,3542.09
20,2024-01-10,бытовая техника,3726.63,3728.45,83,203,0.302,3514.79
20,2024-01-11,бытовая техника,3797.78,3953.38,72,800,0.253,3459.88
20,2024-01-12,бытовая техника,3795.25,3792.24,96,984,0.256,3543.99
20,2024-01-13,бытовая техника,3785.3,3794.79,95,843,0.181,3514.6
20,2024-01-14,бытовая техника,3411.76,3515.25,95,908,0.112,3490.54
20,2024-01-15,бытовая техника,3727.34,3638.53,104,860,0.255,3571.29
20,2024-01-16,бытовая техника,3591.28,3703.62,106,479,0.219,3566.05
20,2024-01-17,бытовая техника,3501.7,3512.91,98,571,0.198,3530.76
20,2024-01-18,бытовая техника,3194.67,3157.02,110,919,0.346,3623.82
20,2024-01-19,бытовая техника,2940.32,3153.1,99,908,0.103,3501.38
20,2024-01-20,бытовая техника,3027.61,2969.62,111,204,0.218,3582.9
20,2024-01-21,бытовая техника,3126.64,3246.23,91,685,0.134,3484.5
20,2024-01-22,бытовая техника,3190.24,3053.71,107,400,0.165,3550.46
20,2024-01-23,бытовая техника,3279.03,3345.83,93,55,0.382,3577.52
20,2024-01-24,бытовая техника,3040.15,3040.14,123,539,0.165,3606.27
20,2024-01-25,бытовая техника,2969.15,3161.69,108,15,0.165,3553.94
20,2024-01-26,бытовая техника,2965.03,2884.78,111,404,0.338,3624.49
20,2024-01-27,бытовая техника,3221.05,3105.87,103,718,0.39,3614.76
20,2024-01-28,бытовая техника,3411.21,3359.18,108,783,0.139,3545.18
20,2024-01-29,бытовая техника,3031.98,2999.45,108,750,0.324,3609.22
20,2024-01-30,бытовая техника,3549.18,3716.52,101,494,0.287,3572.0
20,2024-01-31,бытовая техника,3709.23,3653.02,81,744,0.305,3509.08
20,2024-02-01,бытовая техника,3141.21,3234.03,95,191,0.301,3556.22
20,2024-02-02,бытовая техника,3712.61,3732.91,96,651,0.248,3541.12
20,2024-02-03,бытовая техника,3846.29,3770.36,98,213,0.174,3522.62
20,2024-02-04,бытовая техника,3821.06,3839.06,101,340,0.164,3529.6
20,2024-02-05,бытовая техника,3917.31,4052.52,89,925,0.18,3493.44
20,2024-02-06,бытовая техника,4027.39,4017.56,76,641,0.338,3503.16
20,2024-02-07,бытовая техника,3712.01,3941.12,65,112,0.11,3386.01
20,2024-02-08,бытовая техника,3657.54,3636.11,88,59,0.331,3542.14
20,2024-02-09,бытовая техника,3782.59,3740.52,92,658,0.329,3555.46
20,2024-02-10,бытовая техника,3684.03,3693.42,112,325,0.378,3641.78
20,2024-02-11,бытовая техника,3708.92,3599.09,114,685,0.171,3577.03
20,2024-02-12,бытовая техника,3343.57,3309.45,86,656,0.288,3520.3
20,2024-02-13,бытовая техника,3499.31,3501.58,102,941,0.298,3579.57
20,2024-02-14,бытовая техника,3658.89,3620.29,77,88,0.291,3490.24
20,2024-02-15,бытовая техника,3471.47,3555.31,108,281,0.398,3635.05
20,2024-02-16,бытовая техника,3069.16,3213.55,115,526,0.399,3659.45
20,2024-02-17,бытовая техника,3161.25,3131.02,114,95,0.136,3564.69
20,2024-02-18,бытовая техника,3475.72,3440.07,111,382,0.354,3630.21
20,2024-02-19,бытовая техника,3324.5,3450.25,82,741,0.294,3508.59
20,2024-02-20,бытовая техника,3354.8,3377.55,94,465,0.201,3517.95
20,2024-02-21,бытовая техника,3132.87,3099.74,99,514,0.256,3554.62
20,2024-02-22,бытовая техника,2891.59,2858.3,119,92,0.274,3630.06
20,2024-02-23,бытовая техника,2806.03,2750.07,113,224,0.117,3554.96
20,2024-02-24,бытовая техника,3385.55,3299.97,83,43,0.269,3503.39
20,2024-02-25,бытовая техника,3427.96,3338.14,117,40,0.341,3646.44
20,2024-02-26,бытовая техника,3110.88,3017.6,108,795,0.341,3615.0
20,2024-02-27,бытовая техника,3305.84,3387.2,108,86,0.315,3606.26
20,2024-02-28,бытовая техника,3490.27,3543.17,87,254,0.379,3555.49
20,2024-02-29,бытовая техника,3333.27,3362.43,102,578,0.1,3510.77
20,2024-03-01,бытовая техника,3580.46,3552.33,99,258,0.145,3515.93
20,2024-03-02,бытовая техника,3398.2,3475.77,97,313,0.183,3522.31
20,2024-03-03,бытовая техника,3658.74,3761.36,98,236,0.274,3557.12
20,2024-03-04,бытовая техника,4073.92,4214.87,89,569,0.368,3558.63
20,2024-03-05,бытовая техника,3614.06,3580.06,116,48,0.347,3645.06
20,2024-03-06,бытовая техника,3716.2,3608.75,102,809,0.104,3512.01
20,2024-03-07,бытовая техника,3579.82,3680.56,85,703,0.374,3546.86
20,2024-03-08,бытовая техника,3608.96,3872.11,77,103,0.302,3494.03
20,2024-03-09,бытовая техника,3568.46,3501.57,94,899,0.317,3558.26
20,2024-03-10,бытовая техника,3622.54,3683.13,99,732,0.276,3561.54
20,2024-03-11,бытовая техника,3664.78,3947.2,81,933,0.321,3514.65
20,2024-03-12,бытовая техника,4244.91,4120.24,84,951,0.141,3462.44
20,2024-03-13,бытовая техника,3444.05,3419.2,114,808,0.285,3616.48
20,2024-03-14,бытовая техника,3600.32,3622.44,85,432,0.194,3484.24
20,2024-03-15,бытовая техника,3212.65,3278.18,103,359,0.384,3612.86
20,2024-03-16,бытовая техника,3698.3,3793.01,90,794,0.357,3558.37
20,2024-03-17,бытовая техника,3164.53,3113.99,95,46,0.374,3581.63
20,2024-03-18,бытовая техника,3132.84,3175.55,106,92,0.329,3604.02
20,2024-03-19,бытовая техника,3342.57,3373.76,105,964,0.11,3524.5
20,2024-03-20,бытовая техника,3239.63,3112.77,128,577,0.172,3625.93
20,2024-03-21,бытовая техника,3121.04,3073.46,104,370,0.184,3546.73
20,2024-03-22,бытовая техника,3220.3,3080.37,114,762,0.393,3653.9
20,2024-03-23,бытовая техника,3231.31,3248.46,116,758,0.13,3569.69
20,2024-03-24,бытовая техника,2995.7,3028.35,97,337,0.241,3542.24
20,2024-03-25,бытовая техника,3087.43,2997.4,114,642,0.343,3636.66
20,2024-03-26,бытовая техника,3137.29,3231.98,105,750,0.254,3574.44
20,2024-03-27,бытовая техника,3144.24,3052.35,116,988,0.195,3592.27
20,2024-03-28,бытовая техника,3185.05,3034.77,116,728,0.236,3606.43
20,2024-03-29,бытовая техника,3414.63,3379.27,106,512,0.381,3622.07
20,2024-03-30,бытовая техника,3443.41,3496.39,110,23,0.201,3573.57
21,2024-01-01,аксессуары,1065.91,1020.86,119,984,0.316,1135.16
21,2024-01-02,аксессуары,1216.41,1201.6,103,911,0.315,1117.78
21,2024-01-03,аксессуары,1205.06,1189.42,82,957,0.204,1083.16
21,2024-01-04,аксессуары,1106.37,1119.87,96,189,0.215,1099.41
21,2024-01-05,аксессуары,1247.12,1268.02,76,125,0.282,1085.06
21,2024-01-06,аксессуары,1146.51,1062.96,98,711,0.311,1111.95
21,2024-01-07,аксессуары,1143.91,1116.47,76,810,0.239,1080.38
21,2024-01-08,аксессуары,1195.15,1138.67,99,24,0.248,1106.2
21,2024-01-09,аксессуары,1200.85,1173.59,93,36,0.397,1115.86
21,2024-01-10,аксессуары,1164.26,1199.26,102,372,0.122,1095.85
21,2024-01-11,аксессуары,1172.54,1215.65,90,37,0.23,1094.61
21,2024-01-12,аксессуары,1220.01,1214.11,86,384,0.238,1091.12
21,2024-01-13,аксессуары,1161.7,1134.63,111,995,0.186,1112.54
21,2024-01-14,аксессуары,1236.72,1216.17,85,937,0.335,1100.53
21,2024-01-15,аксессуары,1165.22,1167.24,100,792,0.243,1106.8
21,2024-01-16,аксессуары,1067.06,956.01,93,37,0.225,1097.28
21,2024-01-17,аксессуары,1018.46,994.46,129,661,0.223,1136.0
21,2024-01-18,аксессуары,1089.4,1072.4,100,186,0.226,1104.89
21,2024-01-19,аксессуары,1015.62,945.55,125,764,0.168,1125.71
21,2024-01-20,аксессуары,848.05,764.36,120,956,0.119,1115.04
21,2024-01-21,аксессуары,964.53,1013.21,120,636,0.223,1126.25
21,2024-01-22,аксессуары,1020.18,967.23,113,383,0.292,1126.12
21,2024-01-23,аксессуары,1037.8,1037.22,103,370,0.156,1100.65
21,2024-01-24,аксессуары,976.81,977.38,105,763,0.367,1125.53
21,2024-01-25,аксессуары,1029.25,1054.83,96,444,0.279,1106.38
21,2024-01-26,аксессуары,948.76,964.29,106,121,0.148,1102.98
21,2024-01-27,аксессуары,1033.36,1013.05,108,431,0.304,1122.04
21,2024-01-28,аксессуары,1020.31,979.09,109,550,0.127,1104.01
21,2024-01-29,аксессуары,1099.48,1129.48,95,242,0.302,1107.71
21,2024-01-30,аксессуары,1038.47,992.81,126,285,0.254,1136.03
21,2024-01-31,аксессуары,1127.15,1114.0,111,822,0.125,1105.93
21,2024-02-01,аксессуары,1096.26,1065.03,83,290,0.182,1081.86
21,2024-02-02,аксессуары,1045.66,1053.28,82,271,0.253,1088.4
21,2024-02-03,аксессуары,1129.6,1141.77,88,164,0.395,1110.26
21,2024-02-04,аксессуары,1196.5,1191.72,90,287,0.155,1086.49
21,2024-02-05,аксессуары,1164.66,1142.18,85,534,0.304,1097.16
21,2024-02-06,аксессуары,1206.81,1212.21,63,771,0.208,1063.02
21,2024-02-07,аксессуары,1151.3,1165.2,104,860,0.394,1127.39
21,2024-02-08,аксессуары,1313.5,1301.47,75,357,0.275,1083.27
21,2024-02-09,аксессуары,1240.7,1240.44,86,35,0.349,1103.07
21,2024-02-10,аксессуары,1126.07,1120.89,86,276,0.297,1097.51
21,2024-02-11,аксессуары,1179.13,1185.48,100,459,0.346,1117.93
21,2024-02-12,аксессуары,1156.51,1204.39,83,280,0.373,1102.49
21,2024-02-13,аксессуары,1089.38,1082.82,101,463,0.123,1094.92
21,2024-02-14,аксессуары,1047.09,1106.08,102,569,0.116,1095.22
21,2024-02-15,аксессуары,1066.72,1075.84,118,747,0.266,1128.75
21,2024-02-16,аксессуары,1130.34,1119.19,91,367,0.16,1088.07
21,2024-02-17,аксессуары,952.77,936.75,98,425,0.19,1098.91
21,2024-02-18,аксессуары,920.78,934.73,97,295,0.308,1110.58
21,2024-02-19,аксессуары,1066.26,1081.41,94,59,0.399,1117.2
21,2024-02-20,аксессуары,948.26,978.8,124,306,0.143,1121.86
21,2024-02-21,аксессуары,944.66,962.65,113,619,0.362,1133.68
21,2024-02-22,аксессуары,1146.42,1120.15,89,983,0.346,1106.06
21,2024-02-23,аксессуары,924.58,900.17,115,111,0.296,1128.69
21,2024-02-24,аксессуары,946.4,961.16,117,924,0.387,1140.74
21,2024-02-25,аксессуары,1067.46,1105.1,93,471,0.201,1094.73
21,2024-02-26,аксессуары,985.99,993.0,108,904,0.239,1115.03
21,2024-02-27,аксессуары,1041.91,1041.85,104,535,0.116,1097.36
21,2024-02-28,аксессуары,1076.87,1055.84,94,692,0.368,1113.8
21,2024-02-29,аксессуары,1161.38,1151.21,90,862,0.193,1090.55
21,2024-03-01,аксессуары,997.01,1010.64,120,158,0.264,1130.61
21,2024-03-02,аксессуары,1102.29,1173.82,92,161,0.288,1102.98
21,2024-03-03,аксессуары,1043.51,1095.99,86,731,0.181,1084.93
21,2024-03-04,аксессуары,1232.9,1288.98,94,312,0.359,1112.88
21,2024-03-05,аксессуары,1193.79,1196.55,87,749,0.348,1104.04
21,2024-03-06,аксессуары,1151.6,1135.18,97,728,0.293,1108.92
21,2024-03-07,аксессуары,1088.8,1097.93,115,830,0.334,1132.85
21,2024-03-08,аксессуары,1180.53,1165.16,101,52,0.354,1119.86
21,2024-03-09,аксессуары,1108.42,1079.41,112,452,0.25,1120.52
21,2024-03-10,аксессуары,1229.36,1163.08,86,921,0.379,1106.38
21,2024-03-11,аксессуары,1092.74,1131.28,90,976,0.218,1093.3
21,2024-03-12,аксессуары,1123.02,1114.18,116,546,0.1,1108.65
21,2024-03-13,аксессуары,1059.59,1083.1,96,595,0.238,1101.89
21,2024-03-14,аксессуары,1166.13,1143.27,80,946,0.15,1075.17
21,2024-03-15,аксессуары,1036.82,960.15,130,120,0.154,1129.55
21,2024-03-16,аксессуары,1091.21,1156.35,82,311,0.342,1098.0
21,2024-03-17,аксессуары,1079.88,1057.36,84,165,0.25,1090.2
21,2024-03-18,аксессуары,1006.82,979.48,117,692,0.125,1112.36
21,2024-03-19,аксессуары,970.62,978.1,113,22,0.197,1115.8
21,2024-03-20,аксессуары,1022.94,1005.69,103,263,0.191,1104.41
21,2024-03-21,аксессуары,1077.52,1079.61,123,455,0.111,1117.38
21,2024-03-22,аксессуары,931.43,964.72,104,737,0.316,1118.96
21,2024-03-23,аксессуары,989.95,1017.67,105,802,0.267,1114.75
21,2024-03-24,аксессуары,967.5,946.96,93,176,0.199,1094.46
21,2024-03-25,аксессуары,1010.91,949.75,108,37,0.26,1117.28
21,2024-03-26,аксессуары,1013.4,1038.77,107,212,0.138,1102.99
21,2024-03-27,аксессуары,1011.87,1018.13,123,39,0.109,1117.17
21,2024-03-28,аксессуары,992.9,1019.85,113,664,0.219,1118.28
21,2024-03-29,аксессуары,1089.0,1067.98,102,325,0.131,1096.87
21,2024-03-30,аксессуары,1084.98,1131.93,102,477,0.193,1103.57
22,2024-01-01,аксессуары,1862.96,1834.23,85,839,0.138,1940.85
22,2024-01-02,аксессуары,1854.92,1820.1,108,512,0.131,1984.23
22,2024-01-03,аксессуары,1980.51,2027.6,103,88,0.218,1991.25
22,2024-01-04,аксессуары,2102.19,2038.74,86,483,0.354,1984.66
22,2024-01-05,аксессуары,1993.28,1914.42,102,170,0.214,1988.55
22,2024-01-06,аксессуары,2094.79,2079.75,113,821,0.123,1992.21
22,2024-01-07,аксессуары,2135.14,2140.78,93,188,0.278,1983.58
22,2024-01-08,аксессуары,2088.77,2084.58,115,22,0.31,2032.54
22,2024-01-09,аксессуары,2349.51,2405.22,75,950,0.163,1926.28
22,2024-01-10,аксессуары,2041.44,2032.94,99,571,0.221,1984.17
22,2024-01-11,аксессуары,2168.67,2101.19,95,953,0.3,1991.7
22,2024-01-12,аксессуары,2141.83,2124.16,95,914,0.204,1973.16
22,2024-01-13,аксессуары,2081.61,1939.33,98,205,0.102,1959.07
22,2024-01-14,аксессуары,2002.18,2012.48,86,733,0.389,1991.47
22,2024-01-15,аксессуары,2080.01,2106.3,77,731,0.274,1951.64
22,2024-01-16,аксессуары,1955.38,1875.13,120,25,0.21,2022.91
22,2024-01-17,аксессуары,1941.21,1934.38,116,178,0.329,2038.24
22,2024-01-18,аксессуары,1830.5,1813.57,94,522,0.243,1978.62
22,2024-01-19,аксессуары,1872.0,1882.62,106,784,0.249,2003.19
22,2024-01-20,аксессуары,1829.11,1758.57,113,728,0.262,2019.25
22,2024-01-21,аксессуары,1974.24,1874.79,97,254,0.254,1986.62
22,2024-01-22,аксессуары,1754.37,1718.77,128,592,0.101,2017.18
22,2024-01-23,аксессуары,1829.28,1769.98,102,605,0.167,1979.45
22,2024-01-24,аксессуары,1689.97,1666.6,130,968,0.284,2056.67
22,2024-01-25,аксессуары,1700.22,1649.57,121,880,0.143,2011.72
22,2024-01-26,аксессуары,1771.71,1693.61,107,438,0.34,2022.74
22,2024-01-27,аксессуары,1877.87,1823.81,108,766,0.121,1982.29
22,2024-01-28,аксессуары,1812.22,1802.0,106,71,0.277,2008.58
22,2024-01-29,аксессуары,1928.75,2057.56,86,440,0.195,1953.84
22,2024-01-30,аксессуары,1935.04,1901.05,106,866,0.392,2030.93
22,2024-01-31,аксессуары,2018.8,1953.37,100,83,0.18,1978.19
22,2024-02-01,аксессуары,1830.67,1816.65,109,932,0.237,2006.63
22,2024-02-02,аксессуары,2066.72,2002.32,106,901,0.144,1982.71
22,2024-02-03,аксессуары,2020.33,2044.4,98,790,0.333,2003.94
22,2024-02-04,аксессуары,1937.76,1933.32,95,349,0.113,1955.46
22,2024-02-05,аксессуары,2070.14,2056.37,95,113,0.274,1986.65
22,2024-02-06,аксессуары,2096.69,2094.8,111,979,0.317,2026.19
22,2024-02-07,аксессуары,2007.68,2064.53,85,803,0.155,1944.08
22,2024-02-08,аксессуары,2060.79,2131.42,89,958,0.393,1998.15
22,2024-02-09,аксессуары,2132.47,2081.39,101,389,0.289,2001.29
22,2024-02-10,аксессуары,1938.5,2000.54,122,770,0.249,2034.23
22,2024-02-11,аксессуары,2043.67,2024.75,101,792,0.19,1982.07
22,2024-02-12,аксессуары,2133.07,2171.5,96,468,0.208,1975.84
22,2024-02-13,аксессуары,2022.66,2088.68,106,82,0.103,1974.75
22,2024-02-14,аксессуары,1893.45,1968.55,92,846,0.312,1988.26
22,2024-02-15,аксессуары,2052.82,1991.95,103,131,0.223,1992.22
22,2024-02-16,аксессуары,2021.64,1980.7,95,79,0.258,1983.51
22,2024-02-17,аксессуары,1793.12,1800.38,113,256,0.127,1993.0
22,2024-02-18,аксессуары,1743.24,1659.14,119,654,0.196,2018.22
22,2024-02-19,аксессуары,1933.13,1857.34,96,942,0.312,1995.94
22,2024-02-20,аксессуары,1866.24,1877.12,93,797,0.3,1987.83
22,2024-02-21,аксессуары,1820.61,1805.46,96,541,0.139,1962.3
22,2024-02-22,аксессуары,1755.8,1868.09,104,791,0.16,1981.99
22,2024-02-23,аксессуары,1864.43,1946.47,102,274,0.272,1999.98
22,2024-02-24,аксессуары,1788.0,1833.99,117,138,0.34,2042.19
22,2024-02-25,аксессуары,1766.96,1924.74,113,223,0.357,2037.7
22,2024-02-26,аксессуары,1888.91,1901.06,78,398,0.131,1925.92
22,2024-02-27,аксессуары,1830.7,1727.61,106,782,0.313,2015.55
22,2024-02-28,аксессуары,1888.39,1871.43,109,538,0.135,1986.83
22,2024-02-29,аксессуары,1915.32,1873.09,122,520,0.391,2061.85
22,2024-03-01,аксессуары,1723.98,1749.11,111,986,0.397,2041.68
22,2024-03-02,аксессуары,1923.49,1973.75,107,908,0.235,2002.4
22,2024-03-03,аксессуары,1932.04,1937.96,98,614,0.267,1991.09
22,2024-03-04,аксессуары,2117.93,2039.92,90,181,0.327,1987.21
22,2024-03-05,аксессуары,1966.61,2006.19,87,167,0.307,1977.58
22,2024-03-06,аксессуары,2196.01,2192.16,99,757,0.146,1969.55
22,2024-03-07,аксессуары,2090.62,2046.2,120,992,0.338,2047.62
22,2024-03-08,аксессуары,2177.11,2065.58,93,306,0.242,1976.6
22,2024-03-09,аксессуары,2247.77,2231.08,73,520,0.176,1924.91
22,2024-03-10,аксессуары,2183.94,2222.99,108,531,0.249,2006.99
22,2024-03-11,аксессуары,1965.96,2008.31,103,91,0.103,1968.99
22,2024-03-12,аксессуары,2241.5,2091.29,86,379,0.35,1984.02
22,2024-03-13,аксессуары,2223.13,2120.27,78,324,0.226,1944.36
22,2024-03-14,аксессуары,1969.44,2031.49,98,557,0.106,1959.87
22,2024-03-15,аксессуары,2130.78,2197.61,75,698,0.385,1969.33
22,2024-03-16,аксессуары,1829.69,1801.76,117,131,0.167,2008.58
22,2024-03-17,аксессуары,1832.78,1873.99,100,979,0.222,1986.35
22,2024-03-18,аксессуары,1966.4,1994.61,107,854,0.257,2006.71
22,2024-03-19,аксессуары,1614.9,1602.04,120,704,0.317,2043.51
22,2024-03-20,аксессуары,1689.42,1671.13,103,948,0.174,1982.78
22,2024-03-21,аксессуары,1891.08,1939.96,107,317,0.195,1994.66
22,2024-03-22,аксессуары,1750.21,1690.31,121,658,0.268,2036.09
22,2024-03-23,аксессуары,1671.95,1578.3,124,808,0.113,2011.72
22,2024-03-24,аксессуары,1777.09,1799.53,115,782,0.121,1995.82
22,2024-03-25,аксессуары,1668.65,1699.93,124,849,0.378,2063.24
22,2024-03-26,аксессуары,1806.99,1745.38,118,655,0.276,2031.84
22,2024-03-27,аксессуары,1807.72,1856.07,89,852,0.385,1996.5
22,2024-03-28,аксессуары,1832.13,1882.94,106,396,0.398,2032.16
22,2024-03-29,аксессуары,1844.93,1826.83,103,496,0.362,2019.41
22,2024-03-30,аксессуары,1995.38,2008.41,102,361,0.368,2018.46
23,2024-01-01,аксессуары,638.67,656.06,120,202,0.24,667.91
23,2024-01-02,аксессуары,608.29,613.57,98,693,0.182,650.13
23,2024-01-03,аксессуары,692.94,705.38,91,521,0.259,650.59
23,2024-01-04,аксессуары,695.74,689.59,97,198,0.314,657.93
23,2024-01-05,аксессуары,732.58,715.8,86,344,0.151,640.45
23,2024-01-06,аксессуары,680.7,695.34,99,361,0.296,658.1
23,2024-01-07,аксессуары,735.46,703.15,99,474,0.182,650.76
23,2024-01-08,аксессуары,729.67,706.89,95,62,0.2,649.4
23,2024-01-09,аксессуары,804.42,821.82,75,92,0.389,648.67
23,2024-01-10,аксессуары,693.16,720.08,84,299,0.222,643.77
23,2024-01-11,аксессуары,674.42,666.78,85,274,0.214,643.89
23,2024-01-12,аксессуары,638.05,613.87,78,268,0.268,642.85
23,2024-01-13,аксессуары,743.0,729.68,84,460,0.261,646.24
23,2024-01-14,аксессуары,657.08,659.0,102,78,0.319,661.49
23,2024-01-15,аксессуары,663.77,672.79,108,216,0.223,659.16
23,2024-01-16,аксессуары,614.43,610.51,105,379,0.297,661.96
23,2024-01-17,аксессуары,588.49,599.6,105,962,0.152,652.68
23,2024-01-18,аксессуары,599.19,591.95,119,409,0.326,672.8
23,2024-01-19,аксессуары,653.37,645.8,93,69,0.11,642.36
23,2024-01-20,аксессуары,553.36,559.07,120,82,0.22,666.63
23,2024-01-21,аксессуары,621.39,618.1,96,268,0.385,661.83
23,2024-01-22,аксессуары,609.51,606.49,111,414,0.193,659.16
23,2024-01-23,аксессуары,585.71,597.9,102,181,0.104,647.73
23,2024-01-24,аксессуары,640.93,652.76,103,281,0.283,659.79
23,2024-01-25,аксессуары,541.87,507.02,115,404,0.327,670.3
23,2024-01-26,аксессуары,613.09,615.69,96,119,0.35,659.64
23,2024-01-27,аксессуары,568.27,590.29,100,734,0.119,647.42
23,2024-01-28,аксессуары,603.94,580.79,127,586,0.315,677.23
23,2024-01-29,аксессуары,618.37,624.72,103,360,0.184,653.47
23,2024-01-30,аксессуары,648.41,633.21,95,343,0.317,656.87
23,2024-01-31,аксессуары,696.19,712.76,76,722,0.323,645.11
23,2024-02-01,аксессуары,683.43,674.73,104,141,0.286,660.67
23,2024-02-02,аксессуары,653.55,641.92,94,699,0.191,648.13
23,2024-02-03,аксессуары,707.57,752.97,84,270,0.282,647.58
23,2024-02-04,аксессуары,699.31,703.88,90,994,0.136,642.08
23,2024-02-05,аксессуары,697.38,712.15,83,374,0.175,640.07
23,2024-02-06,аксессуары,760.41,745.94,66,794,0.228,632.62
23,2024-02-07,аксессуары,639.37,639.08,90,165,0.224,647.71
23,2024-02-08,аксессуары,758.16,745.77,97,186,0.297,656.88
23,2024-02-09,аксессуары,691.62,695.72,103,316,0.253,657.89
23,2024-02-10,аксессуары,729.03,730.6,68,76,0.251,635.34
23,2024-02-11,аксессуары,677.7,643.89,109,997,0.156,655.53
23,2024-02-12,аксессуары,672.76,702.35,77,463,0.279,642.89
23,2024-02-13,аксессуары,621.46,624.47,111,226,0.213,660.45
23,2024-02-14,аксессуары,643.41,653.6,88,501,0.201,644.99
23,2024-02-15,аксессуары,605.36,616.1,88,53,0.302,651.44
23,2024-02-16,аксессуары,604.61,595.78,108,377,0.174,656.01
23,2024-02-17,аксессуары,586.45,582.88,119,300,0.281,669.93
23,2024-02-18,аксессуары,620.24,633.38,92,285,0.368,658.19
23,2024-02-19,аксессуары,565.99,541.94,121,579,0.384,677.79
23,2024-02-20,аксессуары,560.77,523.34,125,222,0.243,671.29
23,2024-02-21,аксессуары,631.59,641.59,95,726,0.103,643.19
23,2024-02-22,аксессуары,541.35,538.98,104,141,0.135,650.97
23,2024-02-23,аксессуары,596.71,571.01,119,610,0.386,676.65
23,2024-02-24,аксессуары,592.92,578.52,78,115,0.143,634.84
23,2024-02-25,аксессуары,609.76,619.43,110,317,0.236,661.31
23,2024-02-26,аксессуары,607.47,604.53,119,838,0.305,671.47
23,2024-02-27,аксессуары,661.09,642.05,103,538,0.351,664.16
23,2024-02-28,аксессуары,589.74,599.61,88,836,0.277,649.83
23,2024-02-29,аксессуары,646.85,653.11,99,787,0.151,648.8
23,2024-03-01,аксессуары,670.26,664.51,100,204,0.231,654.58
23,2024-03-02,аксессуары,648.62,654.69,108,686,0.218,658.83
23,2024-03-03,аксессуары,707.17,715.27,89,999,0.111,639.85
23,2024-03-04,аксессуары,684.73,696.36,83,620,0.319,649.29
23,2024-03-05,аксессуары,697.14,696.16,97,571,0.273,655.35
23,2024-03-06,аксессуары,688.04,685.99,85,741,0.375,654.19
23,2024-03-07,аксессуары,752.91,746.51,67,53,0.215,632.42
23,2024-03-08,аксессуары,697.43,678.76,78,799,0.307,645.32
23,2024-03-09,аксессуары,698.46,663.65,96,924,0.284,655.4
23,2024-03-10,аксессуары,703.87,743.41,75,224,0.329,644.84
23,2024-03-11,аксессуары,659.52,682.22,81,129,0.227,642.17
23,2024-03-12,аксессуары,692.1,699.42,100,240,0.274,657.33
23,2024-03-13,аксессуары,596.74,599.6,104,545,0.347,664.53
23,2024-03-14,аксессуары,634.55,622.84,105,932,0.378,667.14
23,2024-03-15,аксессуары,696.12,683.67,111,531,0.177,658.14
23,2024-03-16,аксессуары,648.6,683.82,88,806,0.21,645.5
23,2024-03-17,аксессуары,635.92,622.88,102,837,0.199,653.79
23,2024-03-18,аксессуары,606.09,600.3,108,634,0.345,666.98
23,2024-03-19,аксессуары,541.59,609.61,97,398,0.167,648.55
23,2024-03-20,аксессуары,623.22,607.97,76,161,0.312,644.36
23,2024-03-21,аксессуары,632.07,622.92,114,851,0.287,667.07
23,2024-03-22,аксессуары,566.74,565.38,108,241,0.294,663.73
23,2024-03-23,аксессуары,535.54,523.26,143,893,0.267,684.37
23,2024-03-24,аксессуары,536.05,517.78,103,165,0.302,660.99
23,2024-03-25,аксессуары,545.94,558.76,130,381,0.222,673.18
23,2024-03-26,аксессуары,565.9,547.32,116,813,0.217,663.88
23,2024-03-27,аксессуары,657.95,687.57,89,317,0.175,643.93
23,2024-03-28,аксессуары,565.24,577.62,110,515,0.382,670.62
23,2024-03-29,аксессуары,592.0,560.06,114,341,0.39,673.66
23,2024-03-30,аксессуары,673.01,653.73,97,287,0.4,663.44
24,2024-01-01,аксессуары,1902.95,1787.8,102,195,0.365,1960.27
24,2024-01-02,аксессуары,2007.18,1981.3,85,944,0.286,1913.34
24,2024-01-03,аксессуары,1848.2,1754.51,102,592,0.142,1918.24
24,2024-01-04,аксессуары,1892.08,1935.06,101,237,0.313,1948.49
24,2024-01-05,аксессуары,2160.94,2162.84,76,455,0.133,1867.43
24,2024-01-06,аксессуары,2184.45,2195.71,95,826,0.16,1908.37
24,2024-01-07,аксессуары,2008.18,2074.97,83,629,0.252,1903.06
24,2024-01-08,аксессуары,1961.15,2052.49,98,35,0.236,1928.3
24,2024-01-09,аксессуары,1898.77,1878.62,95,205,0.264,1928.08
24,2024-01-10,аксессуары,2078.23,2125.42,93,791,0.328,1936.36
24,2024-01-11,аксессуары,1907.17,1914.82,97,361,0.355,1948.86
24,2024-01-12,аксессуары,1828.18,1741.93,102,835,0.125,1915.04
24,2024-01-13,аксессуары,2096.17,1998.65,95,695,0.183,1912.67
24,2024-01-14,аксессуары,1956.52,1908.64,97,48,0.111,1902.89
24,2024-01-15,аксессуары,1936.17,1971.04,95,963,0.175,1911.23
24,2024-01-16,аксессуары,1704.23,1721.94,114,172,0.253,1961.78
24,2024-01-17,аксессуары,1776.28,1709.2,110,433,0.242,1952.12
24,2024-01-18,аксессуары,1916.93,1900.52,106,890,0.344,1963.77
24,2024-01-19,аксессуары,1700.76,1751.1,111,335,0.297,1964.4
24,2024-01-20,аксессуары,1671.12,1733.7,104,116,0.116,1917.13
24,2024-01-21,аксессуары,1783.52,1802.03,110,808,0.11,1927.24
24,2024-01-22,аксессуары,1724.58,1770.26,103,425,0.349,1959.2
24,2024-01-23,аксессуары,1648.8,1715.3,100,424,0.188,1923.09
24,2024-01-24,аксессуары,1547.73,1573.72,129,567,0.121,1965.26
24,2024-01-25,аксессуары,1699.66,1790.85,95,27,0.184,1912.98
24,2024-01-26,аксессуары,1553.46,1578.21,124,485,0.245,1979.05
24,2024-01-27,аксессуары,1763.42,1761.45,104,756,0.366,1964.23
24,2024-01-28,аксессуары,1896.93,1893.09,96,595,0.221,1921.74
24,2024-01-29,аксессуары,1910.16,1805.8,106,232,0.151,1927.34
24,2024-01-30,аксессуары,1932.03,2007.76,91,837,0.358,1938.09
24,2024-01-31,аксессуары,1946.36,1983.3,104,61,0.385,1967.88
24,2024-02-01,аксессуары,1748.87,1767.23,111,194,0.372,1978.51
24,2024-02-02,аксессуары,2052.99,1966.36,80,971,0.366,1918.95
24,2024-02-03,аксессуары,2015.62,2051.36,83,542,0.384,1928.05
24,2024-02-04,аксессуары,1962.23,1959.0,87,245,0.32,1923.5
24,2024-02-05,аксессуары,2164.08,2133.25,78,673,0.378,1917.5
24,2024-02-06,аксессуары,1987.99,1919.32,106,500,0.391,1972.74
24,2024-02-07,аксессуары,2069.15,1982.76,119,464,0.132,1948.38
24,2024-02-08,аксессуары,1986.54,1963.15,100,475,0.121,1910.43
24,2024-02-09,аксессуары,2080.81,2036.66,85,748,0.135,1884.81
24,2024-02-10,аксессуары,1974.95,2069.93,85,576,0.14,1885.79
24,2024-02-11,аксессуары,1903.78,1992.81,95,725,0.136,1903.89
24,2024-02-12,аксессуары,1996.64,2060.25,108,968,0.158,1932.53
24,2024-02-13,аксессуары,2136.85,2150.71,98,650,0.131,1908.58
24,2024-02-14,аксессуары,1838.78,1876.91,98,30,0.342,1948.3
24,2024-02-15,аксессуары,1705.82,1740.32,104,546,0.314,1954.46
24,2024-02-16,аксессуары,1752.85,1685.96,92,860,0.398,1947.69
24,2024-02-17,аксессуары,1755.78,1775.0,112,885,0.357,1977.71
24,2024-02-18,аксессуары,1697.06,1736.81,109,667,0.2,1942.3
24,2024-02-19,аксессуары,1509.33,1464.03,122,372,0.27,1980.01
24,2024-02-20,аксессуары,1684.15,1595.88,102,164,0.103,1910.83
24,2024-02-21,аксессуары,1778.03,1762.03,102,313,0.105,1911.28
24,2024-02-22,аксессуары,1674.69,1692.98,97,534,0.268,1932.61
24,2024-02-23,аксессуары,1649.02,1705.37,119,962,0.128,1947.7
24,2024-02-24,аксессуары,1794.34,1844.53,90,338,0.345,1933.93
24,2024-02-25,аксессуары,1789.17,1782.06,92,821,0.328,1934.36
24,2024-02-26,аксессуары,1766.1,1737.99,97,695,0.398,1957.05
24,2024-02-27,аксессуары,1685.72,1660.3,107,273,0.345,1965.92
24,2024-02-28,аксессуары,1748.63,1682.61,114,838,0.377,1985.12
24,2024-02-29,аксессуары,1986.57,1942.21,116,96,0.157,1947.35
24,2024-03-01,аксессуары,1857.95,1872.68,92,543,0.113,1893.76
24,2024-03-02,аксессуары,1851.4,1930.19,95,627,0.4,1953.61
24,2024-03-03,аксессуары,2011.33,2051.18,94,55,0.128,1900.43
24,2024-03-04,аксессуары,2085.1,2137.7,88,856,0.258,1913.65
24,2024-03-05,аксессуары,2153.69,2070.68,95,822,0.327,1939.94
24,2024-03-06,аксессуары,1843.05,1786.02,107,177,0.269,1951.64
24,2024-03-07,аксессуары,2003.84,2052.83,102,459,0.343,1956.07
24,2024-03-08,аксессуары,2115.64,2118.23,86,551,0.315,1920.61
24,2024-03-09,аксессуары,1935.54,1787.56,100,288,0.381,1959.52
24,2024-03-10,аксессуары,2063.78,2045.48,104,346,0.142,1921.86
24,2024-03-11,аксессуары,2085.29,2046.25,91,567,0.315,1930.16
24,2024-03-12,аксессуары,2008.51,1991.9,90,909,0.233,1912.63
24,2024-03-13,аксессуары,2108.21,2203.58,75,162,0.25,1887.55
24,2024-03-14,аксессуары,1775.62,1704.32,99,140,0.244,1931.8
24,2024-03-15,аксессуары,2049.13,2063.15,101,750,0.304,1946.93
24,2024-03-16,аксессуары,2006.73,2102.24,81,444,0.399,1926.99
24,2024-03-17,аксессуары,1764.67,1807.14,102,998,0.281,1944.41
24,2024-03-18,аксессуары,1727.16,1763.22,101,966,0.306,1947.22
24,2024-03-19,аксессуары,1686.73,1656.37,115,520,0.101,1935.02
24,2024-03-20,аксессуары,1702.4,1700.79,105,993,0.255,1945.25
24,2024-03-21,аксессуары,1795.32,1828.26,97,484,0.156,1911.32
24,2024-03-22,аксессуары,1882.17,1860.11,115,680,0.367,1985.21
24,2024-03-23,аксессуары,1678.34,1702.51,103,647,0.377,1964.5
24,2024-03-24,аксессуары,1626.27,1597.6,125,214,0.198,1972.2
24,2024-03-25,аксессуары,1665.23,1717.16,111,808,0.374,1978.98
24,2024-03-26,аксессуары,1675.46,1620.08,108,201,0.338,1966.48
24,2024-03-27,аксессуары,1535.61,1611.51,104,570,0.128,1919.4
24,2024-03-28,аксессуары,1973.92,1918.0,82,653,0.352,1920.15
24,2024-03-29,аксессуары,1626.15,1548.75,123,896,0.101,1950.1
24,2024-03-30,аксессуары,1948.56,1893.51,100,350,0.229,1930.77
25,2024-01-01,аксессуары,4981.15,4891.74,103,930,0.262,4997.01
25,2024-01-02,аксессуары,4915.64,4962.21,104,714,0.332,5035.76
25,2024-01-03,аксессуары,5242.25,5249.88,102,590,0.337,5028.66
25,2024-01-04,аксессуары,5091.58,5014.03,102,57,0.163,4944.05
25,2024-01-05,аксессуары,5056.8,5084.57,91,407,0.199,4907.88
25,2024-01-06,аксессуары,5364.92,5513.42,98,894,0.392,5035.84
25,2024-01-07,аксессуары,5150.61,5136.88,98,468,0.309,4995.3
25,2024-01-08,аксессуары,5720.58,5859.41,72,551,0.267,4848.87
25,2024-01-09,аксессуары,5464.71,5284.19,101,948,0.107,4912.02
25,2024-01-10,аксессуары,5216.33,5431.48,95,346,0.395,5022.59
25,2024-01-11,аксессуары,5170.53,5227.7,83,880,0.37,4952.08
25,2024-01-12,аксессуары,4922.31,4933.43,116,951,0.343,5099.43
25,2024-01-13,аксессуары,4891.24,4866.22,105,462,0.162,4958.27
25,2024-01-14,аксессуары,5073.14,5042.4,93,378,0.229,4932.06
25,2024-01-15,аксессуары,4858.04,4978.81,73,636,0.174,4808.38
25,2024-01-16,аксессуары,4607.54,4728.06,102,125,0.157,4940.94
25,2024-01-17,аксессуары,4652.74,4658.86,108,912,0.266,5023.15
25,2024-01-18,аксессуары,5015.11,4851.5,94,492,0.187,4916.6
25,2024-01-19,аксессуары,4819.67,5108.42,104,786,0.29,5015.44
25,2024-01-20,аксессуары,5021.51,4917.72,109,556,0.285,5037.14
25,2024-01-21,аксессуары,4321.54,4255.64,116,232,0.205,5032.34
25,2024-01-22,аксессуары,4532.2,4507.23,97,600,0.354,5012.54
25,2024-01-23,аксессуары,4178.48,4326.84,97,733,0.332,5001.72
25,2024-01-24,аксессуары,4299.04,4324.82,114,159,0.399,5116.64
25,2024-01-25,аксессуары,4380.84,4263.0,118,132,0.363,5118.87
25,2024-01-26,аксессуары,4583.11,4712.59,97,234,0.392,5030.94
25,2024-01-27,аксессуары,4629.23,4596.23,101,939,0.289,5000.51
25,2024-01-28,аксессуары,5057.29,4898.62,91,234,0.134,4876.57
25,2024-01-29,аксессуары,4954.13,4851.04,91,76,0.13,4874.65
25,2024-01-30,аксессуары,4810.23,4632.56,126,579,0.153,5055.4
25,2024-01-31,аксессуары,5378.57,5323.12,86,634,0.227,4897.34
25,2024-02-01,аксессуары,4819.84,4734.32,108,805,0.104,4944.48
25,2024-02-02,аксессуары,5007.95,4903.54,95,810,0.384,5017.24
25,2024-02-03,аксессуары,4886.45,4994.88,90,173,0.284,4944.54
25,2024-02-04,аксессуары,5314.87,5399.5,68,47,0.123,4759.24
25,2024-02-05,аксессуары,5469.41,5641.36,68,626,0.299,4845.06
25,2024-02-06,аксессуары,5277.59,5286.83,87,913,0.266,4921.18
25,2024-02-07,аксессуары,5935.31,5944.71,89,446,0.224,4910.46
25,2024-02-08,аксессуары,5384.13,5328.84,98,701,0.118,4902.54
25,2024-02-09,аксессуары,5686.96,5804.62,80,756,0.195,4852.5
25,2024-02-10,аксессуары,5183.0,5226.96,74,637,0.315,4882.04
25,2024-02-11,аксессуары,5459.21,5565.72,71,828,0.395,4906.06
25,2024-02-12,аксессуары,4930.93,5228.08,112,522,0.265,5042.01
25,2024-02-13,аксессуары,5028.95,4887.67,94,975,0.159,4903.05
25,2024-02-14,аксессуары,5319.39,5308.1,69,506,0.177,4790.58
25,2024-02-15,аксессуары,4810.23,4751.71,111,998,0.393,5099.39
25,2024-02-16,аксессуары,4701.52,4658.88,109,855,0.286,5037.53
25,2024-02-17,аксессуары,4650.63,4882.0,101,301,0.131,4923.49
25,2024-02-18,аксессуары,4530.48,4498.43,107,74,0.164,4968.61
25,2024-02-19,аксессуары,4513.18,4355.32,122,703,0.268,5092.19
25,2024-02-20,аксессуары,4751.39,4771.08,101,595,0.231,4972.13
25,2024-02-21,аксессуары,4461.65,4408.4,125,586,0.112,5030.77
25,2024-02-22,аксессуары,4684.37,4452.9,98,769,0.365,5022.8
25,2024-02-23,аксессуары,4668.29,4732.38,114,385,0.217,5028.31
25,2024-02-24,аксессуары,4462.27,4461.25,104,176,0.164,4954.23
25,2024-02-25,аксессуары,4098.54,4297.16,116,167,0.124,4993.19
25,2024-02-26,аксессуары,4486.41,4454.55,109,755,0.163,4977.91
25,2024-02-27,аксессуары,4562.43,4153.4,112,341,0.215,5017.69
25,2024-02-28,аксессуары,4687.71,4777.28,113,904,0.397,5110.85
25,2024-02-29,аксессуары,4392.63,4345.16,117,873,0.152,5011.3
25,2024-03-01,аксессуары,5043.15,5259.65,80,551,0.213,4861.18
25,2024-03-02,аксессуары,5282.55,5239.42,91,544,0.156,4887.36
25,2024-03-03,аксессуары,5162.96,5153.32,96,233,0.12,4894.17
25,2024-03-04,аксессуары,4881.75,4962.89,81,352,0.374,4944.25
25,2024-03-05,аксессуары,5326.24,5147.3,92,357,0.349,4985.83
25,2024-03-06,аксессуары,5361.1,5604.18,76,28,0.145,4809.0
25,2024-03-07,аксессуары,5006.74,5175.2,106,580,0.12,4942.55
25,2024-03-08,аксессуары,5035.68,4913.95,102,366,0.119,4922.72
25,2024-03-09,аксессуары,5473.19,5314.21,86,51,0.387,4974.78
25,2024-03-10,аксессуары,5468.43,5106.31,94,943,0.332,4987.2
25,2024-03-11,аксессуары,5246.92,5078.4,88,517,0.198,4892.94
25,2024-03-12,аксессуары,5495.64,5494.9,78,235,0.349,4917.82
25,2024-03-13,аксессуары,4814.93,4685.67,87,378,0.15,4864.62
25,2024-03-14,аксессуары,4735.32,4795.19,108,798,0.37,5073.71
25,2024-03-15,аксессуары,5126.76,4868.41,60,737,0.236,4775.24
25,2024-03-16,аксессуары,4923.99,4976.57,105,74,0.305,5027.37
25,2024-03-17,аксессуары,4796.12,4863.99,101,198,0.276,4993.78
25,2024-03-18,аксессуары,4693.9,4732.95,85,218,0.258,4907.74
25,2024-03-19,аксессуары,4189.82,4102.3,123,557,0.218,5072.47
25,2024-03-20,аксессуары,4575.7,4400.49,105,308,0.356,5052.19
25,2024-03-21,аксессуары,4674.35,4836.64,118,526,0.145,5012.96
25,2024-03-22,аксессуары,4496.35,4783.85,97,938,0.233,4953.51
25,2024-03-23,аксессуары,4583.64,4989.98,101,464,0.115,4915.65
25,2024-03-24,аксессуары,4595.63,4618.54,114,440,0.195,5017.98
25,2024-03-25,аксессуары,4057.99,3844.54,114,397,0.374,5104.64
25,2024-03-26,аксессуары,4340.69,4275.77,108,995,0.273,5026.49
25,2024-03-27,аксессуары,4215.97,3871.91,118,629,0.345,5110.02
25,2024-03-28,аксессуары,4922.71,4805.24,96,391,0.126,4896.73
25,2024-03-29,аксессуары,4809.63,4866.12,105,428,0.189,4971.03
25,2024-03-30,аксессуары,5035.82,4922.91,91,732,0.198,4907.54
26,2024-01-01,аксессуары,4105.21,4242.11,81,156,0.264,3933.94
26,2024-01-02,аксессуары,3747.63,3587.75,88,703,0.182,3929.18
26,2024-01-03,аксессуары,3985.82,4044.88,97,385,0.271,3999.27
26,2024-01-04,аксессуары,4105.75,4251.19,91,774,0.338,4001.91
26,2024-01-05,аксессуары,4084.15,4153.47,85,576,0.375,3992.97
26,2024-01-06,аксессуары,4168.17,4276.0,75,407,0.33,3936.22
26,2024-01-07,аксессуары,4354.02,4405.59,75,960,0.167,3872.88
26,2024-01-08,аксессуары,4586.23,4393.56,85,903,0.359,3986.8
26,2024-01-09,аксессуары,4304.93,4161.08,90,894,0.121,3913.48
26,2024-01-10,аксессуары,4548.08,4586.3,91,959,0.203,3949.05
26,2024-01-11,аксессуары,4429.28,4419.29,90,693,0.104,3906.6
26,2024-01-12,аксессуары,4151.71,4091.59,90,562,0.2,3944.13
26,2024-01-13,аксессуары,3744.15,3902.78,87,881,0.316,3977.88
26,2024-01-14,аксессуары,3981.4,3938.85,96,192,0.3,4006.51
26,2024-01-15,аксессуары,4282.36,4447.07,79,278,0.282,3933.1
26,2024-01-16,аксессуары,3579.11,3707.65,118,29,0.32,4100.39
26,2024-01-17,аксессуары,3976.43,3679.46,115,942,0.291,4077.41
26,2024-01-18,аксессуары,3469.47,3495.05,120,811,0.215,4067.08
26,2024-01-19,аксессуары,4013.26,3909.05,106,295,0.317,4052.51
26,2024-01-20,аксессуары,3832.28,3846.42,94,727,0.298,3998.0
26,2024-01-21,аксессуары,3500.0,3856.54,101,678,0.203,3988.47
26,2024-01-22,аксессуары,3148.74,3154.21,114,284,0.129,4010.06
26,2024-01-23,аксессуары,3726.42,3682.76,120,396,0.384,4133.32
26,2024-01-24,аксессуары,3720.58,3794.19,106,179,0.217,4013.39
26,2024-01-25,аксессуары,3578.41,3490.78,92,57,0.333,4003.75
26,2024-01-26,аксессуары,3559.49,3624.93,118,636,0.243,4070.21
26,2024-01-27,аксессуары,3157.41,3085.48,119,666,0.28,4088.52
26,2024-01-28,аксессуары,3929.53,3894.57,97,615,0.178,3963.03
26,2024-01-29,аксессуары,3838.35,3808.48,95,30,0.147,3942.88
26,2024-01-30,аксессуары,3869.1,4030.4,104,931,0.27,4025.99
26,2024-01-31,аксессуары,3790.73,3981.19,122,814,0.321,4116.56
26,2024-02-01,аксессуары,3884.37,3827.36,101,406,0.184,3980.69
26,2024-02-02,аксессуары,4130.58,4092.54,105,338,0.221,4011.02
26,2024-02-03,аксессуары,3939.63,4069.97,103,838,0.116,3961.98
26,2024-02-04,аксессуары,4347.61,4219.02,90,329,0.375,4012.55
26,2024-02-05,аксессуары,4189.37,4049.61,92,958,0.237,3966.23
26,2024-02-06,аксессуары,4084.98,3994.67,112,380,0.316,4075.24
26,2024-02-07,аксессуары,4330.87,4310.15,99,500,0.234,3992.49
26,2024-02-08,аксессуары,4489.01,4435.43,78,858,0.166,3883.84
26,2024-02-09,аксессуары,4495.4,4634.45,102,450,0.115,3958.03
26,2024-02-10,аксессуары,4477.06,4386.73,97,414,0.15,3952.02
26,2024-02-11,аксессуары,4042.69,3991.26,94,408,0.219,3967.3
26,2024-02-12,аксессуары,4155.74,3983.47,100,543,0.325,4032.22
26,2024-02-13,аксессуары,4191.8,4273.3,81,991,0.32,3955.97
26,2024-02-14,аксессуары,4252.05,4259.64,98,967,0.142,3952.72
26,2024-02-15,аксессуары,4193.65,4015.85,89,796,0.246,3958.41
26,2024-02-16,аксессуары,3992.83,3896.83,93,52,0.154,3938.03
26,2024-02-17,аксессуары,3830.74,3806.78,116,823,0.222,4054.3
26,2024-02-18,аксессуары,3884.11,3720.62,96,767,0.134,3941.75
26,2024-02-19,аксессуары,3588.58,3603.05,105,920,0.125,3973.46
26,2024-02-20,аксессуары,3639.31,3768.95,103,638,0.343,4050.94
26,2024-02-21,аксессуары,3434.07,3464.75,123,331,0.165,4059.53
26,2024-02-22,аксессуары,3738.57,3495.97,111,331,0.24,4041.96
26,2024-02-23,аксессуары,3522.2,3578.2,93,940,0.125,3926.61
26,2024-02-24,аксессуары,3831.4,3874.45,108,359,0.127,3986.1
26,2024-02-25,аксессуары,3150.3,3067.4,126,906,0.133,4058.67
26,2024-02-26,аксессуары,3703.39,3753.65,110,237,0.351,4081.27
26,2024-02-27,аксессуары,3840.98,3948.5,95,401,0.254,3984.86
26,2024-02-28,аксессуары,4011.69,3917.16,103,233,0.329,4045.11
26,2024-02-29,аксессуары,3464.14,3716.15,112,138,0.193,4027.26
26,2024-03-01,аксессуары,3974.67,3930.94,117,31,0.213,4054.62
26,2024-03-02,аксессуары,4252.44,3964.46,88,767,0.32,3983.13
26,2024-03-03,аксессуары,3816.58,3874.25,100,538,0.111,3948.41
26,2024-03-04,аксессуары,4093.47,4089.82,98,645,0.256,3997.4
26,2024-03-05,аксессуары,4152.5,4447.67,92,406,0.244,3969.28
26,2024-03-06,аксессуары,4096.39,4014.8,115,866,0.229,4053.2
26,2024-03-07,аксессуары,4603.76,4582.33,76,260,0.171,3878.22
26,2024-03-08,аксессуары,4384.86,4359.71,68,623,0.325,3907.11
26,2024-03-09,аксессуары,4130.79,4158.04,95,204,0.13,3936.49
26,2024-03-10,аксессуары,3787.84,3843.23,74,895,0.284,3914.56
26,2024-03-11,аксессуары,4108.46,3997.31,89,573,0.213,3945.2
26,2024-03-12,аксессуары,4108.34,4072.79,87,630,0.123,3902.54
26,2024-03-13,аксессуары,3910.28,4132.15,79,215,0.22,3909.09
26,2024-03-14,аксессуары,4119.37,4047.32,88,83,0.172,3925.4
26,2024-03-15,аксессуары,4028.96,4200.28,119,39,0.168,4044.73
26,2024-03-16,аксессуары,3601.89,3717.13,102,268,0.204,3992.56
26,2024-03-17,аксессуары,3975.52,3752.5,97,858,0.165,3957.93
26,2024-03-18,аксессуары,3677.04,3710.21,103,318,0.334,4047.39
26,2024-03-19,аксессуары,3973.07,3895.4,113,420,0.314,4078.43
26,2024-03-20,аксессуары,3638.74,3604.0,116,355,0.39,4119.76
26,2024-03-21,аксессуары,4074.89,4228.33,94,43,0.162,3944.78
26,2024-03-22,аксессуары,3683.28,3769.59,109,738,0.338,4072.42
26,2024-03-23,аксессуары,3446.75,3423.57,106,602,0.298,4044.91
26,2024-03-24,аксессуары,3597.99,3448.88,112,751,0.246,4048.08
26,2024-03-25,аксессуары,3189.64,2982.73,120,957,0.103,4023.55
26,2024-03-26,аксессуары,3757.79,3718.59,110,984,0.144,4000.39
26,2024-03-27,аксессуары,3563.81,3621.66,108,611,0.336,4067.52
26,2024-03-28,аксессуары,3710.02,3725.37,114,85,0.188,4033.09
26,2024-03-29,аксессуары,4023.4,3962.0,104,668,0.26,4022.13
26,2024-03-30,аксессуары,3728.81,3747.81,107,950,0.164,3996.51
27,2024-01-01,бытовая техника,2495.35,2393.29,99,56,0.29,2486.38
27,2024-01-02,бытовая техника,2466.14,2450.06,112,585,0.337,2529.37
27,2024-01-03,бытовая техника,2423.54,2430.56,90,910,0.117,2422.86
27,2024-01-04,бытовая техника,2391.06,2352.39,94,741,0.312,2479.62
27,2024-01-05,бытовая техника,2674.4,2748.87,83,60,0.258,2440.13
27,2024-01-06,бытовая техника,2605.22,2629.96,88,644,0.281,2457.7
27,2024-01-07,бытовая техника,2581.78,2447.36,103,111,0.399,2522.63
27,2024-01-08,бытовая техника,2859.33,2824.61,88,823,0.141,2423.81
27,2024-01-09,бытовая техника,2837.95,2979.34,90,511,0.119,2423.29
27,2024-01-10,бытовая техника,2750.78,2692.02,94,29,0.12,2433.17
27,2024-01-11,бытовая техника,2767.92,2754.46,83,203,0.102,2402.27
27,2024-01-12,бытовая техника,2522.11,2490.49,96,723,0.263,2472.68
27,2024-01-13,бытовая техника,2559.69,2580.13,112,588,0.384,2540.73
27,2024-01-14,бытовая техника,2662.68,2681.83,76,190,0.354,2446.33
27,2024-01-15,бытовая техника,2411.54,2405.19,111,752,0.262,2508.74
27,2024-01-16,бытовая техника,2327.59,2352.67,102,40,0.36,2510.68
27,2024-01-17,бытовая техника,2383.16,2405.94,99,565,0.177,2459.05
27,2024-01-18,бытовая техника,2321.49,2238.4,116,265,0.226,2512.16
27,2024-01-19,бытовая техника,2328.18,2472.42,118,42,0.264,2526.19
27,2024-01-20,бытовая техника,2135.92,2166.71,110,551,0.352,2528.05
27,2024-01-21,бытовая техника,2437.57,2367.53,104,179,0.298,2500.42
27,2024-01-22,бытовая техника,2034.66,1898.57,128,415,0.113,2513.73
27,2024-01-23,бытовая техника,1985.66,2030.12,124,200,0.146,2512.17
27,2024-01-24,бытовая техника,2098.79,2152.67,103,143,0.268,2490.87
27,2024-01-25,бытовая техника,2219.19,2262.67,116,865,0.383,2550.17
27,2024-01-26,бытовая техника,2175.97,2155.19,105,312,0.345,2514.32
27,2024-01-27,бытовая техника,2358.57,2391.03,100,156,0.357,2505.08
27,2024-01-28,бытовая техника,2285.56,2259.79,113,134,0.101,2474.68
27,2024-01-29,бытовая техника,2344.57,2339.7,95,741,0.176,2449.21
27,2024-01-30,бытовая техника,2564.81,2544.76,97,11,0.149,2447.59
27,2024-01-31,бытовая техника,2399.98,2370.5,87,715,0.347,2471.3
27,2024-02-01,бытовая техника,2446.61,2401.67,113,838,0.29,2520.46
27,2024-02-02,бытовая техника,2611.61,2595.98,94,652,0.126,2434.8
27,2024-02-03,бытовая техника,2376.5,2503.99,94,749,0.199,2452.44
27,2024-02-04,бытовая техника,2667.36,2671.18,95,947,0.308,2481.09
27,2024-02-05,бытовая техника,2491.41,2491.66,105,903,0.107,2456.66
27,2024-02-06,бытовая техника,2678.46,2588.3,83,263,0.213,2429.15
27,2024-02-07,бытовая техника,2737.41,2707.4,88,590,0.296,2461.36
27,2024-02-08,бытовая техника,2562.98,2456.09,99,898,0.212,2467.53
27,2024-02-09,бытовая техника,2654.09,2693.72,90,492,0.114,2422.04
27,2024-02-10,бытовая техника,2607.45,2596.81,116,16,0.162,2496.56
27,2024-02-11,бытовая техника,2713.38,2813.52,85,376,0.219,2435.37
27,2024-02-12,бытовая техника,2592.58,2496.62,99,724,0.35,2501.0
27,2024-02-13,бытовая техника,2748.36,2811.83,90,166,0.32,2472.03
27,2024-02-14,бытовая техника,2412.17,2520.91,93,559,0.205,2451.5
27,2024-02-15,бытовая техника,2192.63,2268.96,108,246,0.251,2498.88
27,2024-02-16,бытовая техника,2315.31,2357.43,96,693,0.346,2492.88
27,2024-02-17,бытовая техника,2296.16,2278.79,100,536,0.252,2479.82
27,2024-02-18,бытовая техника,2147.1,2108.81,112,175,0.192,2494.2
27,2024-02-19,бытовая техника,2215.46,2100.96,113,284,0.288,2519.96
27,2024-02-20,бытовая техника,2183.85,2198.62,113,98,0.353,2535.66
27,2024-02-21,бытовая техника,2293.4,2244.47,109,251,0.239,2498.27
27,2024-02-22,бытовая техника,2312.02,2221.3,103,165,0.172,2467.54
27,2024-02-23,бытовая техника,2302.49,2340.73,86,563,0.133,2417.02
27,2024-02-24,бытовая техника,2338.97,2320.35,114,132,0.231,2508.46
27,2024-02-25,бытовая техника,2323.45,2259.27,109,255,0.245,2499.81
27,2024-02-26,бытовая техника,2187.01,2308.75,91,815,0.369,2486.23
27,2024-02-27,бытовая техника,2156.9,2150.76,106,316,0.3,2505.94
27,2024-02-28,бытовая техника,2394.77,2514.01,94,737,0.391,2498.77
27,2024-02-29,бытовая техника,2391.86,2374.52,91,396,0.195,2444.18
27,2024-03-01,бытовая техника,2648.61,2677.15,100,982,0.213,2470.19
27,2024-03-02,бытовая техника,2439.31,2543.06,92,374,0.387,2493.03
27,2024-03-03,бытовая техника,2487.82,2557.64,84,251,0.383,2472.81
27,2024-03-04,бытовая техника,2467.35,2501.08,107,215,0.197,2483.37
27,2024-03-05,бытовая техника,2494.52,2588.82,93,321,0.303,2475.21
27,2024-03-06,бытовая техника,2518.92,2496.83,101,831,0.29,2491.35
27,2024-03-07,бытовая техника,2742.85,2748.27,86,262,0.304,2458.34
27,2024-03-08,бытовая техника,2751.68,2715.26,90,74,0.25,2455.04
27,2024-03-09,бытовая техника,2652.08,2646.38,100,889,0.305,2492.53
27,2024-03-10,бытовая техника,2642.4,2710.99,75,739,0.234,2414.94
27,2024-03-11,бытовая техника,2578.49,2589.05,74,315,0.35,2440.45
27,2024-03-12,бытовая техника,2590.99,2732.48,82,668,0.253,2436.4
27,2024-03-13,бытовая техника,2531.56,2608.32,98,870,0.376,2504.95
27,2024-03-14,бытовая техника,2569.43,2492.06,88,850,0.113,2417.13
27,2024-03-15,бытовая техника,2601.77,2516.73,77,28,0.189,2408.74
27,2024-03-16,бытовая техника,2644.73,2606.57,80,983,0.37,2459.96
27,2024-03-17,бытовая техника,2441.77,2413.17,89,878,0.222,2445.8
27,2024-03-18,бытовая техника,2215.37,2236.49,115,377,0.354,2540.61
27,2024-03-19,бытовая техника,2264.17,2363.12,97,904,0.267,2476.02
27,2024-03-20,бытовая техника,2312.97,2283.6,110,922,0.154,2480.14
27,2024-03-21,бытовая техника,2254.61,2105.09,106,772,0.234,2489.82
27,2024-03-22,бытовая техника,2216.57,2281.0,89,505,0.31,2467.19
27,2024-03-23,бытовая техника,2331.08,2392.21,88,969,0.367,2478.42
27,2024-03-24,бытовая техника,1970.53,1891.54,149,304,0.319,2614.47
27,2024-03-25,бытовая техника,1995.45,1948.44,135,842,0.18,2546.94
27,2024-03-26,бытовая техника,2321.26,2413.6,86,48,0.369,2474.06
27,2024-03-27,бытовая техника,2291.86,2281.64,117,106,0.142,2494.28
27,2024-03-28,бытовая техника,2346.47,2340.58,111,254,0.253,2506.63
27,2024-03-29,бытовая техника,2294.29,2430.98,88,846,0.351,2474.61
27,2024-03-30,бытовая техника,2249.33,2304.8,108,382,0.331,2518.23
28,2024-01-01,бытовая техника,1093.75,1053.1,109,927,0.161,1171.29
28,2024-01-02,бытовая техника,1060.49,1054.26,83,927,0.357,1163.97
28,2024-01-03,бытовая техника,1074.44,1038.06,112,207,0.102,1168.06
28,2024-01-04,бытовая техника,1221.22,1243.53,104,667,0.273,1178.39
28,2024-01-05,бытовая техника,1203.5,1218.85,97,432,0.248,1167.57
28,2024-01-06,бытовая техника,1318.89,1297.49,88,591,0.106,1141.02
28,2024-01-07,бытовая техника,1223.58,1185.55,103,26,0.163,1164.64
28,2024-01-08,бытовая техника,1326.01,1304.22,85,683,0.233,1152.1
28,2024-01-09,бытовая техника,1274.03,1235.8,83,801,0.251,1151.91
28,2024-01-10,бытовая техника,1183.29,1191.76,93,91,0.229,1160.78
28,2024-01-11,бытовая техника,1265.05,1291.41,88,693,0.165,1147.74
28,2024-01-12,бытовая техника,1217.19,1184.79,88,201,0.231,1155.36
28,2024-01-13,бытовая техника,1197.27,1205.33,90,402,0.11,1143.8
28,2024-01-14,бытовая техника,1093.97,1140.36,95,542,0.378,1180.15
28,2024-01-15,бытовая техника,1107.86,1135.81,95,169,0.136,1152.51
28,2024-01-16,бытовая техника,1143.0,1146.11,107,292,0.306,1185.63
28,2024-01-17,бытовая техника,1060.43,1039.53,105,733,0.319,1184.83
28,2024-01-18,бытовая техника,1118.36,1120.62,95,107,0.381,1180.52
28,2024-01-19,бытовая техника,1145.07,1180.54,95,327,0.375,1179.73
28,2024-01-20,бытовая техника,1034.61,977.62,99,51,0.395,1186.66
28,2024-01-21,бытовая техника,1060.92,1052.05,92,752,0.191,1155.36
28,2024-01-22,бытовая техника,951.55,988.18,112,971,0.377,1199.47
28,2024-01-23,бытовая техника,1073.3,1084.41,98,906,0.358,1181.24
28,2024-01-24,бытовая техника,1051.89,1042.11,101,666,0.311,1179.35
28,2024-01-25,бытовая техника,1063.36,1073.51,122,165,0.254,1196.86
28,2024-01-26,бытовая техника,1122.49,1116.23,96,863,0.195,1160.34
28,2024-01-27,бытовая техника,1135.44,1133.05,116,512,0.38,1204.35
28,2024-01-28,бытовая техника,1033.58,1119.92,119,644,0.278,1196.09
28,2024-01-29,бытовая техника,1192.37,1150.79,97,989,0.33,1176.93
28,2024-01-30,бытовая техника,1173.79,1158.88,83,807,0.117,1136.64
28,2024-01-31,бытовая техника,1195.63,1250.64,85,870,0.156,1143.33
28,2024-02-01,бытовая техника,1156.99,1152.58,85,858,0.16,1143.75
28,2024-02-02,бытовая техника,1218.57,1229.74,77,300,0.227,1142.29
28,2024-02-03,бытовая техника,1237.05,1270.37,90,836,0.397,1176.59
28,2024-02-04,бытовая техника,1149.33,1125.58,104,931,0.236,1174.2
28,2024-02-05,бытовая техника,1303.9,1301.24,60,801,0.115,1110.02
28,2024-02-06,бытовая техника,1238.49,1273.36,84,872,0.298,1158.45
28,2024-02-07,бытовая техника,1259.02,1291.04,91,456,0.312,1167.95
28,2024-02-08,бытовая техника,1207.2,1182.27,89,79,0.294,1163.62
28,2024-02-09,бытовая техника,1268.89,1337.79,90,261,0.207,1154.82
28,2024-02-10,бытовая техника,1241.05,1168.36,98,569,0.173,1160.07
28,2024-02-11,бытовая техника,1228.44,1241.81,92,38,0.317,1169.73
28,2024-02-12,бытовая техника,1122.23,1087.87,100,703,0.283,1174.94
28,2024-02-13,бытовая техника,1218.06,1207.85,113,196,0.262,1187.39
28,2024-02-14,бытовая техника,1154.82,1150.83,107,208,0.108,1162.96
28,2024-02-15,бытовая техника,1188.56,1179.69,91,181,0.285,1164.89
28,2024-02-16,бытовая техника,1136.6,1104.32,122,811,0.353,1208.13
28,2024-02-17,бытовая техника,1086.1,1136.7,101,544,0.217,1168.57
28,2024-02-18,бытовая техника,1139.99,1138.56,79,568,0.151,1135.85
28,2024-02-19,бытовая техника,1012.96,988.51,115,719,0.343,1198.95
28,2024-02-20,бытовая техника,980.21,925.46,117,485,0.322,1198.92
28,2024-02-21,бытовая техника,1037.86,919.46,118,584,0.18,1183.76
28,2024-02-22,бытовая техника,1070.94,1070.61,95,68,0.163,1155.61
28,2024-02-23,бытовая техника,964.92,1014.14,114,155,0.37,1200.89
28,2024-02-24,бытовая техника,1017.56,1052.84,108,489,0.397,1197.16
28,2024-02-25,бытовая техника,970.31,952.56,121,983,0.13,1181.48
28,2024-02-26,бытовая техника,1063.8,1090.3,96,179,0.156,1155.88
28,2024-02-27,бытовая техника,1037.74,1024.67,108,430,0.304,1186.52
28,2024-02-28,бытовая техника,1106.14,1125.09,93,406,0.319,1171.1
28,2024-02-29,бытовая техника,999.71,967.38,106,266,0.195,1171.83
28,2024-03-01,бытовая техника,1219.15,1218.43,89,883,0.247,1158.3
28,2024-03-02,бытовая техника,1109.66,1115.76,94,846,0.312,1171.48
28,2024-03-03,бытовая техника,1226.39,1146.48,96,74,0.364,1179.64
28,2024-03-04,бытовая техника,1236.81,1232.01,98,553,0.309,1175.69
28,2024-03-05,бытовая техника,1187.59,1159.69,108,624,0.167,1170.84
28,2024-03-06,бытовая техника,1198.26,1181.75,99,906,0.327,1178.86
28,2024-03-07,бытовая техника,1267.67,1235.21,85,383,0.373,1168.08
28,2024-03-08,бытовая техника,1210.01,1258.92,88,771,0.367,1170.86
28,2024-03-09,бытовая техника,1221.68,1161.17,80,697,0.103,1131.54
28,2024-03-10,бытовая техника,1263.65,1231.89,86,409,0.194,1148.77
28,2024-03-11,бытовая техника,1231.53,1236.61,88,429,0.392,1173.74
28,2024-03-12,бытовая техника,1289.71,1342.94,66,459,0.247,1132.03
28,2024-03-13,бытовая техника,1073.84,1048.67,112,90,0.302,1190.81
28,2024-03-14,бытовая техника,1143.54,1109.98,101,292,0.349,1183.72
28,2024-03-15,бытовая техника,1263.09,1254.18,90,666,0.213,1155.61
28,2024-03-16,бытовая техника,1080.56,1088.06,102,888,0.142,1161.15
28,2024-03-17,бытовая техника,1133.07,1134.53,97,874,0.163,1157.86
28,2024-03-18,бытовая техника,1065.93,1068.67,88,996,0.344,1168.27
28,2024-03-19,бытовая техника,1092.51,1098.76,98,369,0.301,1174.74
28,2024-03-20,бытовая техника,1097.65,1075.54,113,469,0.113,1170.45
28,2024-03-21,бытовая техника,1084.43,1021.69,132,372,0.169,1198.49
28,2024-03-22,бытовая техника,1048.14,1017.21,101,965,0.142,1159.99
28,2024-03-23,бытовая техника,1149.14,1152.32,106,121,0.301,1183.89
28,2024-03-24,бытовая техника,1082.63,1120.1,109,378,0.305,1187.78
28,2024-03-25,бытовая техника,1064.65,1075.09,91,923,0.137,1148.0
28,2024-03-26,бытовая техника,998.3,1024.1,104,718,0.316,1183.34
28,2024-03-27,бытовая техника,1032.45,1094.88,124,412,0.357,1210.84
28,2024-03-28,бытовая техника,1232.32,1251.63,86,959,0.159,1144.87
28,2024-03-29,бытовая техника,1188.26,1193.54,84,62,0.234,1151.11
28,2024-03-30,бытовая техника,1031.74,1011.36,107,659,0.225,1176.32
29,2024-01-01,аксессуары,4417.34,4581.29,105,892,0.201,4962.94
29,2024-01-02,аксессуары,4992.87,4778.89,109,91,0.334,5046.81
29,2024-01-03,аксессуары,5368.13,5181.99,91,381,0.37,4976.76
29,2024-01-04,аксессуары,5207.02,5181.69,85,606,0.209,4869.89
29,2024-01-05,аксессуары,4654.28,4669.61,89,467,0.389,4976.55
29,2024-01-06,аксессуары,5777.9,5568.37,85,388,0.201,4866.29
29,2024-01-07,аксессуары,5506.99,5622.67,72,376,0.2,4802.49
29,2024-01-08,аксессуары,5720.15,5592.61,74,811,0.307,4864.28
29,2024-01-09,аксессуары,5538.62,5607.8,87,86,0.123,4838.12
29,2024-01-10,аксессуары,5092.85,4909.82,102,109,0.122,4910.02
29,2024-01-11,аксессуары,5212.5,5203.63,78,273,0.325,4892.28
29,2024-01-12,аксессуары,5265.26,5238.16,113,899,0.122,4963.54
29,2024-01-13,аксессуары,5334.08,5427.58,96,306,0.18,4908.99
29,2024-01-14,аксессуары,5300.61,5345.45,86,78,0.153,4847.69
29,2024-01-15,аксессуары,5187.07,5524.47,120,439,0.105,4988.9
29,2024-01-16,аксессуары,4465.68,4650.29,100,179,0.157,4917.51
29,2024-01-17,аксессуары,4548.47,4292.42,121,311,0.257,5067.57
29,2024-01-18,аксессуары,4709.38,4764.17,91,388,0.341,4962.76
29,2024-01-19,аксессуары,4626.29,4505.62,118,514,0.215,5032.78
29,2024-01-20,аксессуары,4761.19,4890.3,116,776,0.106,4970.21
29,2024-01-21,аксессуары,4092.42,4446.47,98,656,0.331,4992.02
29,2024-01-22,аксессуары,4480.56,4482.92,112,637,0.265,5027.75
29,2024-01-23,аксессуары,4284.88,4374.1,107,458,0.163,4954.28
29,2024-01-24,аксессуары,4044.16,3854.32,122,139,0.282,5084.52
29,2024-01-25,аксессуары,4085.6,3918.25,134,39,0.156,5081.59
29,2024-01-26,аксессуары,4090.78,4003.31,111,751,0.324,5051.66
29,2024-01-27,аксессуары,4623.61,4631.3,90,377,0.138,4859.74
29,2024-01-28,аксессуары,4110.23,4522.48,88,406,0.392,4973.26
29,2024-01-29,аксессуары,4803.59,4849.23,110,717,0.147,4960.92
29,2024-01-30,аксессуары,4958.48,5143.61,84,352,0.269,4894.08
29,2024-01-31,аксессуары,5016.62,4933.48,85,191,0.381,4953.45
29,2024-02-01,аксессуары,5039.51,5030.92,88,303,0.109,4836.28
29,2024-02-02,аксессуары,4756.19,4969.79,84,32,0.394,4954.59
29,2024-02-03,аксессуары,5451.81,5410.79,71,280,0.297,4844.81
29,2024-02-04,аксессуары,4832.51,4549.03,124,871,0.211,5059.73
29,2024-02-05,аксессуары,5188.8,5121.68,87,929,0.27,4909.33
29,2024-02-06,аксессуары,5622.57,5481.35,67,596,0.256,4805.68
29,2024-02-07,аксессуары,5894.06,5800.84,81,664,0.142,4818.26
29,2024-02-08,аксессуары,5422.54,5275.23,88,82,0.331,4943.48
29,2024-02-09,аксессуары,5543.91,5675.16,78,280,0.282,4871.43
29,2024-02-10,аксессуары,5173.1,5199.05,58,52,0.104,4688.43
29,2024-02-11,аксессуары,5092.33,4963.71,93,65,0.332,4968.35
29,2024-02-12,аксессуары,5036.93,5148.22,86,194,0.399,4966.62
29,2024-02-13,аксессуары,5075.52,5116.44,94,386,0.204,4911.18
29,2024-02-14,аксессуары,4479.0,4737.14,106,886,0.36,5044.83
29,2024-02-15,аксессуары,4831.14,4370.03,106,647,0.13,4933.19
29,2024-02-16,аксессуары,4930.22,5064.43,83,538,0.272,4890.74
29,2024-02-17,аксессуары,5249.21,5060.91,87,516,0.359,4952.45
29,2024-02-18,аксессуары,4712.2,4656.55,94,247,0.27,4942.83
29,2024-02-19,аксессуары,4416.37,4559.44,109,705,0.31,5035.26
29,2024-02-20,аксессуары,4413.85,4455.05,133,706,0.28,5136.53
29,2024-02-21,аксессуары,4905.93,5067.8,106,927,0.129,4933.03
29,2024-02-22,аксессуары,4433.24,4347.67,112,248,0.329,5058.61
29,2024-02-23,аксессуары,4325.04,4163.28,116,196,0.253,5041.3
29,2024-02-24,аксессуары,4493.04,4421.76,124,720,0.232,5069.99
29,2024-02-25,аксессуары,4326.49,4186.08,118,915,0.399,5121.54
29,2024-02-26,аксессуары,4795.64,4784.11,103,331,0.35,5025.15
29,2024-02-27,аксессуары,4533.49,4547.1,115,570,0.319,5068.4
29,2024-02-28,аксессуары,4644.82,4363.38,97,848,0.31,4976.76
29,2024-02-29,аксессуары,4670.77,4679.98,122,888,0.247,5067.34
29,2024-03-01,аксессуары,4917.95,5116.38,97,10,0.142,4895.53
29,2024-03-02,аксессуары,5137.88,5371.12,93,772,0.121,4866.04
29,2024-03-03,аксессуары,5129.57,5200.5,100,959,0.171,4924.07
29,2024-03-04,аксессуары,4942.76,4775.98,96,745,0.327,4980.22
29,2024-03-05,аксессуары,5658.51,5660.16,87,351,0.229,4889.49
29,2024-03-06,аксессуары,5023.34,5012.15,68,89,0.144,4756.06
29,2024-03-07,аксессуары,5174.91,5093.8,87,494,0.269,4908.75
29,2024-03-08,аксессуары,5146.16,5403.74,90,992,0.316,4945.85
29,2024-03-09,аксессуары,5607.84,5874.23,60,703,0.278,4782.31
29,2024-03-10,аксессуары,5004.11,5299.46,95,885,0.134,4882.17
29,2024-03-11,аксессуары,5069.86,4916.2,99,938,0.111,4890.42
29,2024-03-12,аксессуары,5323.52,5461.85,86,889,0.155,4848.58
29,2024-03-13,аксессуары,5066.15,4902.07,93,344,0.331,4967.93
29,2024-03-14,аксессуары,4764.53,4841.57,84,213,0.363,4939.63
29,2024-03-15,аксессуары,5091.86,5255.25,94,232,0.389,5000.49
29,2024-03-16,аксессуары,4836.35,4896.53,101,105,0.104,4896.44
29,2024-03-17,аксессуары,4840.76,4779.34,94,188,0.302,4958.5
29,2024-03-18,аксессуары,4577.34,4596.74,111,272,0.162,4973.07
29,2024-03-19,аксессуары,4806.04,4559.59,115,817,0.103,4963.66
29,2024-03-20,аксессуары,4262.96,4273.44,134,300,0.135,5071.38
29,2024-03-21,аксессуары,4469.89,4476.16,114,730,0.229,5020.01
29,2024-03-22,аксессуары,4075.81,4006.07,117,219,0.137,4989.83
29,2024-03-23,аксессуары,4416.17,4337.18,126,562,0.283,5104.35
29,2024-03-24,аксессуары,4204.46,4283.97,98,60,0.263,4959.25
29,2024-03-25,аксессуары,4595.2,4892.97,94,371,0.13,4875.2
29,2024-03-26,аксессуары,4251.68,4444.79,102,741,0.203,4949.56
29,2024-03-27,аксессуары,4154.16,4143.5,93,432,0.106,4858.97
29,2024-03-28,аксессуары,4531.9,4725.07,93,552,0.207,4907.66
29,2024-03-29,аксессуары,4946.41,4881.78,96,393,0.349,4991.15
29,2024-03-30,аксессуары,4856.55,4695.38,86,857,0.347,4941.82
30,2024-01-01,аксессуары,4948.39,4757.77,103,606,0.223,5100.13
30,2024-01-02,аксессуары,5151.52,5399.32,104,91,0.331,5158.69
30,2024-01-03,аксессуары,5326.96,5285.13,79,962,0.301,5019.51
30,2024-01-04,аксессуары,5369.0,5378.15,85,709,0.217,5007.54
30,2024-01-05,аксессуары,5557.43,5564.87,85,701,0.302,5049.59
30,2024-01-06,аксессуары,5413.69,5329.33,95,558,0.198,5048.0
30,2024-01-07,аксессуары,5541.73,5626.96,79,419,0.384,5060.87
30,2024-01-08,аксессуары,5847.02,6041.69,85,777,0.325,5060.97
30,2024-01-09,аксессуары,5340.64,5344.61,102,528,0.108,5037.69
30,2024-01-10,аксессуары,5426.59,5374.99,95,455,0.169,5033.5
30,2024-01-11,аксессуары,5118.03,5062.82,65,782,0.382,4989.81
30,2024-01-12,аксессуары,5197.0,5051.93,83,498,0.249,5013.34
30,2024-01-13,аксессуары,4991.92,4741.41,115,660,0.316,5205.73
30,2024-01-14,аксессуары,5062.16,4895.21,99,407,0.246,5091.72
30,2024-01-15,аксессуары,4942.27,5006.04,85,558,0.2,4999.24
30,2024-01-16,аксессуары,5121.64,5156.06,102,144,0.155,5061.22
30,2024-01-17,аксессуары,4712.64,4467.89,113,55,0.326,5201.14
30,2024-01-18,аксессуары,4231.45,4268.79,101,745,0.138,5047.72
30,2024-01-19,аксессуары,4828.12,4893.4,95,895,0.265,5081.32
30,2024-01-20,аксессуары,4228.94,4193.36,106,161,0.316,5161.39
30,2024-01-21,аксессуары,4530.43,4423.23,109,747,0.204,5120.54
30,2024-01-22,аксессуары,4816.73,4645.39,115,610,0.223,5159.9
30,2024-01-23,аксессуары,4770.72,4786.76,90,401,0.15,4999.22
30,2024-01-24,аксессуары,4174.56,4165.53,115,283,0.245,5170.41
30,2024-01-25,аксессуары,4489.21,4402.27,125,538,0.114,5155.04
30,2024-01-26,аксессуары,4441.33,4603.29,105,143,0.127,5062.14
30,2024-01-27,аксессуары,4660.83,4854.51,115,891,0.135,5115.92
30,2024-01-28,аксессуары,4667.47,4478.11,106,881,0.147,5076.99
30,2024-01-29,аксессуары,4683.92,4652.29,115,73,0.253,5174.68
30,2024-01-30,аксессуары,4679.61,4787.96,129,627,0.352,5293.67
30,2024-01-31,аксессуары,5268.86,5427.26,100,420,0.393,5169.66
30,2024-02-01,аксессуары,5100.95,5219.96,78,934,0.211,4969.56
30,2024-02-02,аксессуары,5153.87,5301.73,72,898,0.114,4891.35
30,2024-02-03,аксессуары,5316.37,5119.6,107,815,0.334,5174.98
30,2024-02-04,аксессуары,5492.04,5350.26,80,560,0.359,5053.28
30,2024-02-05,аксессуары,5503.48,5340.02,84,154,0.26,5023.72
30,2024-02-06,аксессуары,5634.41,5751.3,97,209,0.315,5115.87
30,2024-02-07,аксессуары,5599.37,5934.85,79,295,0.264,5000.94
30,2024-02-08,аксессуары,5524.42,5302.98,107,817,0.317,5166.61
30,2024-02-09,аксессуары,5211.55,4849.66,127,181,0.353,5283.78
30,2024-02-10,аксессуары,5245.58,5408.31,80,979,0.151,4949.8
30,2024-02-11,аксессуары,5371.1,5321.66,96,243,0.363,5134.65
30,2024-02-12,аксессуары,5312.47,5275.47,99,941,0.135,5036.34
30,2024-02-13,аксессуары,5008.32,4933.06,99,883,0.315,5125.86
30,2024-02-14,аксессуары,5128.52,5087.34,93,837,0.303,5089.88
30,2024-02-15,аксессуары,4722.41,4670.73,95,725,0.297,5097.12
30,2024-02-16,аксессуары,4720.01,4579.32,104,315,0.377,5181.34
30,2024-02-17,аксессуары,4531.14,4572.2,95,520,0.262,5079.73
30,2024-02-18,аксессуары,4885.27,4906.98,132,250,0.22,5242.61
30,2024-02-19,аксессуары,4710.0,4893.91,107,465,0.192,5104.56
30,2024-02-20,аксессуары,4268.21,4283.38,108,200,0.395,5210.27
30,2024-02-21,аксессуары,4233.03,4051.11,103,674,0.375,5175.42
30,2024-02-22,аксессуары,4542.04,4707.85,113,615,0.267,5171.44
30,2024-02-23,аксессуары,4488.48,4318.66,115,656,0.106,5101.25
30,2024-02-24,аксессуары,4414.17,4548.92,110,286,0.378,5211.69
30,2024-02-25,аксессуары,4769.16,4859.44,98,376,0.237,5082.17
30,2024-02-26,аксессуары,4368.46,4386.75,113,437,0.19,5133.52
30,2024-02-27,аксессуары,4330.7,4309.19,112,838,0.283,5174.55
30,2024-02-28,аксессуары,5014.88,5041.69,98,494,0.393,5159.85
30,2024-02-29,аксессуары,4808.1,5250.96,98,616,0.16,5043.68
30,2024-03-01,аксессуары,4953.47,5117.12,109,55,0.349,5192.49
30,2024-03-02,аксессуары,5090.81,5276.61,102,445,0.358,5162.0
30,2024-03-03,аксессуары,5228.17,5375.29,106,863,0.367,5186.51
30,2024-03-04,аксессуары,5191.77,5583.91,104,898,0.237,5111.76
30,2024-03-05,аксессуары,5681.96,5467.94,79,973,0.168,4953.05
30,2024-03-06,аксессуары,5565.51,5554.52,91,451,0.319,5088.13
30,2024-03-07,аксессуары,5472.43,5359.96,100,438,0.203,5075.09
30,2024-03-08,аксессуары,5334.84,5235.98,97,404,0.25,5083.76
30,2024-03-09,аксессуары,5594.04,5376.55,73,793,0.326,5001.98
30,2024-03-10,аксессуары,4952.74,4951.39,85,130,0.1,4949.47
30,2024-03-11,аксессуары,5130.3,4987.36,89,321,0.245,5041.52
30,2024-03-12,аксессуары,5272.48,5223.31,101,986,0.236,5096.31
30,2024-03-13,аксессуары,5608.63,5621.26,104,487,0.254,5120.29
30,2024-03-14,аксессуары,5021.84,5040.5,100,459,0.202,5074.41
30,2024-03-15,аксессуары,4920.97,4737.04,109,234,0.336,5186.03
30,2024-03-16,аксессуары,4612.01,4364.12,127,756,0.314,5264.81
30,2024-03-17,аксессуары,4629.81,4832.27,102,526,0.251,5109.04
30,2024-03-18,аксессуары,5016.31,5138.64,113,488,0.164,5120.32
30,2024-03-19,аксессуары,4287.26,4144.88,111,748,0.113,5084.99
30,2024-03-20,аксессуары,4411.64,4285.34,131,28,0.329,5291.99
30,2024-03-21,аксессуары,4549.13,4486.8,104,944,0.332,5159.31
30,2024-03-22,аксессуары,4422.45,4379.34,112,520,0.104,5085.7
30,2024-03-23,аксессуары,4637.21,4865.62,89,525,0.24,5038.8
30,2024-03-24,аксессуары,4251.57,4391.3,109,229,0.361,5198.28
30,2024-03-25,аксессуары,4282.14,4184.12,120,449,0.128,5137.22
30,2024-03-26,аксессуары,4121.02,4130.79,109,539,0.276,5156.13
30,2024-03-27,аксессуары,4558.21,4668.6,104,10,0.162,5074.38
30,2024-03-28,аксессуары,4540.92,4671.2,112,697,0.264,5164.92
30,2024-03-29,аксессуары,4870.11,4612.62,111,928,0.218,5137.11
30,2024-03-30,аксессуары,4817.67,4858.68,98,329,0.197,5062.24
31,2024-01-01,бытовая техника,2931.55,3188.41,87,223,0.169,2802.03
31,2024-01-02,бытовая техника,2835.73,2855.23,81,678,0.251,2808.18
31,2024-01-03,бытовая техника,2636.05,2696.94,109,604,0.207,2874.07
31,2024-01-04,бытовая техника,3020.47,2956.18,86,585,0.137,2790.47
31,2024-01-05,бытовая техника,2873.49,2841.38,80,726,0.226,2798.35
31,2024-01-06,бытовая техника,2735.7,2729.42,96,30,0.2,2835.8
31,2024-01-07,бытовая техника,3280.51,3337.4,64,389,0.261,2763.57
31,2024-01-08,бытовая техника,3278.87,3332.09,79,433,0.215,2792.74
31,2024-01-09,бытовая техника,3018.44,3140.53,78,158,0.175,2778.69
31,2024-01-10,бытовая техника,2813.78,2838.62,102,913,0.149,2838.35
31,2024-01-11,бытовая техника,3043.03,2995.95,78,943,0.144,2769.92
31,2024-01-12,бытовая техника,3028.65,2984.24,73,703,0.397,2826.7
31,2024-01-13,бытовая техника,3141.12,3087.37,103,238,0.367,2901.91
31,2024-01-14,бытовая техника,2872.71,3043.13,105,652,0.274,2881.65
31,2024-01-15,бытовая техника,2773.03,2654.58,112,300,0.113,2856.34
31,2024-01-16,бытовая техника,2963.96,2926.29,108,520,0.25,2883.3
31,2024-01-17,бытовая техника,2789.63,2922.99,88,732,0.301,2841.83
31,2024-01-18,бытовая техника,2562.07,2549.89,107,641,0.355,2909.74
31,2024-01-19,бытовая техника,2888.86,2897.61,102,760,0.211,2855.77
31,2024-01-20,бытовая техника,2447.64,2456.23,102,714,0.191,2850.18
31,2024-01-21,бытовая техника,2525.11,2705.81,117,454,0.303,2923.3
31,2024-01-22,бытовая техника,2343.73,2420.61,124,234,0.342,2953.72
31,2024-01-23,бытовая техника,2434.93,2240.21,117,779,0.191,2891.91
31,2024-01-24,бытовая техника,2657.09,2706.02,93,738,0.143,2811.59
31,2024-01-25,бытовая техника,2242.97,2179.04,132,764,0.262,2953.63
31,2024-01-26,бытовая техника,2547.7,2639.24,103,523,0.232,2864.21
31,2024-01-27,бытовая техника,2556.6,2531.04,112,182,0.309,2910.89
31,2024-01-28,бытовая техника,2540.12,2349.51,113,464,0.38,2933.55
31,2024-01-29,бытовая техника,2755.1,2643.67,99,97,0.37,2891.83
31,2024-01-30,бытовая техника,2737.37,2825.72,100,477,0.136,2829.11
31,2024-01-31,бытовая техника,2737.14,2716.44,99,923,0.271,2864.06
31,2024-02-01,бытовая техника,2888.22,2751.83,114,911,0.237,2896.47
31,2024-02-02,бытовая техника,3121.41,2981.61,73,142,0.301,2799.83
31,2024-02-03,бытовая техника,2943.31,2940.56,90,240,0.22,2824.74
31,2024-02-04,бытовая техника,3053.97,3018.14,93,329,0.226,2834.68
31,2024-02-05,бытовая техника,2818.44,2726.01,104,431,0.121,2836.11
31,2024-02-06,бытовая техника,2646.05,2526.58,112,63,0.301,2908.77
31,2024-02-07,бытовая техника,3044.29,3160.67,106,367,0.133,2845.22
31,2024-02-08,бытовая техника,2790.66,2723.32,108,883,0.24,2880.67
31,2024-02-09,бытовая техника,2885.65,2852.22,106,704,0.249,2877.59
31,2024-02-10,бытовая техника,3227.98,3121.25,78,84,0.181,2780.28
31,2024-02-11,бытовая техника,3235.54,3283.27,91,373,0.136,2804.05
31,2024-02-12,бытовая техника,2808.19,2869.05,90,178,0.355,2862.46
31,2024-02-13,бытовая техника,2876.36,3045.32,91,906,0.222,2828.09
31,2024-02-14,бытовая техника,2914.39,2908.64,84,423,0.235,2812.1
31,2024-02-15,бытовая техника,2949.83,2790.27,99,950,0.325,2879.23
31,2024-02-16,бытовая техника,2865.99,2839.58,82,488,0.133,2777.98
31,2024-02-17,бытовая техника,2511.63,2441.87,123,912,0.378,2960.9
31,2024-02-18,бытовая техника,2596.0,2562.09,111,233,0.135,2859.69
31,2024-02-19,бытовая техника,2793.96,2837.64,92,963,0.103,2797.68
31,2024-02-20,бытовая техника,2438.83,2589.81,92,456,0.114,2800.64
31,2024-02-21,бытовая техника,2533.67,2557.34,94,276,0.173,2822.73
31,2024-02-22,бытовая техника,2421.05,2305.9,119,969,0.103,2872.96
31,2024-02-23,бытовая техника,2316.73,2312.65,114,806,0.246,2899.09
31,2024-02-24,бытовая техника,2707.78,2671.28,99,866,0.136,2826.36
31,2024-02-25,бытовая техника,2601.85,2587.82,110,250,0.117,2851.91
31,2024-02-26,бытовая техника,2939.12,3082.5,84,390,0.292,2827.98
31,2024-02-27,бытовая техника,2424.64,2457.11,111,611,0.102,2850.33
31,2024-02-28,бытовая техника,2821.35,2781.86,107,892,0.399,2922.25
31,2024-02-29,бытовая техника,2762.09,2878.04,92,810,0.386,2876.73
31,2024-03-01,бытовая техника,2739.85,2705.72,96,474,0.209,2838.31
31,2024-03-02,бытовая техника,2959.16,2921.72,86,318,0.159,2796.52
31,2024-03-03,бытовая техника,3002.45,3109.5,93,268,0.139,2810.34
31,2024-03-04,бытовая техника,2881.4,3063.32,90,654,0.24,2830.24
31,2024-03-05,бытовая техника,2802.75,2882.24,101,165,0.339,2888.5
31,2024-03-06,бытовая техника,2869.08,2725.78,87,223,0.209,2813.17
31,2024-03-07,бытовая техника,2962.87,3076.64,64,488,0.207,2748.52
31,2024-03-08,бытовая техника,3015.05,2968.49,84,171,0.354,2845.48
31,2024-03-09,бытовая техника,3055.13,3122.95,104,650,0.221,2863.93
31,2024-03-10,бытовая техника,3091.78,3129.9,87,449,0.205,2812.03
31,2024-03-11,бытовая техника,3104.96,3177.77,75,765,0.308,2807.27
31,2024-03-12,бытовая техника,3166.19,3251.85,78,985,0.244,2797.82
31,2024-03-13,бытовая техника,2874.75,2763.64,94,998,0.205,2831.57
31,2024-03-14,бытовая техника,2935.34,2776.97,92,217,0.398,2879.98
31,2024-03-15,бытовая техника,2730.49,2772.42,108,802,0.246,2882.08
31,2024-03-16,бытовая техника,2681.3,2586.95,121,813,0.368,2952.48
31,2024-03-17,бытовая техника,2774.22,2648.35,94,690,0.183,2825.58
31,2024-03-18,бытовая техника,2741.17,2840.46,84,958,0.276,2823.56
31,2024-03-19,бытовая техника,2660.58,2819.29,96,885,0.201,2836.28
31,2024-03-20,бытовая техника,2342.36,2328.61,116,461,0.101,2864.07
31,2024-03-21,бытовая техника,2659.8,2703.38,115,956,0.288,2913.6
31,2024-03-22,бытовая техника,2243.83,2176.35,121,511,0.293,2931.69
31,2024-03-23,бытовая техника,2485.12,2545.39,114,640,0.288,2910.56
31,2024-03-24,бытовая техника,2711.46,2965.11,105,928,0.115,2837.21
31,2024-03-25,бытовая техника,2504.84,2597.98,111,313,0.184,2873.29
31,2024-03-26,бытовая техника,2386.55,2423.23,123,490,0.353,2953.84
31,2024-03-27,бытовая техника,2695.42,2740.15,103,293,0.377,2904.74
31,2024-03-28,бытовая техника,2604.0,2658.47,121,911,0.297,2932.64
31,2024-03-29,бытовая техника,2571.73,2502.96,119,42,0.257,2915.89
31,2024-03-30,бытовая техника,2722.1,2651.12,100,795,0.376,2896.19
32,2024-01-01,бытовая техника,2585.51,2551.15,79,332,0.146,2408.18
32,2024-01-02,бытовая техника,2466.31,2438.46,103,768,0.17,2472.11
32,2024-01-03,бытовая техника,2658.59,2644.02,92,255,0.324,2482.95
32,2024-01-04,бытовая техника,2407.29,2480.04,99,679,0.106,2447.04
32,2024-01-05,бытовая техника,2568.74,2513.96,95,563,0.207,2461.7
32,2024-01-06,бытовая техника,2571.95,2657.61,79,315,0.234,2429.45
32,2024-01-07,бытовая техника,2681.57,2625.38,98,919,0.285,2487.83
32,2024-01-08,бытовая техника,2695.8,2700.13,91,914,0.36,2489.22
32,2024-01-09,бытовая техника,2469.98,2376.05,107,89,0.107,2466.59
32,2024-01-10,бытовая техника,2660.83,2655.32,91,687,0.279,2469.57
32,2024-01-11,бытовая техника,2386.9,2347.43,83,339,0.103,2407.57
32,2024-01-12,бытовая техника,2563.87,2764.47,83,874,0.158,2420.87
32,2024-01-13,бытовая техника,2700.63,2695.58,76,714,0.213,2417.21
32,2024-01-14,бытовая техника,2544.43,2639.85,75,793,0.351,2448.19
32,2024-01-15,бытовая техника,2394.32,2406.96,92,317,0.203,2453.53
32,2024-01-16,бытовая техника,2425.83,2540.55,84,533,0.282,2453.25
32,2024-01-17,бытовая техника,2434.93,2341.48,113,115,0.154,2492.65
32,2024-01-18,бытовая техника,2441.87,2474.74,77,81,0.306,2442.18
32,2024-01-19,бытовая техника,2113.3,2112.84,91,128,0.238,2459.58
32,2024-01-20,бытовая техника,2392.74,2348.47,93,694,0.117,2435.22
32,2024-01-21,бытовая техника,2089.79,2193.17,111,614,0.294,2521.72
32,2024-01-22,бытовая техника,2251.8,2275.73,90,276,0.156,2437.26
32,2024-01-23,бытовая техника,2299.85,2247.28,110,916,0.307,2522.41
32,2024-01-24,бытовая техника,2248.52,2115.46,115,440,0.239,2518.04
32,2024-01-25,бытовая техника,2207.69,2294.16,108,584,0.181,2486.88
32,2024-01-26,бытовая техника,2170.6,2067.04,112,457,0.371,2542.65
32,2024-01-27,бытовая техника,2355.82,2261.5,130,55,0.309,2571.37
32,2024-01-28,бытовая техника,2385.0,2363.97,127,96,0.324,2567.65
32,2024-01-29,бытовая техника,2465.31,2565.27,93,406,0.33,2486.74
32,2024-01-30,бытовая техника,2541.49,2533.36,102,965,0.341,2511.32
32,2024-01-31,бытовая техника,2241.1,2251.74,101,575,0.277,2493.38
32,2024-02-01,бытовая техника,2550.41,2539.57,93,480,0.146,2442.2
32,2024-02-02,бытовая техника,2650.2,2640.59,101,492,0.298,2498.35
32,2024-02-03,бытовая техника,2588.92,2542.12,94,389,0.325,2488.05
32,2024-02-04,бытовая техника,2586.92,2631.04,93,319,0.395,2502.52
32,2024-02-05,бытовая техника,2461.82,2236.38,110,109,0.133,2480.28
32,2024-02-06,бытовая техника,2662.89,2647.38,106,502,0.285,2507.24
32,2024-02-07,бытовая техника,2763.06,2688.49,87,866,0.353,2477.75
32,2024-02-08,бытовая техника,2570.41,2617.24,94,473,0.34,2491.67
32,2024-02-09,бытовая техника,2644.87,2583.89,86,961,0.139,2423.52
32,2024-02-10,бытовая техника,2588.97,2750.45,94,998,0.361,2496.8
32,2024-02-11,бытовая техника,2832.07,2865.14,63,526,0.239,2391.88
32,2024-02-12,бытовая техника,2698.66,2517.26,99,510,0.353,2506.76
32,2024-02-13,бытовая техника,2501.26,2632.3,89,387,0.363,2485.01
32,2024-02-14,бытовая техника,2329.11,2152.42,107,237,0.29,2510.98
32,2024-02-15,бытовая техника,2415.05,2391.08,89,512,0.238,2454.78
32,2024-02-16,бытовая техника,2483.76,2471.96,88,568,0.273,2460.85
32,2024-02-17,бытовая техника,2223.81,2344.52,115,574,0.143,2494.73
32,2024-02-18,бытовая техника,2193.0,2248.85,98,910,0.391,2513.67
32,2024-02-19,бытовая техника,2346.62,2308.94,116,833,0.19,2508.63
32,2024-02-20,бытовая техника,2210.7,2138.43,126,93,0.255,2548.57
32,2024-02-21,бытовая техника,2080.21,2105.42,103,208,0.117,2459.26
32,2024-02-22,бытовая техника,2369.32,2439.74,104,18,0.212,2484.88
32,2024-02-23,бытовая техника,2122.95,2172.27,106,161,0.346,2522.13
32,2024-02-24,бытовая техника,2288.2,2344.81,100,44,0.265,2487.92
32,2024-02-25,бытовая техника,2161.75,2110.61,121,481,0.125,2504.91
32,2024-02-26,бытовая техника,2264.59,2131.85,116,64,0.104,2487.61
32,2024-02-27,бытовая техника,2374.9,2515.05,96,641,0.223,2468.01
32,2024-02-28,бытовая техника,2092.63,1976.91,119,900,0.381,2562.21
32,2024-02-29,бытовая техника,2308.61,2340.04,116,737,0.365,2550.89
32,2024-03-01,бытовая техника,2585.56,2529.18,88,418,0.364,2482.92
32,2024-03-02,бытовая техника,2454.81,2538.02,96,80,0.244,2473.12
32,2024-03-03,бытовая техника,2434.5,2544.57,101,427,0.208,2476.5
32,2024-03-04,бытовая техника,2474.15,2437.58,76,635,0.209,2416.19
32,2024-03-05,бытовая техника,2708.14,2647.58,82,71,0.154,2417.4
32,2024-03-06,бытовая техника,2407.44,2540.82,98,536,0.241,2477.4
32,2024-03-07,бытовая техника,2729.05,2817.97,83,365,0.285,2451.69
32,2024-03-08,бытовая техника,2598.89,2616.93,92,626,0.351,2489.42
32,2024-03-09,бытовая техника,2516.76,2579.61,90,289,0.3,2472.19
32,2024-03-10,бытовая техника,2580.61,2625.64,94,919,0.29,2479.37
32,2024-03-11,бытовая техника,2747.74,2903.91,73,88,0.114,2386.0
32,2024-03-12,бытовая техника,2440.28,2474.85,100,480,0.294,2495.05
32,2024-03-13,бытовая техника,2594.11,2643.05,93,915,0.32,2484.28
32,2024-03-14,бытовая техника,2443.92,2554.29,87,658,0.175,2434.67
32,2024-03-15,бытовая техника,2326.09,2233.29,93,132,0.307,2481.23
32,2024-03-16,бытовая техника,2400.26,2439.48,86,523,0.364,2478.04
32,2024-03-17,бытовая техника,2156.03,2152.51,95,747,0.108,2437.83
32,2024-03-18,бытовая техника,2589.84,2550.97,85,609,0.134,2419.85
32,2024-03-19,бытовая техника,2297.86,2256.79,98,223,0.313,2494.81
32,2024-03-20,бытовая техника,2417.3,2472.41,95,755,0.158,2449.82
32,2024-03-21,бытовая техника,2256.37,2356.44,100,575,0.276,2490.64
32,2024-03-22,бытовая техника,2144.07,2094.35,119,237,0.319,2547.15
32,2024-03-23,бытовая техника,2130.11,1997.04,120,632,0.29,2542.41
32,2024-03-24,бытовая техника,2144.44,2127.19,90,824,0.368,2488.57
32,2024-03-25,бытовая техника,2278.12,2287.09,94,384,0.19,2455.11
32,2024-03-26,бытовая техника,2039.97,2057.8,97,214,0.153,2453.55
32,2024-03-27,бытовая техника,2128.06,2160.92,108,732,0.135,2475.73
32,2024-03-28,бытовая техника,2315.61,2349.41,101,700,0.396,2522.03
32,2024-03-29,бытовая техника,2140.26,2180.4,102,325,0.252,2489.59
32,2024-03-30,бытовая техника,2387.57,2297.72,103,63,0.238,2488.63
33,2024-01-01,бытовая техника,4877.73,4677.16,99,880,0.194,4668.8
33,2024-01-02,бытовая техника,4739.25,4816.73,87,26,0.248,4638.46
33,2024-01-03,бытовая техника,4532.54,4500.05,97,732,0.25,4685.23
33,2024-01-04,бытовая техника,4627.28,4664.42,109,134,0.321,4772.84
33,2024-01-05,бытовая техника,4692.0,4665.06,75,996,0.198,4560.28
33,2024-01-06,бытовая техника,5115.56,5009.63,81,667,0.247,4610.49
33,2024-01-07,бытовая техника,4710.18,4802.7,90,685,0.131,4598.75
33,2024-01-08,бытовая техника,5031.37,4987.87,102,694,0.233,4700.46
33,2024-01-09,бытовая техника,5098.74,4982.69,87,700,0.171,4603.34
33,2024-01-10,бытовая техника,5045.0,5009.01,90,366,0.186,4623.91
33,2024-01-11,бытовая техника,4968.69,4713.85,108,235,0.363,4787.55
33,2024-01-12,бытовая техника,4467.87,4237.93,102,342,0.134,4654.72
33,2024-01-13,бытовая техника,4646.38,4552.61,96,933,0.145,4632.64
33,2024-01-14,бытовая техника,4609.05,4690.24,104,715,0.124,4659.62
33,2024-01-15,бытовая техника,4548.63,4778.68,90,501,0.208,4634.05
33,2024-01-16,бытовая техника,4438.7,4325.53,135,868,0.28,4873.15
33,2024-01-17,бытовая техника,4597.25,4395.04,100,629,0.31,4726.55
33,2024-01-18,бытовая техника,4375.57,4360.87,116,125,0.12,4712.6
33,2024-01-19,бытовая техника,4556.26,4603.97,87,966,0.293,4659.12
33,2024-01-20,бытовая техника,4081.43,3799.35,120,712,0.166,4752.24
33,2024-01-21,бытовая техника,4229.43,4479.57,94,350,0.389,4735.37
33,2024-01-22,бытовая техника,4157.15,4251.04,108,745,0.289,4753.66
33,2024-01-23,бытовая техника,4346.18,4369.06,107,40,0.167,4692.81
33,2024-01-24,бытовая техника,4531.65,4433.24,102,799,0.197,4683.98
33,2024-01-25,бытовая техника,4220.38,4362.84,92,255,0.162,4622.1
33,2024-01-26,бытовая техника,4416.89,4457.05,103,346,0.287,4729.49
33,2024-01-27,бытовая техника,4193.85,4071.6,109,76,0.252,4740.94
33,2024-01-28,бытовая техника,4319.55,4462.02,111,652,0.177,4715.78
33,2024-01-29,бытовая техника,4370.84,4272.34,110,299,0.215,4728.54
33,2024-01-30,бытовая техника,4597.91,4646.03,111,229,0.109,4684.83
33,2024-01-31,бытовая техника,4631.07,4472.84,107,880,0.292,4750.2
33,2024-02-01,бытовая техника,4517.83,4725.39,100,919,0.339,4739.81
33,2024-02-02,бытовая техника,4935.52,4896.5,88,721,0.136,4591.87
33,2024-02-03,бытовая техника,5115.67,5097.13,88,450,0.289,4661.63
33,2024-02-04,бытовая техника,4911.78,4925.98,76,728,0.272,4598.81
33,2024-02-05,бытовая техника,5211.67,5196.08,87,324,0.293,4658.9
33,2024-02-06,бытовая техника,5217.32,5192.31,77,196,0.173,4558.22
33,2024-02-07,бытовая техника,4965.55,5000.61,102,742,0.313,4736.93
33,2024-02-08,бытовая техника,5160.27,5178.21,89,767,0.218,4633.8
33,2024-02-09,бытовая техника,5068.98,4730.6,95,157,0.258,4679.86
33,2024-02-10,бытовая техника,5307.35,5575.37,80,970,0.334,4645.57
33,2024-02-11,бытовая техника,4699.98,4654.5,78,809,0.333,4636.36
33,2024-02-12,бытовая техника,5071.5,5217.5,79,761,0.399,4671.19
33,2024-02-13,бытовая техника,4792.57,4767.27,101,96,0.195,4678.31
33,2024-02-14,бытовая техника,4849.49,4714.23,113,266,0.373,4814.73
33,2024-02-15,бытовая техника,5123.23,5343.92,79,444,0.187,4573.87
33,2024-02-16,бытовая техника,4478.77,4538.91,104,168,0.292,4736.66
33,2024-02-17,бытовая техника,4237.97,4050.93,109,105,0.233,4732.58
33,2024-02-18,бытовая техника,4343.84,4176.47,100,932,0.191,4671.74
33,2024-02-19,бытовая техника,4351.18,4343.65,104,577,0.266,4724.71
33,2024-02-20,бытовая техника,3877.52,4035.78,116,676,0.226,4761.08
33,2024-02-21,бытовая техника,4401.13,4425.85,117,798,0.296,4797.97
33,2024-02-22,бытовая техника,3799.94,4101.36,98,607,0.239,4684.55
33,2024-02-23,бытовая техника,4178.87,4226.73,114,638,0.194,4737.3
33,2024-02-24,бытовая техника,4209.33,4296.97,114,914,0.182,4732.09
33,2024-02-25,бытовая техника,4643.79,4669.96,100,10,0.117,4637.91
33,2024-02-26,бытовая техника,4541.17,4630.02,106,152,0.136,4674.36
33,2024-02-27,бытовая техника,4480.62,4305.41,108,817,0.381,4795.65
33,2024-02-28,бытовая техника,4629.01,4474.75,104,66,0.173,4682.18
33,2024-02-29,бытовая техника,4473.96,4488.37,97,185,0.315,4714.99
33,2024-03-01,бытовая техника,4499.8,4629.9,100,351,0.203,4677.29
33,2024-03-02,бытовая техника,4213.34,4312.35,105,613,0.146,4674.0
33,2024-03-03,бытовая техника,4994.4,4856.96,84,931,0.292,4644.71
33,2024-03-04,бытовая техника,4884.83,5039.0,96,607,0.232,4672.39
33,2024-03-05,бытовая техника,5290.57,5150.91,85,421,0.217,4615.04
33,2024-03-06,бытовая техника,5003.27,5213.08,79,603,0.115,4541.01
33,2024-03-07,бытовая техника,4911.65,5146.82,75,607,0.212,4566.91
33,2024-03-08,бытовая техника,5130.22,5033.84,91,686,0.201,4635.34
33,2024-03-09,бытовая техника,5368.41,5269.0,87,239,0.323,4672.7
33,2024-03-10,бытовая техника,5167.56,5174.07,78,276,0.153,4553.61
33,2024-03-11,бытовая техника,4659.43,4784.58,101,590,0.276,4715.41
33,2024-03-12,бытовая техника,5052.8,5214.3,91,259,0.287,4674.55
33,2024-03-13,бытовая техника,4621.16,4538.74,104,758,0.371,4772.77
33,2024-03-14,бытовая техника,4852.93,4818.54,90,889,0.251,4653.47
33,2024-03-15,бытовая техника,4457.59,4703.73,83,672,0.149,4574.61
33,2024-03-16,бытовая техника,4939.69,4901.33,96,323,0.145,4632.39
33,2024-03-17,бытовая техника,4221.08,3971.92,120,71,0.194,4764.92
33,2024-03-18,бытовая техника,4449.0,4750.4,97,993,0.229,4675.53
33,2024-03-19,бытовая техника,4105.93,4217.41,117,298,0.158,4734.52
33,2024-03-20,бытовая техника,4296.77,4470.11,96,948,0.102,4612.74
33,2024-03-21,бытовая техника,4262.3,4283.56,111,138,0.378,4807.99
33,2024-03-22,бытовая техника,3889.21,3919.28,105,77,0.203,4700.51
33,2024-03-23,бытовая техника,4264.69,3979.41,122,589,0.194,4774.33
33,2024-03-24,бытовая техника,4319.66,4316.52,109,950,0.105,4673.65
33,2024-03-25,бытовая техника,3913.0,3936.44,115,934,0.367,4821.41
33,2024-03-26,бытовая техника,4136.27,3887.83,108,679,0.117,4674.83
33,2024-03-27,бытовая техника,3829.79,3967.45,109,122,0.11,4676.02
33,2024-03-28,бытовая техника,4547.64,4725.96,89,180,0.217,4633.43
33,2024-03-29,бытовая техника,4111.66,4219.69,101,990,0.199,4680.18
33,2024-03-30,бытовая техника,4466.1,4541.3,99,326,0.126,4637.74
34,2024-01-01,электроника,1424.1,1429.95,94,483,0.28,1439.72
34,2024-01-02,электроника,1331.81,1405.4,128,499,0.32,1493.31
34,2024-01-03,электроника,1354.63,1368.63,115,527,0.175,1454.58
34,2024-01-04,электроника,1394.05,1433.66,82,298,0.149,1404.33
34,2024-01-05,электроника,1547.71,1536.71,73,183,0.339,1418.41
34,2024-01-06,электроника,1434.03,1371.54,80,660,0.36,1431.33
34,2024-01-07,электроника,1386.68,1406.81,106,290,0.197,1444.9
34,2024-01-08,электроника,1439.71,1495.28,103,276,0.212,1442.82
34,2024-01-09,электроника,1703.06,1706.62,93,136,0.177,1423.86
34,2024-01-10,электроника,1502.78,1537.46,81,40,0.368,1433.77
34,2024-01-11,электроника,1615.09,1620.53,98,123,0.342,1454.06
34,2024-01-12,электроника,1481.69,1444.61,86,979,0.309,1432.5
34,2024-01-13,электроника,1564.42,1613.28,70,605,0.25,1401.69
34,2024-01-14,электроника,1355.73,1340.11,112,165,0.381,1479.36
34,2024-01-15,электроника,1456.61,1466.79,94,239,0.215,1430.6
34,2024-01-16,электроника,1467.37,1469.41,120,78,0.122,1454.16
34,2024-01-17,электроника,1322.02,1356.37,100,780,0.276,1447.68
34,2024-01-18,электроника,1359.0,1294.08,97,240,0.121,1421.49
34,2024-01-19,электроника,1235.67,1232.64,103,37,0.22,1443.97
34,2024-01-20,электроника,1359.73,1363.74,101,399,0.345,1458.7
34,2024-01-21,электроника,1230.49,1153.9,96,828,0.317,1447.81
34,2024-01-22,электроника,1325.94,1385.78,94,23,0.253,1435.94
34,2024-01-23,электроника,1155.16,1116.28,119,332,0.302,1478.03
34,2024-01-24,электроника,1206.18,1204.88,101,665,0.191,1437.0
34,2024-01-25,электроника,1330.5,1394.38,85,861,0.263,1424.72
34,2024-01-26,электроника,1257.1,1262.59,117,923,0.135,1451.69
34,2024-01-27,электроника,1292.83,1335.64,103,236,0.287,1453.37
34,2024-01-28,электроника,1491.04,1513.44,76,113,0.316,1419.43
34,2024-01-29,электроника,1389.08,1408.4,121,982,0.257,1474.48
34,2024-01-30,электроника,1505.24,1533.95,91,121,0.388,1450.77
34,2024-01-31,электроника,1458.17,1514.74,83,858,0.273,1423.3
34,2024-02-01,электроника,1403.82,1303.18,101,351,0.227,1442.16
34,2024-02-02,электроника,1411.89,1363.38,115,608,0.247,1464.7
34,2024-02-03,электроника,1497.99,1452.85,93,942,0.375,1451.73
34,2024-02-04,электроника,1489.29,1496.97,79,982,0.329,1425.49
34,2024-02-05,электроника,1534.33,1537.12,107,687,0.147,1439.25
34,2024-02-06,электроника,1565.72,1573.55,87,70,0.197,1418.23
34,2024-02-07,электроника,1514.56,1494.92,96,747,0.191,1429.97
34,2024-02-08,электроника,1494.55,1516.37,74,185,0.263,1409.14
34,2024-02-09,электроника,1555.6,1598.71,91,458,0.129,1414.23
34,2024-02-10,электроника,1357.41,1302.49,111,958,0.214,1454.37
34,2024-02-11,электроника,1584.89,1608.29,96,178,0.257,1439.25
34,2024-02-12,электроника,1380.64,1441.72,94,384,0.317,1444.91
34,2024-02-13,электроника,1457.11,1461.3,96,601,0.164,1426.27
34,2024-02-14,электроника,1351.42,1374.98,101,289,0.204,1438.86
34,2024-02-15,электроника,1312.87,1246.66,113,813,0.177,1452.01
34,2024-02-16,электроника,1296.13,1270.52,127,916,0.385,1501.02
34,2024-02-17,электроника,1396.29,1450.0,100,380,0.145,1429.17
34,2024-02-18,электроника,1403.77,1332.01,109,559,0.27,1459.45
34,2024-02-19,электроника,1238.3,1208.97,109,986,0.208,1450.77
34,2024-02-20,электроника,1383.13,1366.29,106,319,0.347,1466.04
34,2024-02-21,электроника,1250.55,1194.27,124,510,0.243,1476.77
34,2024-02-22,электроника,1364.23,1435.85,94,665,0.142,1420.31
34,2024-02-23,электроника,1300.78,1298.28,105,228,0.282,1455.45
34,2024-02-24,электроника,1195.29,1212.11,109,237,0.107,1436.55
34,2024-02-25,электроника,1420.11,1394.77,105,771,0.286,1456.04
34,2024-02-26,электроника,1314.71,1384.84,87,403,0.316,1434.87
34,2024-02-27,электроника,1438.68,1481.98,77,26,0.311,1420.1
34,2024-02-28,электроника,1356.13,1419.34,99,171,0.202,1435.85
34,2024-02-29,электроника,1475.83,1472.38,91,426,0.265,1433.45
34,2024-03-01,электроника,1395.19,1363.04,115,916,0.263,1466.97
34,2024-03-02,электроника,1442.48,1519.5,91,505,0.138,1415.47
34,2024-03-03,электроника,1415.82,1365.53,98,161,0.244,1440.36
34,2024-03-04,электроника,1466.19,1441.29,100,279,0.162,1431.54
34,2024-03-05,электроника,1632.93,1509.06,97,627,0.376,1457.51
34,2024-03-06,электроника,1439.84,1443.03,100,369,0.159,1431.09
34,2024-03-07,электроника,1601.61,1628.58,70,466,0.378,1419.74
34,2024-03-08,электроника,1628.83,1592.27,79,426,0.308,1422.49
34,2024-03-09,электроника,1519.83,1561.81,95,197,0.321,1446.86
34,2024-03-10,электроника,1450.45,1554.11,100,294,0.37,1460.88
34,2024-03-11,электроника,1500.68,1418.11,92,774,0.264,1434.6
34,2024-03-12,электроника,1474.29,1480.29,107,779,0.399,1474.74
34,2024-03-13,электроника,1448.48,1479.93,108,800,0.305,1462.91
34,2024-03-14,электроника,1415.97,1371.97,121,665,0.145,1458.79
34,2024-03-15,электроника,1425.91,1500.64,101,718,0.259,1446.56
34,2024-03-16,электроника,1494.26,1469.48,101,933,0.336,1457.52
34,2024-03-17,электроника,1433.51,1508.62,80,628,0.295,1422.06
34,2024-03-18,электроника,1313.56,1329.42,122,260,0.294,1481.2
34,2024-03-19,электроника,1313.91,1349.26,94,32,0.311,1444.1
34,2024-03-20,электроника,1193.6,1173.77,105,311,0.28,1455.29
34,2024-03-21,электроника,1299.2,1247.4,111,621,0.113,1440.12
34,2024-03-22,электроника,1356.17,1317.79,102,275,0.186,1437.78
34,2024-03-23,электроника,1252.84,1231.7,139,586,0.348,1512.76
34,2024-03-24,электроника,1283.38,1296.6,110,950,0.35,1472.1
34,2024-03-25,электроника,1202.73,1181.82,122,637,0.306,1482.84
34,2024-03-26,электроника,1292.13,1281.97,116,658,0.294,1472.73
34,2024-03-27,электроника,1360.09,1257.64,129,314,0.162,1472.4
34,2024-03-28,электроника,1330.51,1269.82,111,135,0.385,1478.47
34,2024-03-29,электроника,1296.57,1291.01,111,664,0.265,1461.56
34,2024-03-30,электроника,1349.5,1332.65,106,583,0.332,1463.96
35,2024-01-01,электроника,4476.66,4342.04,99,139,0.322,4558.43
35,2024-01-02,электроника,4529.55,4504.91,91,567,0.304,4514.82
35,2024-01-03,электроника,4725.46,4867.18,79,748,0.187,4410.29
35,2024-01-04,электроника,4348.2,4595.64,91,354,0.312,4518.48
35,2024-01-05,электроника,4652.14,4420.33,88,683,0.218,4463.65
35,2024-01-06,электроника,4602.87,4606.23,105,67,0.189,4526.11
35,2024-01-07,электроника,4983.6,4836.64,97,56,0.342,4558.39
35,2024-01-08,электроника,4924.07,5017.64,87,933,0.127,4419.26
35,2024-01-09,электроника,4534.16,4485.85,98,240,0.329,4556.98
35,2024-01-10,электроника,4468.38,4670.27,98,633,0.228,4512.43
35,2024-01-11,электроника,4815.47,4873.16,81,462,0.339,4486.25
35,2024-01-12,электроника,4582.01,4629.59,105,26,0.311,4580.09
35,2024-01-13,электроника,4561.64,4588.34,101,549,0.151,4491.58
35,2024-01-14,электроника,4560.02,4714.78,75,694,0.207,4401.29
35,2024-01-15,электроника,4388.46,4365.21,102,868,0.112,4478.65
35,2024-01-16,электроника,4500.51,4415.59,100,887,0.235,4524.37
35,2024-01-17,электроника,4393.99,4379.52,106,179,0.367,4609.1
35,2024-01-18,электроника,4466.38,4592.14,95,603,0.377,4565.14
35,2024-01-19,электроника,4045.22,3946.14,95,301,0.323,4541.04
35,2024-01-20,электроника,4311.12,4005.51,105,594,0.174,4519.49
35,2024-01-21,электроника,4163.04,4114.73,124,589,0.233,4629.48
35,2024-01-22,электроника,4025.68,4104.06,120,216,0.382,4677.6
35,2024-01-23,электроника,3931.07,3847.86,115,472,0.182,4567.09
35,2024-01-24,электроника,3995.4,3986.91,121,727,0.124,4567.94
35,2024-01-25,электроника,4425.21,4421.8,86,83,0.348,4512.43
35,2024-01-26,электроника,4518.07,4565.32,116,31,0.287,4617.78
35,2024-01-27,электроника,4182.07,4192.39,138,773,0.295,4718.67
35,2024-01-28,электроника,4325.12,4372.86,98,828,0.196,4498.05
35,2024-01-29,электроника,4172.14,4221.1,100,601,0.188,4503.68
35,2024-01-30,электроника,4212.67,4290.03,99,250,0.174,4492.82
35,2024-01-31,электроника,4514.44,4643.38,93,763,0.141,4451.8
35,2024-02-01,электроника,4582.1,4657.34,104,521,0.204,4528.38
35,2024-02-02,электроника,4665.54,4941.67,82,468,0.378,4508.14
35,2024-02-03,электроника,4878.77,4940.73,100,781,0.254,4532.5
35,2024-02-04,электроника,5073.12,5220.59,95,128,0.32,4539.84
35,2024-02-05,электроника,4641.3,4509.08,87,747,0.157,4432.36
35,2024-02-06,электроника,4677.59,4635.68,107,14,0.298,4583.26
35,2024-02-07,электроника,4955.72,4980.86,66,149,0.191,4354.46
35,2024-02-08,электроника,4964.77,5038.22,103,742,0.276,4555.82
35,2024-02-09,электроника,4917.96,5340.54,92,708,0.328,4530.04
35,2024-02-10,электроника,4948.24,4817.69,82,891,0.272,4461.0
35,2024-02-11,электроника,4532.47,4534.37,92,491,0.27,4504.38
35,2024-02-12,электроника,4568.05,4576.38,82,437,0.11,4389.41
35,2024-02-13,электроника,5046.22,5080.79,98,20,0.389,4583.31
35,2024-02-14,электроника,4338.77,4227.62,109,853,0.143,4523.41
35,2024-02-15,электроника,4587.8,4771.76,84,453,0.231,4451.87
35,2024-02-16,электроника,4646.17,4744.36,104,845,0.177,4516.3
35,2024-02-17,электроника,4512.41,4587.43,96,524,0.387,4573.73
35,2024-02-18,электроника,3787.36,3706.52,130,49,0.324,4696.29
35,2024-02-19,электроника,4124.78,4030.29,97,75,0.141,4469.65
35,2024-02-20,электроника,3819.81,3706.35,107,249,0.374,4616.57
35,2024-02-21,электроника,4488.38,4590.11,101,477,0.102,4469.85
35,2024-02-22,электроника,3481.76,3468.84,138,326,0.125,4643.65
35,2024-02-23,электроника,4076.26,4126.25,88,556,0.136,4427.48
35,2024-02-24,электроника,3823.25,3919.21,118,144,0.197,4587.22
35,2024-02-25,электроника,4249.24,4418.7,96,200,0.216,4498.14
35,2024-02-26,электроника,4055.18,3978.2,107,710,0.115,4502.21
35,2024-02-27,электроника,4185.09,4165.21,96,809,0.355,4559.55
35,2024-02-28,электроника,4505.61,4621.58,89,623,0.386,4542.34
35,2024-02-29,электроника,4039.85,3805.44,120,668,0.283,4634.07
35,2024-03-01,электроника,4278.1,4425.45,103,760,0.154,4501.82
35,2024-03-02,электроника,4760.76,4744.4,85,659,0.277,4476.42
35,2024-03-03,электроника,4602.69,4606.9,90,362,0.389,4548.11
35,2024-03-04,электроника,4319.58,4122.52,90,953,0.316,4515.86
35,2024-03-05,электроника,4357.47,4264.15,109,779,0.159,4530.52
35,2024-03-06,электроника,4914.93,4772.32,98,408,0.167,4485.25
35,2024-03-07,электроника,4745.86,4565.78,91,158,0.116,4431.81
35,2024-03-08,электроника,4744.58,4607.5,85,72,0.221,4452.01
35,2024-03-09,электроника,4877.53,4751.4,93,891,0.163,4461.41
35,2024-03-10,электроника,4808.83,4831.68,78,981,0.129,4380.38
35,2024-03-11,электроника,5193.27,5578.23,90,579,0.137,4436.63
35,2024-03-12,электроника,4699.49,4570.07,93,528,0.325,4533.33
35,2024-03-13,электроника,4645.12,4784.7,83,53,0.261,4460.72
35,2024-03-14,электроника,4406.98,4429.12,107,23,0.269,4570.06
35,2024-03-15,электроника,4695.73,4723.94,105,406,0.319,4583.35
35,2024-03-16,электроника,4330.46,4432.26,107,508,0.151,4517.9
35,2024-03-17,электроника,4406.36,4327.11,114,359,0.261,4597.51
35,2024-03-18,электроника,4820.46,4680.55,86,787,0.322,4500.88
35,2024-03-19,электроника,4349.07,4209.29,114,512,0.154,4550.45
35,2024-03-20,электроника,4086.94,3892.51,130,816,0.252,4664.44
35,2024-03-21,электроника,3855.25,3939.59,116,212,0.325,4634.95
35,2024-03-22,электроника,3724.08,3645.66,131,101,0.296,4688.17
35,2024-03-23,электроника,4223.12,4298.2,97,543,0.196,4493.68
35,2024-03-24,электроника,4021.09,3984.88,82,268,0.353,4496.83
35,2024-03-25,электроника,3603.22,3764.55,112,517,0.324,4616.6
35,2024-03-26,электроника,3890.14,3851.23,108,370,0.231,4557.79
35,2024-03-27,электроника,4021.8,3951.47,109,375,0.287,4587.13
35,2024-03-28,электроника,3783.15,3885.03,102,231,0.19,4513.01
35,2024-03-29,электроника,3937.4,4017.91,94,957,0.283,4518.87
35,2024-03-30,электроника,4293.75,4316.25,104,218,0.138,4499.3
36,2024-01-01,электроника,2079.86,2084.82,109,16,0.382,2257.92
36,2024-01-02,электроника,2025.37,1959.38,126,10,0.318,2280.71
36,2024-01-03,электроника,2510.37,2508.34,81,659,0.104,2137.71
36,2024-01-04,электроника,2376.26,2319.1,95,619,0.251,2199.57
36,2024-01-05,электроника,2340.69,2429.46,95,123,0.247,2198.71
36,2024-01-06,электроника,2267.84,2233.16,85,878,0.372,2203.94
36,2024-01-07,электроника,2459.08,2529.6,75,789,0.279,2162.41
36,2024-01-08,электроника,2457.29,2397.1,68,236,0.29,2149.75
36,2024-01-09,электроника,2398.21,2375.5,98,761,0.238,2203.25
36,2024-01-10,электроника,2499.43,2566.11,80,366,0.168,2149.35
36,2024-01-11,электроника,2399.14,2473.67,70,231,0.195,2133.6
36,2024-01-12,электроника,2354.35,2309.26,79,964,0.102,2132.92
36,2024-01-13,электроника,2159.41,2217.61,92,473,0.127,2166.41
36,2024-01-14,электроника,2363.69,2306.72,88,384,0.327,2200.71
36,2024-01-15,электроника,2201.59,2102.78,114,285,0.339,2259.54
36,2024-01-16,электроника,2084.35,2123.53,93,469,0.326,2211.39
36,2024-01-17,электроника,2063.53,2152.0,99,92,0.133,2182.74
36,2024-01-18,электроника,2085.69,2115.83,88,647,0.326,2200.59
36,2024-01-19,электроника,2104.73,2176.98,98,357,0.223,2199.96
36,2024-01-20,электроника,1794.45,1831.74,138,916,0.149,2270.19
36,2024-01-21,электроника,1975.9,2029.41,113,823,0.293,2247.46
36,2024-01-22,электроника,1699.13,1724.1,126,567,0.107,2235.26
36,2024-01-23,электроника,1896.35,1902.18,111,913,0.325,2249.98
36,2024-01-24,электроника,1851.07,1983.35,106,129,0.369,2248.66
36,2024-01-25,электроника,1906.24,1871.06,93,554,0.122,2167.34
36,2024-01-26,электроника,1984.77,1985.58,105,689,0.339,2240.01
36,2024-01-27,электроника,2073.49,2078.04,113,60,0.169,2220.64
36,2024-01-28,электроника,1881.53,1840.34,116,733,0.313,2258.26
36,2024-01-29,электроника,2113.45,2106.29,100,521,0.243,2208.46
36,2024-01-30,электроника,2097.84,1994.83,96,337,0.161,2182.21
36,2024-01-31,электроника,2242.94,2133.97,112,524,0.368,2261.32
36,2024-02-01,электроника,2114.07,2062.24,108,298,0.399,2259.43
36,2024-02-02,электроника,2142.14,2018.71,98,145,0.377,2233.06
36,2024-02-03,электроника,2260.71,2081.35,124,731,0.29,2270.55
36,2024-02-04,электроника,2460.0,2465.19,80,432,0.305,2178.71
36,2024-02-05,электроника,2394.48,2520.2,83,529,0.127,2146.85
36,2024-02-06,электроника,2213.24,2261.88,102,782,0.232,2210.6
36,2024-02-07,электроника,2208.46,2310.04,84,91,0.223,2169.76
36,2024-02-08,электроника,2329.47,2356.01,107,875,0.387,2254.63
36,2024-02-09,электроника,2406.9,2409.84,88,690,0.218,2177.36
36,2024-02-10,электроника,2440.12,2435.55,85,217,0.281,2184.32
36,2024-02-11,электроника,2368.22,2383.13,79,169,0.237,2161.93
36,2024-02-12,электроника,2381.63,2424.94,99,398,0.211,2199.42
36,2024-02-13,электроника,2241.81,2263.16,115,75,0.32,2257.55
36,2024-02-14,электроника,2184.69,2201.3,88,833,0.262,2186.86
36,2024-02-15,электроника,2111.56,2232.12,99,14,0.383,2236.56
36,2024-02-16,электроника,1984.59,1994.03,113,621,0.378,2265.74
36,2024-02-17,электроника,2176.68,2178.42,100,637,0.137,2185.8
36,2024-02-18,электроника,2018.83,1966.95,111,906,0.319,2248.74
36,2024-02-19,электроника,1943.52,1793.85,117,921,0.32,2261.76
36,2024-02-20,электроника,1844.96,1788.0,124,420,0.384,2290.75
36,2024-02-21,электроника,2163.77,2139.85,106,53,0.169,2205.51
36,2024-02-22,электроника,1989.62,1954.92,100,25,0.345,2230.5
36,2024-02-23,электроника,2003.81,2028.06,109,940,0.297,2239.72
36,2024-02-24,электроника,1953.27,1884.18,112,578,0.237,2233.04
36,2024-02-25,электроника,1945.06,1947.59,112,172,0.114,2206.54
36,2024-02-26,электроника,2135.36,2090.22,117,76,0.349,2268.11
36,2024-02-27,электроника,1936.57,1888.11,105,797,0.133,2195.56
36,2024-02-28,электроника,2078.43,2052.58,75,117,0.386,2185.4
36,2024-02-29,электроника,1955.6,1925.59,128,25,0.324,2286.38
36,2024-03-01,электроника,1811.66,1794.73,110,795,0.236,2228.55
36,2024-03-02,электроника,2428.74,2405.98,92,302,0.257,2194.29
36,2024-03-03,электроника,2162.67,2143.56,102,825,0.118,2186.02
36,2024-03-04,электроника,2239.94,2199.59,106,98,0.27,2227.41
36,2024-03-05,электроника,2271.55,2300.88,90,687,0.22,2182.08
36,2024-03-06,электроника,2358.55,2341.39,94,674,0.138,2173.02
36,2024-03-07,электроника,2715.47,2760.44,99,162,0.263,2210.7
36,2024-03-08,электроника,2431.93,2465.99,96,445,0.271,2206.0
36,2024-03-09,электроника,2566.62,2610.69,81,38,0.388,2198.91
36,2024-03-10,электроника,2283.31,2175.77,97,507,0.136,2178.96
36,2024-03-11,электроника,2387.91,2393.16,90,262,0.155,2167.99
36,2024-03-12,электроника,2297.67,2316.42,105,240,0.386,2250.17
36,2024-03-13,электроника,2231.54,2366.5,90,941,0.214,2180.82
36,2024-03-14,электроника,2114.29,2086.48,117,465,0.146,2224.27
36,2024-03-15,электроника,2395.17,2488.94,79,656,0.32,2179.97
36,2024-03-16,электроника,2097.18,2104.32,113,471,0.23,2233.9
36,2024-03-17,электроника,2217.68,2169.9,95,331,0.37,2225.2
36,2024-03-18,электроника,2128.13,2067.12,98,688,0.14,2181.96
36,2024-03-19,электроника,2049.85,1912.43,115,84,0.284,2249.82
36,2024-03-20,электроника,2100.96,2261.43,90,588,0.327,2205.05
36,2024-03-21,электроника,1787.53,1719.0,138,191,0.2,2281.25
36,2024-03-22,электроника,1959.88,1910.86,94,933,0.309,2209.87
36,2024-03-23,электроника,2043.33,2105.02,105,837,0.188,2207.53
36,2024-03-24,электроника,1756.84,1638.59,140,190,0.199,2285.35
36,2024-03-25,электроника,2030.86,2126.93,112,277,0.352,2258.04
36,2024-03-26,электроника,2023.55,2117.09,105,881,0.106,2189.83
36,2024-03-27,электроника,1940.14,2030.87,111,402,0.232,2229.86
36,2024-03-28,электроника,2124.37,2037.27,111,410,0.315,2247.85
36,2024-03-29,электроника,2207.96,2157.8,101,643,0.398,2244.22
36,2024-03-30,электроника,2026.98,2108.61,104,597,0.134,2193.6
37,2024-01-01,электроника,3430.34,3400.72,74,223,0.138,3301.24
37,2024-01-02,электроника,3292.5,3253.9,98,118,0.283,3429.89
37,2024-01-03,электроника,3658.9,3586.55,83,371,0.297,3384.21
37,2024-01-04,электроника,3413.9,3305.76,103,298,0.301,3452.67
37,2024-01-05,электроника,3303.12,3209.49,103,311,0.355,3470.45
37,2024-01-06,электроника,3555.25,3620.42,86,278,0.299,3394.92
37,2024-01-07,электроника,3374.09,3413.23,92,557,0.153,3366.31
37,2024-01-08,электроника,3753.84,3891.47,70,369,0.323,3349.6
37,2024-01-09,электроника,3596.49,3592.16,91,345,0.116,3350.64
37,2024-01-10,электроника,3792.15,3932.8,78,726,0.264,3356.53
37,2024-01-11,электроника,3846.51,3653.79,106,378,0.353,3479.83
37,2024-01-12,электроника,3819.94,3746.02,110,173,0.171,3432.51
37,2024-01-13,электроника,3334.84,3349.02,90,827,0.383,3436.42
37,2024-01-14,электроника,3476.75,3424.74,89,758,0.155,3356.89
37,2024-01-15,электроника,3524.74,3558.86,112,499,0.222,3456.17
37,2024-01-16,электроника,3512.75,3567.26,109,467,0.237,3451.19
37,2024-01-17,электроника,3389.1,3464.25,102,404,0.334,3460.3
37,2024-01-18,электроника,3164.47,3097.48,119,324,0.177,3464.58
37,2024-01-19,электроника,3261.57,3266.48,109,166,0.362,3492.85
37,2024-01-20,электроника,3115.48,2875.66,117,773,0.315,3503.96
37,2024-01-21,электроника,2879.06,2713.12,117,189,0.376,3524.47
37,2024-01-22,электроника,3084.52,3066.31,105,18,0.228,3434.76
37,2024-01-23,электроника,3151.22,3154.66,109,364,0.21,3442.28
37,2024-01-24,электроника,3098.12,3041.79,113,96,0.118,3424.92
37,2024-01-25,электроника,2837.73,2834.49,110,171,0.139,3421.78
37,2024-01-26,электроника,3245.98,3289.9,106,418,0.33,3472.26
37,2024-01-27,электроника,3262.59,3352.46,102,627,0.285,3443.98
37,2024-01-28,электроника,3038.32,2848.81,128,880,0.315,3540.76
37,2024-01-29,электроника,3411.58,3451.43,105,978,0.327,3467.76
37,2024-01-30,электроника,3590.73,3634.96,89,907,0.195,3370.46
37,2024-01-31,электроника,2807.25,2723.11,116,997,0.229,3471.9
37,2024-02-01,электроника,3360.22,3303.64,102,624,0.21,3418.79
37,2024-02-02,электроника,3277.3,3260.48,113,59,0.113,3423.29
37,2024-02-03,электроника,3673.62,3697.05,83,710,0.156,3337.25
37,2024-02-04,электроника,3565.54,3736.96,99,629,0.127,3381.0
37,2024-02-05,электроника,3605.76,3757.31,71,748,0.105,3280.26
37,2024-02-06,электроника,3946.76,3980.97,94,241,0.157,3374.28
37,2024-02-07,электроника,3779.56,3925.47,99,497,0.221,3412.34
37,2024-02-08,электроника,3975.79,3952.34,78,86,0.207,3337.58
37,2024-02-09,электроника,3762.08,3732.78,77,225,0.299,3365.01
37,2024-02-10,электроника,3498.43,3565.55,94,730,0.189,3384.92
37,2024-02-11,электроника,3767.42,3736.33,94,993,0.181,3382.34
37,2024-02-12,электроника,3653.38,3687.45,104,463,0.303,3456.42
37,2024-02-13,электроника,3433.9,3584.11,104,241,0.31,3458.93
37,2024-02-14,электроника,3537.57,3477.19,95,909,0.248,3407.99
37,2024-02-15,электроника,3448.16,3308.23,103,481,0.364,3473.75
37,2024-02-16,электроника,3155.72,3147.57,110,895,0.2,3442.16
37,2024-02-17,электроника,3357.75,3372.54,107,551,0.347,3481.26
37,2024-02-18,электроника,3027.14,3067.33,115,102,0.267,3481.34
37,2024-02-19,электроника,3147.36,3066.07,112,717,0.368,3504.87
37,2024-02-20,электроника,3304.49,3355.77,105,100,0.33,3468.96
37,2024-02-21,электроника,2844.15,3008.22,103,850,0.119,3391.75
37,2024-02-22,электроника,3065.83,3174.53,99,858,0.212,3409.54
37,2024-02-23,электроника,2984.21,2983.16,92,754,0.374,3440.01
37,2024-02-24,электроника,2991.65,3119.83,92,22,0.217,3387.63
37,2024-02-25,электроника,2952.78,3060.75,104,653,0.264,3443.55
37,2024-02-26,электроника,3004.64,3008.42,99,472,0.369,3462.03
37,2024-02-27,электроника,3184.95,3127.37,116,389,0.194,3460.22
37,2024-02-28,электроника,3012.23,2984.16,102,732,0.367,3471.19
37,2024-02-29,электроника,3274.55,3266.39,110,804,0.227,3451.25
37,2024-03-01,электроника,3380.17,3422.67,99,447,0.292,3436.16
37,2024-03-02,электроника,3445.41,3492.56,70,528,0.398,3374.83
37,2024-03-03,электроника,3772.48,3746.69,59,504,0.171,3262.14
37,2024-03-04,электроника,3504.43,3390.04,96,818,0.362,3449.62
37,2024-03-05,электроника,3541.96,3582.72,89,401,0.134,3350.05
37,2024-03-06,электроника,3755.11,3753.7,100,694,0.212,3412.79
37,2024-03-07,электроника,3503.58,3623.5,106,921,0.234,3440.07
37,2024-03-08,электроника,3872.24,3844.78,90,495,0.196,3373.89
37,2024-03-09,электроника,3959.42,3905.16,89,934,0.322,3412.91
37,2024-03-10,электроника,3845.03,3853.82,82,589,0.232,3359.26
37,2024-03-11,электроника,3638.54,3668.81,83,817,0.12,3325.19
37,2024-03-12,электроника,3434.68,3614.91,85,775,0.364,3413.59
37,2024-03-13,электроника,3500.07,3542.72,109,815,0.339,3485.26
37,2024-03-14,электроника,3284.25,3296.2,101,996,0.134,3390.0
37,2024-03-15,электроника,3653.74,3541.24,86,113,0.241,3375.63
37,2024-03-16,электроника,3213.46,3111.53,126,572,0.301,3529.47
37,2024-03-17,электроника,3434.25,3421.6,104,597,0.158,3408.19
37,2024-03-18,электроника,2903.54,2780.62,111,776,0.155,3430.53
37,2024-03-19,электроника,3162.69,3099.88,96,642,0.168,3384.84
37,2024-03-20,электроника,3294.32,3319.25,89,713,0.35,3421.96
37,2024-03-21,электроника,3008.28,3036.82,126,944,0.144,3476.97
37,2024-03-22,электроника,3007.05,2886.99,107,57,0.277,3457.88
37,2024-03-23,электроника,2866.87,2980.99,113,873,0.104,3420.22
37,2024-03-24,электроника,2915.26,2882.87,122,452,0.278,3508.28
37,2024-03-25,электроника,3017.91,3016.82,106,144,0.324,3470.1
37,2024-03-26,электроника,2960.67,2910.79,111,708,0.163,3433.31
37,2024-03-27,электроника,3022.07,3222.88,99,786,0.316,3444.12
37,2024-03-28,электроника,3010.43,3026.38,109,417,0.124,3413.46
37,2024-03-29,электроника,3218.86,3288.77,107,797,0.385,3493.97
37,2024-03-30,электроника,3462.19,3453.65,97,344,0.224,3406.85
38,2024-01-01,бытовая техника,3643.83,3688.43,97,19,0.386,3449.52
38,2024-01-02,бытовая техника,3255.45,3216.17,101,516,0.162,3388.3
38,2024-01-03,бытовая техника,3435.07,3354.52,102,500,0.139,3384.13
38,2024-01-04,бытовая техника,3735.59,3726.21,96,265,0.203,3385.24
38,2024-01-05,бытовая техника,3732.43,3734.76,90,208,0.144,3345.78
38,2024-01-06,бытовая техника,3520.15,3593.76,105,671,0.259,3434.1
38,2024-01-07,бытовая техника,3438.86,3367.03,99,211,0.318,3433.67
38,2024-01-08,бытовая техника,3520.1,3336.68,98,336,0.234,3402.44
38,2024-01-09,бытовая техника,3542.72,3510.52,109,234,0.117,3399.86
38,2024-01-10,бытовая техника,3571.1,3523.44,88,878,0.177,3349.94
38,2024-01-11,бытовая техника,3509.72,3448.81,101,873,0.152,3384.82
38,2024-01-12,бытовая техника,3632.38,3663.27,83,638,0.211,3344.52
38,2024-01-13,бытовая техника,3799.3,3832.21,82,934,0.284,3365.62
38,2024-01-14,бытовая техника,3436.99,3573.63,91,274,0.252,3384.82
38,2024-01-15,бытовая техника,3472.5,3533.68,84,35,0.118,3316.95
38,2024-01-16,бытовая техника,3178.48,3128.52,85,844,0.288,3377.09
38,2024-01-17,бытовая техника,3263.89,3147.12,97,841,0.112,3358.29
38,2024-01-18,бытовая техника,3148.51,3179.3,99,232,0.2,3394.36
38,2024-01-19,бытовая техника,3207.9,3308.21,109,893,0.242,3441.63
38,2024-01-20,бытовая техника,3316.07,3359.01,97,632,0.277,3413.18
38,2024-01-21,бытовая техника,3246.32,3379.72,98,62,0.103,3358.7
38,2024-01-22,бытовая техника,3106.64,3169.55,98,188,0.321,3431.23
38,2024-01-23,бытовая техника,2875.93,2927.44,102,476,0.178,3396.89
38,2024-01-24,бытовая техника,2981.41,3092.17,95,363,0.103,3348.62
38,2024-01-25,бытовая техника,3068.57,3204.58,104,956,0.269,3434.0
38,2024-01-26,бытовая техника,3077.74,2943.72,122,180,0.204,3472.17
38,2024-01-27,бытовая техника,3048.36,3287.24,100,127,0.151,3381.39
38,2024-01-28,бытовая техника,3154.0,3220.67,96,195,0.126,3359.51
38,2024-01-29,бытовая техника,3470.2,3556.23,88,294,0.23,3367.74
38,2024-01-30,бытовая техника,3038.41,3064.82,103,286,0.382,3468.32
38,2024-01-31,бытовая техника,3460.11,3545.91,83,324,0.181,3334.69
38,2024-02-01,бытовая техника,3767.64,3700.52,94,107,0.173,3368.52
38,2024-02-02,бытовая техника,3346.14,3390.2,91,478,0.369,3423.93
38,2024-02-03,бытовая техника,3208.42,3338.02,104,689,0.361,3464.7
38,2024-02-04,бытовая техника,3485.76,3421.93,93,979,0.308,3410.35
38,2024-02-05,бытовая техника,3964.43,3931.32,91,870,0.141,3347.87
38,2024-02-06,бытовая техника,3843.12,3795.55,76,290,0.141,3298.0
38,2024-02-07,бытовая техника,3689.77,3856.83,96,269,0.372,3441.47
38,2024-02-08,бытовая техника,3938.65,4129.5,82,602,0.24,3351.15
38,2024-02-09,бытовая техника,3403.35,3514.88,100,151,0.239,3410.49
38,2024-02-10,бытовая техника,3523.63,3430.35,94,574,0.399,3444.03
38,2024-02-11,бытовая техника,3830.32,3709.44,97,71,0.255,3405.98
38,2024-02-12,бытовая техника,3591.43,3512.31,108,624,0.358,3476.88
38,2024-02-13,бытовая техника,3339.65,3294.56,87,733,0.262,3374.93
38,2024-02-14,бытовая техника,3371.08,3290.25,82,583,0.247,3353.19
38,2024-02-15,бытовая техника,3704.86,3672.93,102,735,0.231,3414.53
38,2024-02-16,бытовая техника,3211.19,3102.79,113,127,0.238,3453.66
38,2024-02-17,бытовая техника,3272.79,3263.3,104,500,0.297,3443.37
38,2024-02-18,бытовая техника,3186.61,3314.57,107,937,0.253,3438.72
38,2024-02-19,бытовая техника,3058.83,3161.63,95,905,0.371,3437.89
38,2024-02-20,бытовая техника,3088.86,2934.55,101,190,0.239,3413.96
38,2024-02-21,бытовая техника,3170.02,3282.43,99,408,0.157,3380.05
38,2024-02-22,бытовая техника,3136.43,3045.75,106,714,0.398,3483.65
38,2024-02-23,бытовая техника,2885.21,2906.65,103,872,0.173,3398.73
38,2024-02-24,бытовая техника,3058.69,3106.57,115,733,0.142,3428.16
38,2024-02-25,бытовая техника,3172.04,3205.4,108,617,0.22,3430.97
38,2024-02-26,бытовая техника,3094.03,3193.69,107,647,0.317,3460.08
38,2024-02-27,бытовая техника,3293.59,3343.1,91,562,0.276,3393.03
38,2024-02-28,бытовая техника,3431.27,3516.59,103,474,0.134,3385.68
38,2024-02-29,бытовая техника,3332.44,3384.3,104,891,0.18,3404.43
38,2024-03-01,бытовая техника,3076.14,2950.82,110,620,0.171,3421.26
38,2024-03-02,бытовая техника,3282.39,3402.63,92,332,0.198,3370.17
38,2024-03-03,бытовая техника,3458.71,3451.97,89,512,0.2,3361.06
38,2024-03-04,бытовая техника,3678.22,3584.63,93,781,0.216,3379.71
38,2024-03-05,бытовая техника,3062.39,3049.66,123,84,0.162,3461.69
38,2024-03-06,бытовая техника,3937.59,3785.86,102,265,0.239,3417.36
38,2024-03-07,бытовая техника,3573.79,3599.26,92,971,0.282,3398.44
38,2024-03-08,бытовая техника,3769.46,3669.55,110,464,0.246,3446.19
38,2024-03-09,бытовая техника,3712.68,3682.38,84,295,0.318,3383.62
38,2024-03-10,бытовая техника,3712.84,3687.88,94,152,0.232,3388.23
38,2024-03-11,бытовая техника,3421.4,3311.22,109,983,0.297,3460.01
38,2024-03-12,бытовая техника,3719.19,3670.83,89,55,0.246,3376.45
38,2024-03-13,бытовая техника,3712.65,3672.75,73,12,0.167,3296.74
38,2024-03-14,бытовая техника,3455.91,3493.88,98,585,0.178,3383.7
38,2024-03-15,бытовая техника,3490.62,3616.41,96,984,0.146,3366.48
38,2024-03-16,бытовая техника,3436.27,3556.9,94,579,0.22,3384.45
38,2024-03-17,бытовая техника,3086.35,3094.28,129,602,0.149,3477.27
38,2024-03-18,бытовая техника,3331.23,3380.08,102,514,0.397,3470.04
38,2024-03-19,бытовая техника,3328.9,3314.19,100,406,0.329,3440.54
38,2024-03-20,бытовая техника,2832.8,2945.44,109,694,0.153,3411.93
38,2024-03-21,бытовая техника,3172.47,3318.86,103,710,0.182,3401.7
38,2024-03-22,бытовая техника,2921.67,2950.58,113,572,0.312,3478.22
38,2024-03-23,бытовая техника,3027.51,3225.9,79,374,0.101,3294.57
38,2024-03-24,бытовая техника,2863.94,2709.3,121,538,0.208,3470.22
38,2024-03-25,бытовая техника,2939.42,3029.89,107,968,0.331,3464.54
38,2024-03-26,бытовая техника,3051.71,3103.4,103,296,0.238,3420.37
38,2024-03-27,бытовая техника,3174.28,3262.91,104,622,0.145,3392.5
38,2024-03-28,бытовая техника,3065.56,2930.93,99,486,0.378,3453.53
38,2024-03-29,бытовая техника,3174.27,3155.86,117,621,0.287,3483.2
38,2024-03-30,бытовая техника,3263.81,3433.79,92,621,0.367,3426.51
39,2024-01-01,бытовая техника,2517.87,2574.55,78,413,0.323,2569.54
39,2024-01-02,бытовая техника,2601.41,2646.43,77,328,0.101,2510.53
39,2024-01-03,бытовая техника,2510.78,2477.36,84,701,0.131,2535.95
39,2024-01-04,бытовая техника,2752.25,2757.83,103,992,0.183,2597.34
39,2024-01-05,бытовая техника,2957.12,3030.42,62,538,0.385,2544.53
39,2024-01-06,бытовая техника,2666.3,2710.94,84,346,0.31,2581.49
39,2024-01-07,бытовая техника,2824.53,2910.09,92,77,0.375,2618.33
39,2024-01-08,бытовая техника,2897.37,2980.69,81,701,0.347,2583.13
39,2024-01-09,бытовая техника,2620.3,2611.0,99,691,0.234,2600.19
39,2024-01-10,бытовая техника,2729.69,2771.29,97,341,0.397,2636.56
39,2024-01-11,бытовая техника,3015.17,2909.1,92,734,0.127,2555.16
39,2024-01-12,бытовая техника,2841.18,2759.36,90,539,0.367,2611.21
39,2024-01-13,бытовая техника,2856.03,2859.61,69,65,0.362,2556.42
39,2024-01-14,бытовая техника,2430.54,2537.08,108,511,0.117,2593.36
39,2024-01-15,бытовая техника,2652.91,2742.25,92,498,0.227,2580.7
39,2024-01-16,бытовая техника,2443.81,2405.9,98,466,0.132,2571.74
39,2024-01-17,бытовая техника,2607.68,2597.78,108,530,0.211,2617.35
39,2024-01-18,бытовая техника,2635.41,2619.88,95,77,0.194,2579.88
39,2024-01-19,бытовая техника,2524.64,2597.64,110,649,0.112,2597.22
39,2024-01-20,бытовая техника,2200.04,2243.34,110,408,0.174,2612.85
39,2024-01-21,бытовая техника,2258.46,2172.96,123,605,0.306,2679.54
39,2024-01-22,бытовая техника,2318.71,2307.27,98,458,0.338,2624.2
39,2024-01-23,бытовая техника,2225.35,2228.55,116,370,0.324,2666.32
39,2024-01-24,бытовая техника,2278.97,2235.18,105,609,0.107,2583.22
39,2024-01-25,бытовая техника,2327.95,2229.18,99,591,0.127,2573.06
39,2024-01-26,бытовая техника,2273.04,2234.77,109,41,0.279,2637.04
39,2024-01-27,бытовая техника,2320.96,2376.18,113,855,0.205,2628.51
39,2024-01-28,бытовая техника,2304.91,2311.15,109,963,0.223,2622.92
39,2024-01-29,бытовая техника,2769.85,2800.59,104,875,0.273,2622.99
39,2024-01-30,бытовая техника,2348.55,2343.95,97,885,0.247,2598.59
39,2024-01-31,бытовая техника,2539.4,2654.74,89,688,0.24,2576.24
39,2024-02-01,бытовая техника,2687.3,2791.71,100,99,0.27,2611.9
39,2024-02-02,бытовая техника,2627.41,2556.02,96,867,0.12,2563.74
39,2024-02-03,бытовая техника,2622.7,2601.34,98,888,0.158,2578.46
39,2024-02-04,бытовая техника,2918.1,2959.49,86,678,0.223,2564.51
39,2024-02-05,бытовая техника,2725.71,2725.65,101,309,0.189,2593.89
39,2024-02-06,бытовая техника,2824.44,2840.44,94,572,0.234,2587.61
39,2024-02-07,бытовая техника,2853.53,2804.85,92,319,0.1,2548.4
39,2024-02-08,бытовая техника,2899.27,2900.21,91,628,0.274,2590.17
39,2024-02-09,бытовая техника,2637.46,2674.86,94,209,0.156,2567.83
39,2024-02-10,бытовая техника,2703.25,2902.18,74,400,0.344,2564.73
39,2024-02-11,бытовая техника,2739.75,2820.25,85,68,0.357,2595.91
39,2024-02-12,бытовая техника,2821.58,2880.13,76,558,0.107,2509.37
39,2024-02-13,бытовая техника,2554.25,2568.34,84,93,0.397,2603.46
39,2024-02-14,бытовая техника,2573.04,2581.69,85,105,0.364,2597.81
39,2024-02-15,бытовая техника,2654.38,2757.47,100,967,0.301,2619.81
39,2024-02-16,бытовая техника,2514.42,2377.0,93,430,0.298,2601.38
39,2024-02-17,бытовая техника,2297.25,2366.91,110,299,0.39,2667.82
39,2024-02-18,бытовая техника,2386.65,2305.26,117,392,0.178,2631.75
39,2024-02-19,бытовая техника,2406.29,2500.65,97,257,0.266,2603.27
39,2024-02-20,бытовая техника,2312.4,2316.65,107,849,0.318,2641.94
39,2024-02-21,бытовая техника,2317.08,2255.4,115,441,0.366,2674.47
39,2024-02-22,бытовая техника,2346.6,2262.14,97,715,0.186,2583.08
39,2024-02-23,бытовая техника,2402.74,2327.21,106,649,0.321,2640.23
39,2024-02-24,бытовая техника,2302.17,2275.58,93,711,0.379,2622.0
39,2024-02-25,бытовая техника,2337.94,2396.51,106,911,0.294,2633.28
39,2024-02-26,бытовая техника,2272.76,2269.82,103,902,0.384,2648.71
39,2024-02-27,бытовая техника,2563.54,2616.85,92,345,0.141,2558.83
39,2024-02-28,бытовая техника,2388.42,2288.24,93,544,0.322,2607.47
39,2024-02-29,бытовая техника,2382.74,2454.07,93,503,0.245,2587.83
39,2024-03-01,бытовая техника,2571.38,2625.3,90,13,0.297,2593.35
39,2024-03-02,бытовая техника,2587.17,2452.18,104,813,0.135,2587.92
39,2024-03-03,бытовая техника,2621.17,2526.79,96,970,0.246,2595.71
39,2024-03-04,бытовая техника,2428.92,2467.2,101,986,0.13,2578.84
39,2024-03-05,бытовая техника,2735.02,2825.09,81,635,0.218,2550.53
39,2024-03-06,бытовая техника,2850.27,2854.68,96,111,0.369,2626.86
39,2024-03-07,бытовая техника,2869.68,2928.8,81,990,0.186,2542.21
39,2024-03-08,бытовая техника,2735.14,2816.14,76,348,0.132,2515.94
39,2024-03-09,бытовая техника,2872.26,2889.05,89,325,0.251,2579.15
39,2024-03-10,бытовая техника,2640.63,2654.37,95,662,0.109,2558.22
39,2024-03-11,бытовая техника,2768.1,2778.64,66,881,0.348,2545.31
39,2024-03-12,бытовая техника,2734.16,2588.17,103,99,0.183,2597.41
39,2024-03-13,бытовая техника,2721.87,2623.22,94,791,0.347,2616.3
39,2024-03-14,бытовая техника,2674.74,2744.45,96,200,0.279,2604.02
39,2024-03-15,бытовая техника,2583.95,2641.49,102,742,0.224,2605.29
39,2024-03-16,бытовая техника,2379.7,2381.74,113,405,0.183,2622.83
39,2024-03-17,бытовая техника,2614.04,2701.93,83,426,0.248,2563.1
39,2024-03-18,бытовая техника,2460.74,2466.77,110,685,0.377,2664.57
39,2024-03-19,бытовая техника,2625.02,2639.69,93,436,0.351,2614.7
39,2024-03-20,бытовая техника,2285.58,2318.19,96,806,0.139,2568.4
39,2024-03-21,бытовая техника,2407.96,2312.47,130,327,0.191,2668.23
39,2024-03-22,бытовая техника,2073.5,2044.99,114,429,0.215,2633.59
39,2024-03-23,бытовая техника,2347.78,2368.11,104,262,0.315,2633.57
39,2024-03-24,бытовая техника,2091.74,2237.3,107,470,0.314,2641.07
39,2024-03-25,бытовая техника,2462.89,2475.64,107,299,0.283,2632.95
39,2024-03-26,бытовая техника,2288.51,2351.71,116,926,0.272,2653.2
39,2024-03-27,бытовая техника,2427.57,2350.62,90,415,0.269,2586.32
39,2024-03-28,бытовая техника,2433.38,2359.17,103,214,0.263,2617.7
39,2024-03-29,бытовая техника,2549.51,2520.15,100,807,0.107,2570.4
39,2024-03-30,бытовая техника,2419.79,2368.56,107,53,0.385,2659.04
40,2024-01-01,электроника,703.54,699.24,73,577,0.207,655.26
40,2024-01-02,электроника,686.95,666.02,102,52,0.112,668.09
40,2024-01-03,электроника,719.17,711.5,84,43,0.251,665.38
40,2024-01-04,электроника,721.5,695.54,94,808,0.326,676.95
40,2024-01-05,электроника,730.52,738.12,99,89,0.379,683.69
40,2024-01-06,электроника,703.93,747.51,92,178,0.385,679.52
40,2024-01-07,электроника,727.54,769.34,74,854,0.34,664.68
40,2024-01-08,электроника,764.17,730.76,80,787,0.315,666.96
40,2024-01-09,электроника,756.47,753.16,83,652,0.138,657.24
40,2024-01-10,электроника,719.51,713.95,89,941,0.113,659.6
40,2024-01-11,электроника,676.08,665.04,96,908,0.248,673.12
40,2024-01-12,электроника,697.54,686.78,81,449,0.226,661.79
40,2024-01-13,электроника,628.99,600.95,96,527,0.149,666.54
40,2024-01-14,электроника,654.09,659.75,87,554,0.331,672.64
40,2024-01-15,электроника,630.56,643.67,106,358,0.394,689.32
40,2024-01-16,электроника,679.38,658.26,95,36,0.385,681.5
40,2024-01-17,электроника,645.42,621.68,87,810,0.308,671.12
40,2024-01-18,электроника,660.34,630.6,86,427,0.178,661.88
40,2024-01-19,электроника,632.64,665.66,90,180,0.149,662.61
40,2024-01-20,электроника,594.32,593.6,107,890,0.166,674.95
40,2024-01-21,электроника,565.2,534.69,118,851,0.139,680.39
40,2024-01-22,электроника,602.03,587.18,108,272,0.384,689.95
40,2024-01-23,электроника,594.76,588.73,108,209,0.183,676.71
40,2024-01-24,электроника,580.5,603.51,117,711,0.307,690.81
40,2024-01-25,электроника,597.01,606.66,118,474,0.28,689.73
40,2024-01-26,электроника,664.24,674.68,98,606,0.295,677.52
40,2024-01-27,электроника,622.5,596.29,107,362,0.169,675.14
40,2024-01-28,электроника,596.7,605.62,105,302,0.197,675.66
40,2024-01-29,электроника,647.56,661.3,89,901,0.182,664.1
40,2024-01-30,электроника,687.75,676.72,103,588,0.323,682.65
40,2024-01-31,электроника,699.44,681.15,99,251,0.163,669.49
40,2024-02-01,электроника,733.57,721.15,95,175,0.277,674.34
40,2024-02-02,электроника,721.88,724.53,88,382,0.196,664.4
40,2024-02-03,электроника,731.23,747.59,82,976,0.336,669.7
40,2024-02-04,электроника,717.72,698.76,100,203,0.22,673.91
40,2024-02-05,электроника,740.1,710.63,95,67,0.271,673.97
40,2024-02-06,электроника,753.37,767.76,76,460,0.258,660.56
40,2024-02-07,электроника,710.08,702.18,99,390,0.116,666.38
40,2024-02-08,электроника,649.15,652.51,76,628,0.373,668.18
40,2024-02-09,электроника,757.97,821.58,66,588,0.363,660.9
40,2024-02-10,электроника,715.9,694.71,92,63,0.183,666.18
40,2024-02-11,электроника,707.74,662.19,80,178,0.126,654.49
40,2024-02-12,электроника,677.66,639.77,118,208,0.362,695.12
40,2024-02-13,электроника,678.08,668.32,92,640,0.254,670.87
40,2024-02-14,электроника,634.3,639.9,95,833,0.167,667.09
40,2024-02-15,электроника,634.91,637.57,104,229,0.18,673.88
40,2024-02-16,электроника,695.66,667.44,78,430,0.305,664.97
40,2024-02-17,электроника,594.56,601.67,109,214,0.175,676.88
40,2024-02-18,электроника,611.86,598.72,116,192,0.251,686.48
40,2024-02-19,электроника,641.46,650.43,109,606,0.22,679.81
40,2024-02-20,электроника,550.47,517.92,117,626,0.263,687.95
40,2024-02-21,электроника,567.37,580.03,120,570,0.188,684.95
40,2024-02-22,электроника,581.33,598.43,112,233,0.142,676.64
40,2024-02-23,электроника,565.34,557.12,111,206,0.154,676.77
40,2024-02-24,электроника,543.49,544.87,111,158,0.163,677.36
40,2024-02-25,электроника,634.14,642.04,81,934,0.284,665.57
40,2024-02-26,электроника,561.6,539.41,96,200,0.391,682.52
40,2024-02-27,электроника,607.19,614.88,124,168,0.23,690.4
40,2024-02-28,электроника,605.7,591.78,98,269,0.3,677.83
40,2024-02-29,электроника,660.19,666.39,105,189,0.308,682.97
40,2024-03-01,электроника,671.55,718.37,98,292,0.337,680.3
40,2024-03-02,электроника,697.27,684.85,84,390,0.293,668.19
40,2024-03-03,электроника,668.85,674.4,88,405,0.272,669.38
40,2024-03-04,электроника,692.32,665.89,117,853,0.229,685.69
40,2024-03-05,электроника,685.53,693.55,101,913,0.113,667.5
40,2024-03-06,электроника,731.03,769.48,76,572,0.324,664.89
40,2024-03-07,электроника,681.69,655.27,95,888,0.21,669.97
40,2024-03-08,электроника,691.54,683.45,98,65,0.359,681.71
40,2024-03-09,электроника,746.69,729.15,99,541,0.158,669.14
40,2024-03-10,электроника,684.16,668.95,99,265,0.115,666.32
40,2024-03-11,электроника,710.79,705.4,89,680,0.35,675.21
40,2024-03-12,электроника,733.3,736.4,97,87,0.322,678.62
40,2024-03-13,электроника,712.5,707.11,107,370,0.242,679.96
40,2024-03-14,электроника,764.32,782.84,92,468,0.334,676.13
40,2024-03-15,электроника,678.94,688.36,78,778,0.369,669.2
40,2024-03-16,электроника,660.74,690.89,85,708,0.131,658.13
40,2024-03-17,электроника,661.91,629.54,103,433,0.152,671.37
40,2024-03-18,электроника,641.17,610.54,115,371,0.167,680.29
40,2024-03-19,электроника,615.44,591.03,103,780,0.156,671.64
40,2024-03-20,электроника,640.64,623.35,99,389,0.377,683.55
40,2024-03-21,электроника,656.86,666.22,76,98,0.277,661.8
40,2024-03-22,электроника,552.77,546.48,114,42,0.361,692.44
40,2024-03-23,электроника,555.83,534.38,129,948,0.134,687.32
40,2024-03-24,электроника,530.39,536.3,130,954,0.31,699.63
40,2024-03-25,электроника,531.79,506.8,109,236,0.359,688.99
40,2024-03-26,электроника,577.88,576.17,123,213,0.209,688.34
40,2024-03-27,электроника,652.38,640.95,113,783,0.243,683.98
40,2024-03-28,электроника,619.71,618.72,105,727,0.194,675.46
40,2024-03-29,электроника,652.39,629.86,100,817,0.228,674.45
40,2024-03-30,электроника,621.85,628.94,123,601,0.167,685.54
41,2024-01-01,электроника,1051.56,1079.54,103,415,0.237,1053.46
41,2024-01-02,электроника,1045.63,1081.52,91,676,0.395,1057.33
41,2024-01-03,электроника,1071.92,1071.27,96,832,0.28,1050.72
41,2024-01-04,электроника,1073.47,1062.65,115,803,0.3,1072.26
41,2024-01-05,электроника,985.62,1011.69,105,384,0.123,1043.82
41,2024-01-06,электроника,1052.81,993.28,109,308,0.216,1057.53
41,2024-01-07,электроника,1137.14,1136.44,84,134,0.347,1045.3
41,2024-01-08,электроника,1208.27,1154.17,90,847,0.223,1038.72
41,2024-01-09,электроника,1107.77,1133.76,87,624,0.25,1038.35
41,2024-01-10,электроника,1041.71,1033.55,66,863,0.273,1019.16
41,2024-01-11,электроника,1081.89,1029.6,125,594,0.213,1073.62
41,2024-01-12,электроника,1083.72,1028.45,87,169,0.258,1039.22
41,2024-01-13,электроника,1053.41,1045.12,114,794,0.164,1057.23
41,2024-01-14,электроника,1154.04,1220.84,84,286,0.228,1033.04
41,2024-01-15,электроника,1113.4,1077.71,85,160,0.211,1032.39
41,2024-01-16,электроника,957.67,931.7,106,830,0.117,1044.23
41,2024-01-17,электроника,991.23,1010.0,113,674,0.313,1071.54
41,2024-01-18,электроника,970.07,896.1,117,696,0.306,1074.89
41,2024-01-19,электроника,976.84,1001.84,124,327,0.105,1061.51
41,2024-01-20,электроника,875.89,941.84,122,90,0.294,1078.85
41,2024-01-21,электроника,931.27,959.85,100,533,0.249,1051.65
41,2024-01-22,электроника,953.58,958.18,100,652,0.324,1059.29
41,2024-01-23,электроника,969.28,923.87,104,997,0.122,1042.65
41,2024-01-24,электроника,892.16,969.95,101,818,0.267,1054.49
41,2024-01-25,электроника,980.79,967.22,100,128,0.159,1042.38
41,2024-01-26,электроника,938.72,949.8,89,220,0.138,1028.93
41,2024-01-27,электроника,928.22,946.84,121,266,0.219,1070.1
41,2024-01-28,электроника,893.22,893.75,120,773,0.216,1068.8
41,2024-01-29,электроника,1010.25,1015.96,102,784,0.348,1063.84
41,2024-01-30,электроника,935.08,945.18,90,265,0.383,1055.11
41,2024-01-31,электроника,987.03,938.46,120,332,0.271,1074.37
41,2024-02-01,электроника,1073.71,1089.23,97,665,0.165,1039.95
41,2024-02-02,электроника,994.22,1055.84,95,118,0.218,1043.29
41,2024-02-03,электроника,1110.24,1056.25,99,858,0.199,1045.45
41,2024-02-04,электроника,1196.81,1240.55,69,852,0.38,1033.27
41,2024-02-05,электроника,1126.24,1149.22,97,699,0.134,1036.8
41,2024-02-06,электроника,1048.59,981.0,108,532,0.178,1052.57
41,2024-02-07,электроника,1181.67,1174.38,83,348,0.246,1033.85
41,2024-02-08,электроника,1130.72,1134.0,97,252,0.259,1049.57
41,2024-02-09,электроника,1123.83,1158.49,89,534,0.298,1045.39
41,2024-02-10,электроника,1103.43,1097.66,75,940,0.165,1017.37
41,2024-02-11,электроника,1103.74,1047.37,90,902,0.158,1032.0
41,2024-02-12,электроника,1058.35,1028.34,96,265,0.353,1058.17
41,2024-02-13,электроника,1057.1,1022.05,93,916,0.152,1034.52
41,2024-02-14,электроника,1069.68,1035.23,93,523,0.119,1031.1
41,2024-02-15,электроника,1018.58,1035.46,100,514,0.221,1048.72
41,2024-02-16,электроника,986.35,967.69,98,623,0.15,1039.45
41,2024-02-17,электроника,1000.39,1005.22,93,892,0.201,1039.49
41,2024-02-18,электроника,951.76,945.52,122,653,0.245,1073.75
41,2024-02-19,электроника,901.28,951.05,80,92,0.311,1037.44
41,2024-02-20,электроника,951.31,919.8,114,194,0.363,1077.71
41,2024-02-21,электроника,995.19,997.22,76,214,0.307,1033.0
41,2024-02-22,электроника,837.68,849.35,103,460,0.265,1056.35
41,2024-02-23,электроника,872.66,883.85,118,252,0.378,1083.38
41,2024-02-24,электроника,891.88,877.17,130,88,0.198,1077.19
41,2024-02-25,электроника,948.59,971.28,102,557,0.384,1067.58
41,2024-02-26,электроника,854.89,827.61,129,794,0.127,1068.85
41,2024-02-27,электроника,996.16,1025.05,99,671,0.148,1040.19
41,2024-02-28,электроника,985.38,998.05,109,320,0.299,1065.99
41,2024-02-29,электроника,1030.33,1083.04,93,154,0.291,1048.79
41,2024-03-01,электроника,1093.85,1114.58,98,393,0.141,1038.47
41,2024-03-02,электроника,987.84,953.04,94,882,0.369,1057.76
41,2024-03-03,электроника,1023.43,1004.75,104,90,0.302,1061.16
41,2024-03-04,электроника,1091.06,1019.75,106,869,0.108,1043.32
41,2024-03-05,электроника,1080.11,1062.6,97,559,0.317,1055.56
41,2024-03-06,электроника,1222.51,1201.57,81,907,0.314,1038.76
41,2024-03-07,электроника,1149.2,1108.38,84,74,0.326,1043.07
41,2024-03-08,электроника,1128.4,1096.89,103,170,0.355,1065.56
41,2024-03-09,электроника,1073.89,1046.77,94,16,0.113,1031.53
41,2024-03-10,электроника,1157.41,1169.91,100,964,0.341,1061.07
41,2024-03-11,электроника,1153.25,1162.38,80,537,0.272,1033.47
41,2024-03-12,электроника,1132.7,1158.13,94,859,0.385,1059.43
41,2024-03-13,электроника,1151.15,1121.77,81,276,0.226,1029.77
41,2024-03-14,электроника,1076.53,1073.28,83,412,0.189,1028.0
41,2024-03-15,электроника,1015.7,995.64,90,503,0.252,1041.69
41,2024-03-16,электроника,1075.61,1098.33,86,856,0.242,1036.52
41,2024-03-17,электроника,959.36,915.5,117,747,0.318,1076.19
41,2024-03-18,электроника,989.19,1043.4,86,768,0.294,1041.93
41,2024-03-19,электроника,996.23,1034.17,124,989,0.139,1065.01
41,2024-03-20,электроника,944.01,926.56,130,292,0.19,1076.36
41,2024-03-21,электроника,955.16,937.41,101,48,0.123,1039.77
41,2024-03-22,электроника,922.99,965.35,95,824,0.372,1059.15
41,2024-03-23,электроника,982.63,918.79,133,593,0.301,1090.78
41,2024-03-24,электроника,953.14,944.48,106,403,0.2,1052.76
41,2024-03-25,электроника,975.4,974.55,109,974,0.332,1069.41
41,2024-03-26,электроника,938.17,969.52,99,986,0.355,1061.47
41,2024-03-27,электроника,998.97,1012.37,103,256,0.169,1046.45
41,2024-03-28,электроника,930.42,962.04,106,162,0.173,1049.99
41,2024-03-29,электроника,1000.77,998.42,102,228,0.175,1046.04
41,2024-03-30,электроника,1011.77,1038.67,83,487,0.185,1027.57
42,2024-01-01,электроника,3161.53,3079.28,122,436,0.163,3525.8
42,2024-01-02,электроника,3432.0,3575.07,100,294,0.114,3434.5
42,2024-01-03,электроника,3475.38,3368.72,107,229,0.21,3491.03
42,2024-01-04,электроника,3639.39,3595.95,102,307,0.167,3459.37
42,2024-01-05,электроника,3670.8,3614.73,107,929,0.224,3495.75
42,2024-01-06,электроника,3891.73,3932.92,89,51,0.339,3473.72
42,2024-01-07,электроника,3671.09,3421.53,108,860,0.364,3546.52
42,2024-01-08,электроника,3613.58,3854.82,93,990,0.114,3410.92
42,2024-01-09,электроника,3610.12,3485.79,93,201,0.155,3424.65
42,2024-01-10,электроника,3900.34,4086.21,92,382,0.172,3427.14
42,2024-01-11,электроника,3746.08,3846.15,91,117,0.296,3465.84
42,2024-01-12,электроника,3830.07,3876.82,81,850,0.397,3466.24
42,2024-01-13,электроника,3450.25,3570.42,100,156,0.192,3461.18
42,2024-01-14,электроника,3640.88,3684.01,94,577,0.351,3494.72
42,2024-01-15,электроника,3289.0,3187.46,111,454,0.188,3497.0
42,2024-01-16,электроника,3624.08,3517.58,97,926,0.216,3459.1
42,2024-01-17,электроника,3258.6,3371.41,95,381,0.29,3477.3
42,2024-01-18,электроника,3427.58,3489.39,93,853,0.272,3464.53
42,2024-01-19,электроника,3407.55,3410.47,100,104,0.288,3493.85
42,2024-01-20,электроника,3332.51,3355.43,110,375,0.206,3499.9
42,2024-01-21,электроника,2761.72,2719.26,131,648,0.15,3552.11
42,2024-01-22,электроника,3012.4,2898.96,112,280,0.179,3497.55
42,2024-01-23,электроника,3218.32,3172.39,109,700,0.328,3538.02
42,2024-01-24,электроника,3184.36,3273.87,111,226,0.177,3493.32
42,2024-01-25,электроника,3275.06,3246.25,110,641,0.21,3501.2
42,2024-01-26,электроника,3197.78,3267.76,92,863,0.313,3474.91
42,2024-01-27,электроника,3339.64,3352.69,111,337,0.369,3558.66
42,2024-01-28,электроника,2975.41,2938.84,136,840,0.165,3574.07
42,2024-01-29,электроника,3471.09,3485.54,85,512,0.215,3418.08
42,2024-01-30,электроника,3186.25,3149.23,98,543,0.335,3502.71
42,2024-01-31,электроника,3272.25,3312.06,102,445,0.251,3487.91
42,2024-02-01,электроника,3493.08,3461.35,116,374,0.186,3513.32
42,2024-02-02,электроника,3590.99,3541.19,112,424,0.366,3560.95
42,2024-02-03,электроника,3844.49,3932.68,96,617,0.34,3497.92
42,2024-02-04,электроника,3858.27,3784.47,89,146,0.161,3413.37
42,2024-02-05,электроника,3604.7,3650.55,85,200,0.271,3436.85
42,2024-02-06,электроника,3568.49,3541.71,96,755,0.349,3500.77
42,2024-02-07,электроника,3846.16,3863.7,78,977,0.179,3382.06
42,2024-02-08,электроника,3467.65,3631.68,90,843,0.334,3475.54
42,2024-02-09,электроника,3489.16,3476.7,100,615,0.101,3430.13
42,2024-02-10,электроника,3544.25,3516.12,110,638,0.202,3498.32
42,2024-02-11,электроника,3581.31,3805.75,72,393,0.357,3422.02
42,2024-02-12,электроника,3752.4,3696.32,73,365,0.13,3348.38
42,2024-02-13,электроника,3633.28,3683.82,80,148,0.376,3455.68
42,2024-02-14,электроника,3444.09,3405.33,89,469,0.167,3415.33
42,2024-02-15,электроника,3367.71,3359.33,116,782,0.205,3519.77
42,2024-02-16,электроника,3344.58,3369.14,83,758,0.134,3383.66
42,2024-02-17,электроника,2950.92,3093.69,96,928,0.167,3439.07
42,2024-02-18,электроника,3319.76,3473.35,121,84,0.141,3515.11
42,2024-02-19,электроника,3147.89,3090.19,87,254,0.23,3429.84
42,2024-02-20,электроника,3144.91,3141.99,113,932,0.261,3528.62
42,2024-02-21,электроника,2957.62,2897.46,114,857,0.24,3524.95
42,2024-02-22,электроника,2835.48,2958.1,125,989,0.189,3544.98
42,2024-02-23,электроника,2727.74,2693.39,124,557,0.252,3562.88
42,2024-02-24,электроника,2894.71,2830.66,123,417,0.303,3576.91
42,2024-02-25,электроника,3206.23,3290.13,103,801,0.35,3524.89
42,2024-02-26,электроника,3105.52,3256.76,111,495,0.257,3520.57
42,2024-02-27,электроника,3136.72,3102.16,99,766,0.371,3518.51
42,2024-02-28,электроника,3469.88,3557.05,96,302,0.141,3430.1
42,2024-02-29,электроника,3246.43,3154.9,104,805,0.171,3467.69
42,2024-03-01,электроника,3471.47,3566.19,106,432,0.16,3470.68
42,2024-03-02,электроника,3512.48,3610.26,89,555,0.235,3438.47
42,2024-03-03,электроника,3486.89,3395.43,96,501,0.325,3492.86
42,2024-03-04,электроника,3557.64,3488.77,104,89,0.356,3530.45
42,2024-03-05,электроника,3756.87,3823.6,91,346,0.281,3460.73
42,2024-03-06,электроника,3545.4,3489.43,80,533,0.131,3372.64
42,2024-03-07,электроника,3685.71,3612.3,101,693,0.175,3458.84
42,2024-03-08,электроника,3789.65,3841.56,76,505,0.192,3379.63
42,2024-03-09,электроника,3795.18,3850.55,84,265,0.391,3474.25
42,2024-03-10,электроника,3749.1,3559.25,94,660,0.399,3510.94
42,2024-03-11,электроника,3899.18,3909.63,89,64,0.396,3492.92
42,2024-03-12,электроника,3493.71,3493.03,104,806,0.189,3473.6
42,2024-03-13,электроника,3824.6,3729.6,81,993,0.105,3367.16
42,2024-03-14,электроника,3153.46,3228.16,117,924,0.389,3585.88
42,2024-03-15,электроника,3477.2,3443.19,105,316,0.101,3447.2
42,2024-03-16,электроника,3507.57,3601.19,105,106,0.245,3495.96
42,2024-03-17,электроника,3338.65,3279.84,117,484,0.317,3561.36
42,2024-03-18,электроника,3178.14,3089.57,123,616,0.262,3563.12
42,2024-03-19,электроника,3277.74,3407.83,117,754,0.277,3547.56
42,2024-03-20,электроника,3269.66,3288.5,92,633,0.148,3419.17
42,2024-03-21,электроника,3107.42,3090.39,110,429,0.238,3510.66
42,2024-03-22,электроника,3173.34,3005.94,88,641,0.347,3473.08
42,2024-03-23,электроника,2942.28,2825.46,114,833,0.147,3493.44
42,2024-03-24,электроника,2803.69,2976.53,111,336,0.358,3554.92
42,2024-03-25,электроника,3414.04,3403.36,98,767,0.17,3446.81
42,2024-03-26,электроника,2665.88,2660.75,122,542,0.389,3602.79
42,2024-03-27,электроника,2991.05,3152.87,109,87,0.339,3541.71
42,2024-03-28,электроника,3150.97,3207.66,103,828,0.289,3504.4
42,2024-03-29,электроника,3096.92,3071.02,98,763,0.128,3432.61
42,2024-03-30,электроника,2888.91,2800.08,110,355,0.217,3503.5
43,2024-01-01,аксессуары,623.17,635.54,93,412,0.353,648.77
43,2024-01-02,аксессуары,653.39,634.19,102,962,0.179,643.47
43,2024-01-03,аксессуары,672.77,638.35,97,924,0.351,651.17
43,2024-01-04,аксессуары,641.09,637.95,95,63,0.319,647.86
43,2024-01-05,аксессуары,596.76,609.5,109,171,0.316,656.51
43,2024-01-06,аксессуары,706.76,700.51,91,632,0.322,645.56
43,2024-01-07,аксессуары,683.31,679.56,89,895,0.355,646.33
43,2024-01-08,аксессуары,683.89,681.83,102,329,0.302,651.21
43,2024-01-09,аксессуары,660.64,669.48,106,138,0.21,647.94
43,2024-01-10,аксессуары,744.79,740.08,72,592,0.173,624.14
43,2024-01-11,аксессуары,653.69,701.51,91,878,0.257,641.42
43,2024-01-12,аксессуары,681.42,643.63,98,586,0.15,639.07
43,2024-01-13,аксессуары,703.53,686.6,99,439,0.184,641.89
43,2024-01-14,аксессуары,664.58,681.34,94,842,0.338,648.41
43,2024-01-15,аксессуары,649.89,635.3,97,224,0.235,643.8
43,2024-01-16,аксессуары,596.81,614.46,103,135,0.273,650.03
43,2024-01-17,аксессуары,629.75,594.92,104,63,0.133,641.8
43,2024-01-18,аксессуары,613.12,637.34,94,243,0.285,645.07
43,2024-01-19,аксессуары,559.41,600.09,129,563,0.251,665.01
43,2024-01-20,аксессуары,637.61,637.74,105,461,0.381,658.1
43,2024-01-21,аксессуары,590.28,545.96,103,735,0.36,655.51
43,2024-01-22,аксессуары,533.82,560.67,116,280,0.363,663.91
43,2024-01-23,аксессуары,572.18,589.36,109,890,0.268,653.48
43,2024-01-24,аксессуары,579.91,599.15,96,945,0.206,641.35
43,2024-01-25,аксессуары,534.01,508.06,126,611,0.241,662.5
43,2024-01-26,аксессуары,563.33,549.71,125,575,0.397,671.72
43,2024-01-27,аксессуары,589.11,613.46,124,518,0.131,654.3
43,2024-01-28,аксессуары,583.02,566.06,112,665,0.155,648.23
43,2024-01-29,аксессуары,597.37,597.63,107,429,0.368,658.54
43,2024-01-30,аксессуары,586.8,602.03,115,326,0.106,647.03
43,2024-01-31,аксессуары,679.89,680.48,84,121,0.195,633.07
43,2024-02-01,аксессуары,627.16,644.35,104,219,0.133,641.81
43,2024-02-02,аксессуары,664.7,676.34,71,463,0.101,618.97
43,2024-02-03,аксессуары,692.87,698.79,71,150,0.248,628.27
43,2024-02-04,аксессуары,609.07,604.9,102,986,0.268,649.04
43,2024-02-05,аксессуары,689.57,697.51,81,723,0.125,626.82
43,2024-02-06,аксессуары,717.6,739.62,79,486,0.286,635.67
43,2024-02-07,аксессуары,678.15,690.54,74,700,0.135,623.01
43,2024-02-08,аксессуары,696.8,688.7,78,58,0.222,631.0
43,2024-02-09,аксессуары,653.37,630.32,87,511,0.26,639.11
43,2024-02-10,аксессуары,649.95,660.96,97,699,0.386,653.37
43,2024-02-11,аксессуары,698.79,702.12,73,394,0.387,638.28
43,2024-02-12,аксессуары,638.7,671.68,82,51,0.214,633.05
43,2024-02-13,аксессуары,679.56,624.03,114,42,0.378,663.6
43,2024-02-14,аксессуары,681.15,667.1,95,555,0.153,637.37
43,2024-02-15,аксессуары,644.75,685.05,92,933,0.185,637.51
43,2024-02-16,аксессуары,585.61,581.88,109,397,0.191,648.64
43,2024-02-17,аксессуары,616.9,636.13,84,63,0.361,643.6
43,2024-02-18,аксессуары,587.9,576.28,105,991,0.35,656.12
43,2024-02-19,аксессуары,610.74,592.12,111,621,0.108,644.62
43,2024-02-20,аксессуары,565.49,563.16,120,518,0.251,659.35
43,2024-02-21,аксессуары,588.57,583.47,110,98,0.14,646.05
43,2024-02-22,аксессуары,598.13,585.25,109,769,0.23,651.09
43,2024-02-23,аксессуары,596.15,602.53,98,52,0.252,645.55
43,2024-02-24,аксессуары,578.06,609.05,96,285,0.167,638.91
43,2024-02-25,аксессуары,516.39,519.17,121,117,0.294,662.72
43,2024-02-26,аксессуары,559.16,515.4,128,689,0.289,666.78
43,2024-02-27,аксессуары,554.69,589.07,118,843,0.348,664.19
43,2024-02-28,аксессуары,616.11,622.76,102,575,0.3,651.07
43,2024-02-29,аксессуары,618.38,601.26,114,603,0.255,655.8
43,2024-03-01,аксессуары,630.76,634.95,103,637,0.338,654.14
43,2024-03-02,аксессуары,657.4,664.14,117,917,0.297,660.37
43,2024-03-03,аксессуары,646.92,626.97,97,158,0.145,638.15
43,2024-03-04,аксессуары,650.66,650.88,103,431,0.391,657.48
43,2024-03-05,аксессуары,674.75,691.3,85,840,0.39,646.04
43,2024-03-06,аксессуары,699.09,678.67,100,563,0.302,649.92
43,2024-03-07,аксессуары,656.74,652.15,101,895,0.178,642.73
43,2024-03-08,аксессуары,746.84,754.31,75,422,0.103,621.61
43,2024-03-09,аксессуары,731.76,714.75,73,819,0.309,633.38
43,2024-03-10,аксессуары,710.95,710.03,82,96,0.216,633.14
43,2024-03-11,аксессуары,718.13,685.24,87,531,0.244,638.11
43,2024-03-12,аксессуары,709.36,713.63,73,366,0.149,623.27
43,2024-03-13,аксессуары,701.31,670.36,91,114,0.348,647.15
43,2024-03-14,аксессуары,669.15,686.67,76,559,0.334,636.82
43,2024-03-15,аксессуары,650.1,657.29,106,690,0.307,654.05
43,2024-03-16,аксессуары,617.02,633.21,94,206,0.339,648.51
43,2024-03-17,аксессуары,596.89,618.98,94,592,0.329,647.86
43,2024-03-18,аксессуары,615.43,630.6,90,947,0.1,630.91
43,2024-03-19,аксессуары,592.29,595.38,96,321,0.326,648.94
43,2024-03-20,аксессуары,571.03,542.86,115,889,0.286,658.42
43,2024-03-21,аксессуары,606.39,612.24,85,221,0.354,643.76
43,2024-03-22,аксессуары,630.48,618.4,83,131,0.393,644.94
43,2024-03-23,аксессуары,544.25,574.81,117,291,0.176,652.72
43,2024-03-24,аксессуары,613.61,627.76,88,690,0.171,634.11
43,2024-03-25,аксессуары,609.13,619.0,103,898,0.199,645.34
43,2024-03-26,аксессуары,595.89,594.0,116,766,0.121,648.62
43,2024-03-27,аксессуары,549.3,553.98,119,844,0.163,653.15
43,2024-03-28,аксессуары,618.53,607.41,118,990,0.118,649.67
43,2024-03-29,аксессуары,659.81,628.02,103,633,0.172,643.65
43,2024-03-30,аксессуары,683.62,700.62,98,937,0.293,648.1
44,2024-01-01,электроника,779.36,787.35,113,607,0.288,866.16
44,2024-01-02,электроника,787.28,751.27,104,776,0.193,850.79
44,2024-01-03,электроника,864.33,846.78,91,772,0.164,837.55
44,2024-01-04,электроника,816.61,815.75,99,460,0.199,847.12
44,2024-01-05,электроника,943.96,942.21,99,788,0.106,839.42
44,2024-01-06,электроника,886.6,892.27,81,555,0.253,836.63
44,2024-01-07,электроника,983.56,973.4,82,418,0.311,842.31
44,2024-01-08,электроника,886.86,892.04,97,318,0.228,847.9
44,2024-01-09,электроника,937.52,963.08,80,997,0.123,825.06
44,2024-01-10,электроника,850.29,835.11,103,416,0.215,851.8
44,2024-01-11,электроника,902.3,873.35,103,666,0.383,865.8
44,2024-01-12,электроника,876.56,851.34,99,565,0.224,849.19
44,2024-01-13,электроника,872.5,882.69,93,141,0.192,841.58
44,2024-01-14,электроника,911.35,917.45,87,164,0.352,849.89
44,2024-01-15,электроника,864.62,858.87,87,54,0.19,836.44
44,2024-01-16,электроника,914.71,910.02,94,257,0.392,859.04
44,2024-01-17,электроника,840.48,876.98,96,85,0.126,838.58
44,2024-01-18,электроника,751.99,753.52,106,239,0.223,854.94
44,2024-01-19,электроника,729.49,726.2,111,386,0.152,853.19
44,2024-01-20,электроника,748.1,746.21,106,407,0.179,851.3
44,2024-01-21,электроника,785.02,780.57,93,760,0.395,858.47
44,2024-01-22,электроника,693.5,719.72,105,595,0.343,864.11
44,2024-01-23,электроника,704.24,711.32,119,355,0.18,862.17
44,2024-01-24,электроника,707.57,709.18,115,795,0.307,869.42
44,2024-01-25,электроника,799.86,791.25,104,608,0.199,851.26
44,2024-01-26,электроника,667.6,662.68,105,281,0.149,847.97
44,2024-01-27,электроника,774.16,747.51,106,812,0.152,849.03
44,2024-01-28,электроника,773.6,792.91,111,773,0.137,851.99
44,2024-01-29,электроника,823.4,818.84,98,496,0.143,841.62
44,2024-01-30,электроника,853.75,866.04,111,589,0.261,862.29
44,2024-01-31,электроника,774.46,774.3,118,478,0.115,855.98
44,2024-02-01,электроника,921.94,944.53,85,739,0.162,832.45
44,2024-02-02,электроника,837.18,815.23,109,678,0.337,866.91
44,2024-02-03,электроника,944.52,961.91,91,385,0.219,842.11
44,2024-02-04,электроника,882.96,872.71,94,964,0.201,843.14
44,2024-02-05,электроника,911.45,926.55,114,465,0.199,859.62
44,2024-02-06,электроника,847.57,798.77,105,663,0.139,847.11
44,2024-02-07,электроника,804.89,796.53,105,727,0.362,865.72
44,2024-02-08,электроника,972.28,987.76,75,594,0.25,831.42
44,2024-02-09,электроника,889.83,887.16,96,919,0.208,845.36
44,2024-02-10,электроника,924.11,924.92,89,726,0.387,854.45
44,2024-02-11,электроника,931.74,902.52,96,675,0.299,852.94
44,2024-02-12,электроника,969.3,969.66,83,881,0.338,845.37
44,2024-02-13,электроника,837.53,807.59,89,325,0.191,838.14
44,2024-02-14,электроника,892.96,904.23,77,181,0.174,826.8
44,2024-02-15,электроника,841.96,856.93,111,480,0.145,852.6
44,2024-02-16,электроника,789.05,827.19,81,171,0.255,836.85
44,2024-02-17,электроника,824.88,843.04,95,603,0.264,849.25
44,2024-02-18,электроника,811.96,839.63,101,524,0.225,850.97
44,2024-02-19,электроника,692.43,681.92,125,700,0.292,876.47
44,2024-02-20,электроника,787.8,767.76,113,304,0.133,853.28
44,2024-02-21,электроника,761.37,771.94,121,652,0.266,870.97
44,2024-02-22,электроника,793.65,784.92,105,31,0.126,846.04
44,2024-02-23,электроника,741.33,717.73,111,794,0.351,869.79
44,2024-02-24,электроника,740.59,747.35,114,231,0.394,875.83
44,2024-02-25,электроника,789.98,796.75,105,138,0.357,865.28
44,2024-02-26,электроника,778.64,781.55,113,33,0.272,864.82
44,2024-02-27,электроника,770.96,786.4,112,815,0.208,858.72
44,2024-02-28,электроника,802.51,776.57,100,378,0.122,841.54
44,2024-02-29,электроника,838.88,826.76,96,797,0.19,843.88
44,2024-03-01,электроника,843.38,807.83,110,518,0.355,869.25
44,2024-03-02,электроника,841.96,848.6,108,296,0.18,853.07
44,2024-03-03,электроника,922.47,927.48,78,665,0.15,825.61
44,2024-03-04,электроника,855.79,878.39,96,586,0.249,848.8
44,2024-03-05,электроника,917.11,910.04,99,124,0.157,843.68
44,2024-03-06,электроника,891.33,877.35,90,541,0.11,832.23
44,2024-03-07,электроника,924.85,901.6,103,176,0.188,849.58
44,2024-03-08,электроника,947.31,947.15,96,678,0.178,842.92
44,2024-03-09,электроника,971.36,951.33,81,978,0.372,846.58
44,2024-03-10,электроника,908.0,909.82,90,933,0.177,837.83
44,2024-03-11,электроника,846.04,840.24,101,372,0.381,863.95
44,2024-03-12,электроника,873.87,862.46,102,961,0.322,859.88
44,2024-03-13,электроника,893.65,875.25,101,53,0.319,858.76
44,2024-03-14,электроника,902.42,892.44,77,39,0.106,821.09
44,2024-03-15,электроника,783.44,769.05,112,794,0.101,849.78
44,2024-03-16,электроника,814.12,801.05,110,909,0.307,865.3
44,2024-03-17,электроника,765.9,801.62,99,66,0.365,860.94
44,2024-03-18,электроника,751.88,756.17,114,350,0.109,852.17
44,2024-03-19,электроника,790.29,766.81,109,760,0.293,863.27
44,2024-03-20,электроника,738.84,769.81,112,101,0.148,853.7
44,2024-03-21,электроника,736.5,737.82,124,293,0.167,865.29
44,2024-03-22,электроника,746.16,777.01,109,712,0.373,869.92
44,2024-03-23,электроника,768.49,788.21,107,514,0.179,852.16
44,2024-03-24,электроника,803.59,830.79,95,351,0.177,842.01
44,2024-03-25,электроника,681.11,669.47,115,420,0.313,869.92
44,2024-03-26,электроника,727.41,709.68,104,742,0.227,853.65
44,2024-03-27,электроника,829.69,869.06,94,528,0.19,842.24
44,2024-03-28,электроника,721.0,706.48,118,859,0.116,856.04
44,2024-03-29,электроника,799.92,805.97,77,581,0.331,839.81
44,2024-03-30,электроника,769.7,765.93,119,316,0.289,871.27
45,2024-01-01,бытовая техника,3485.87,3361.58,103,826,0.273,3521.88
45,2024-01-02,бытовая техника,3389.41,3257.68,113,279,0.394,3597.35
45,2024-01-03,бытовая техника,3499.13,3517.8,110,389,0.201,3521.1
45,2024-01-04,бытовая техника,3611.45,3723.38,91,418,0.126,3430.59
45,2024-01-05,бытовая техника,3729.9,3772.62,78,568,0.374,3470.7
45,2024-01-06,бытовая техника,3480.23,3483.9,90,692,0.158,3438.07
45,2024-01-07,бытовая техника,3783.57,3901.66,74,546,0.302,3432.63
45,2024-01-08,бытовая техника,3841.61,3879.63,99,294,0.32,3524.21
45,2024-01-09,бытовая техника,3706.22,3652.6,78,744,0.389,3475.85
45,2024-01-10,бытовая техника,3833.6,3735.33,74,110,0.108,3366.17
45,2024-01-11,бытовая техника,3719.56,3726.07,93,245,0.275,3488.26
45,2024-01-12,бытовая техника,3570.72,3660.63,90,231,0.247,3468.37
45,2024-01-13,бытовая техника,3507.28,3556.75,86,735,0.184,3433.27
45,2024-01-14,бытовая техника,3479.54,3492.49,110,709,0.281,3548.54
45,2024-01-15,бытовая техника,3595.79,3794.67,96,45,0.131,3449.39
45,2024-01-16,бытовая техника,3366.83,3393.79,83,278,0.312,3466.58
45,2024-01-17,бытовая техника,3435.94,3541.88,84,765,0.135,3409.53
45,2024-01-18,бытовая техника,3158.46,3078.18,115,946,0.322,3579.57
45,2024-01-19,бытовая техника,3076.61,2926.54,124,394,0.106,3536.28
45,2024-01-20,бытовая техника,3171.34,3135.56,98,521,0.374,3539.05
45,2024-01-21,бытовая техника,3335.92,3272.06,108,817,0.245,3529.31
45,2024-01-22,бытовая техника,3135.16,3311.89,99,411,0.218,3489.29
45,2024-01-23,бытовая техника,2966.38,3030.93,110,232,0.381,3582.61
45,2024-01-24,бытовая техника,2763.49,2963.1,108,546,0.22,3520.72
45,2024-01-25,бытовая техника,3473.28,3482.49,100,831,0.393,3552.38
45,2024-01-26,бытовая техника,3211.09,3134.12,119,42,0.391,3616.73
45,2024-01-27,бытовая техника,2843.86,3069.09,122,737,0.307,3598.4
45,2024-01-28,бытовая техника,2997.65,2962.18,112,766,0.219,3533.96
45,2024-01-29,бытовая техника,2973.49,3019.58,102,861,0.243,3508.07
45,2024-01-30,бытовая техника,3323.49,3325.61,104,910,0.159,3486.1
45,2024-01-31,бытовая техника,3495.88,3552.43,94,480,0.37,3524.11
45,2024-02-01,бытовая техника,3391.53,3395.74,120,187,0.399,3623.01
45,2024-02-02,бытовая техника,3474.46,3616.99,71,647,0.28,3414.78
45,2024-02-03,бытовая техника,3604.25,3664.07,80,278,0.256,3437.37
45,2024-02-04,бытовая техника,3675.08,3711.46,98,909,0.169,3468.95
45,2024-02-05,бытовая техника,3675.08,3569.3,104,925,0.277,3526.6
45,2024-02-06,бытовая техника,4055.54,4090.83,98,196,0.33,3524.16
45,2024-02-07,бытовая техника,3611.82,3548.4,72,648,0.262,3411.92
45,2024-02-08,бытовая техника,3636.73,3807.92,74,197,0.328,3441.55
45,2024-02-09,бытовая техника,4074.77,4196.79,63,926,0.101,3326.16
45,2024-02-10,бытовая техника,3570.3,3524.75,89,710,0.294,3481.08
45,2024-02-11,бытовая техника,3477.54,3512.69,71,75,0.279,3414.25
45,2024-02-12,бытовая техника,3525.82,3507.05,87,408,0.397,3509.35
45,2024-02-13,бытовая техника,3355.71,3299.96,87,925,0.197,3440.92
45,2024-02-14,бытовая техника,3316.63,3172.04,90,882,0.167,3440.96
45,2024-02-15,бытовая техника,3171.65,3229.73,99,111,0.189,3479.25
45,2024-02-16,бытовая техника,3436.15,3477.58,116,103,0.38,3602.89
45,2024-02-17,бытовая техника,3133.4,3030.77,111,804,0.284,3552.81
45,2024-02-18,бытовая техника,3399.43,3310.8,104,246,0.107,3468.28
45,2024-02-19,бытовая техника,3468.97,3521.47,83,946,0.378,3489.25
45,2024-02-20,бытовая техника,3168.26,3169.45,97,470,0.223,3484.0
45,2024-02-21,бытовая техника,3097.3,3186.87,96,477,0.241,3486.72
45,2024-02-22,бытовая техника,3065.93,2971.26,115,634,0.227,3547.19
45,2024-02-23,бытовая техника,2983.62,3329.38,99,186,0.231,3493.68
45,2024-02-24,бытовая техника,3316.26,3419.72,97,44,0.11,3445.56
45,2024-02-25,бытовая техника,3168.97,3429.04,103,929,0.298,3530.32
45,2024-02-26,бытовая техника,3116.81,3132.43,109,590,0.238,3530.44
45,2024-02-27,бытовая техника,3071.01,3038.87,95,404,0.296,3502.21
45,2024-02-28,бытовая техника,3088.09,3007.68,123,350,0.272,3589.82
45,2024-02-29,бытовая техника,3245.99,3208.85,90,864,0.31,3489.87
45,2024-03-01,бытовая техника,3702.03,3657.19,93,46,0.353,3515.04
45,2024-03-02,бытовая техника,3518.17,3582.36,101,491,0.371,3548.35
45,2024-03-03,бытовая техника,3248.14,3233.84,111,988,0.374,3583.62
45,2024-03-04,бытовая техника,3677.56,3762.33,89,518,0.247,3464.97
45,2024-03-05,бытовая техника,3708.54,3672.24,98,952,0.302,3514.55
45,2024-03-06,бытовая техника,3824.71,3754.62,88,727,0.265,3467.78
45,2024-03-07,бытовая техника,4004.6,4119.2,90,847,0.301,3486.76
45,2024-03-08,бытовая техника,3791.05,3629.32,100,115,0.374,3546.04
45,2024-03-09,бытовая техника,3956.65,4065.24,65,240,0.329,3411.16
45,2024-03-10,бытовая техника,3672.54,3814.73,102,731,0.305,3529.26
45,2024-03-11,бытовая техника,3815.15,3670.67,100,151,0.227,3495.63
45,2024-03-12,бытовая техника,3724.01,3681.02,75,812,0.157,3386.5
45,2024-03-13,бытовая техника,3924.82,3762.13,74,581,0.324,3440.2
45,2024-03-14,бытовая техника,3690.77,3493.58,97,474,0.384,3539.18
45,2024-03-15,бытовая техника,3535.81,3576.07,86,937,0.237,3451.48
45,2024-03-16,бытовая техника,3280.21,3394.25,109,885,0.24,3531.11
45,2024-03-17,бытовая техника,3505.26,3494.48,97,485,0.27,3500.18
45,2024-03-18,бытовая техника,2754.48,2817.22,134,489,0.297,3635.75
45,2024-03-19,бытовая техника,3211.13,3357.12,107,610,0.226,3519.25
45,2024-03-20,бытовая техника,3168.46,3313.53,102,880,0.225,3502.04
45,2024-03-21,бытовая техника,3184.52,3005.4,99,565,0.117,3454.61
45,2024-03-22,бытовая техника,2993.9,3167.59,115,582,0.267,3560.73
45,2024-03-23,бытовая техника,3187.9,3147.15,101,646,0.291,3520.93
45,2024-03-24,бытовая техника,3048.65,2991.17,129,66,0.331,3630.57
45,2024-03-25,бытовая техника,3005.48,3126.76,106,963,0.34,3555.06
45,2024-03-26,бытовая техника,3486.97,3467.93,82,452,0.157,3410.32
45,2024-03-27,бытовая техника,3107.35,3288.4,124,718,0.276,3594.59
45,2024-03-28,бытовая техника,3022.18,2794.81,110,560,0.138,3499.53
45,2024-03-29,бытовая техника,3577.78,3542.79,98,668,0.191,3476.69
45,2024-03-30,бытовая техника,3234.94,3202.11,110,794,0.316,3560.3
46,2024-01-01,аксессуары,798.46,801.34,96,794,0.198,792.77
46,2024-01-02,аксессуары,783.88,799.19,84,980,0.346,794.96
46,2024-01-03,аксессуары,808.46,779.5,94,531,0.277,797.44
46,2024-01-04,аксессуары,765.92,801.17,104,349,0.171,796.89
46,2024-01-05,аксессуары,757.6,782.46,87,167,0.213,786.91
46,2024-01-06,аксессуары,842.63,843.5,84,366,0.151,779.8
46,2024-01-07,аксессуары,879.23,874.83,101,683,0.375,810.55
46,2024-01-08,аксессуары,847.92,847.69,100,959,0.389,810.81
46,2024-01-09,аксессуары,874.69,883.92,93,548,0.148,786.58
46,2024-01-10,аксессуары,883.25,877.0,74,652,0.219,777.29
46,2024-01-11,аксессуары,776.75,748.16,90,235,0.223,790.07
46,2024-01-12,аксессуары,797.78,820.38,104,777,0.148,795.12
46,2024-01-13,аксессуары,774.83,752.52,117,813,0.285,815.99
46,2024-01-14,аксессуары,831.92,848.15,93,706,0.15,786.67
46,2024-01-15,аксессуары,817.64,856.38,109,999,0.287,809.91
46,2024-01-16,аксессуары,775.43,741.43,95,476,0.168,789.69
46,2024-01-17,аксессуары,720.39,713.48,89,742,0.101,779.78
46,2024-01-18,аксессуары,762.55,762.13,88,627,0.292,793.91
46,2024-01-19,аксессуары,719.61,716.44,106,838,0.367,813.82
46,2024-01-20,аксессуары,729.52,752.16,99,931,0.363,808.02
46,2024-01-21,аксессуары,664.22,623.48,127,955,0.231,819.54
46,2024-01-22,аксессуары,701.41,665.68,99,178,0.298,802.91
46,2024-01-23,аксессуары,692.48,671.29,99,642,0.283,801.8
46,2024-01-24,аксессуары,736.8,737.18,101,547,0.297,804.45
46,2024-01-25,аксессуары,700.02,685.1,117,103,0.325,819.1
46,2024-01-26,аксессуары,648.87,672.47,106,61,0.323,810.33
46,2024-01-27,аксессуары,755.62,735.32,107,440,0.345,812.89
46,2024-01-28,аксессуары,714.22,680.62,108,440,0.225,804.27
46,2024-01-29,аксессуары,705.38,693.96,119,474,0.339,821.75
46,2024-01-30,аксессуары,775.45,795.47,91,403,0.183,787.72
46,2024-01-31,аксессуары,788.88,799.08,110,884,0.285,810.49
46,2024-02-01,аксессуары,809.17,785.58,80,702,0.284,787.05
46,2024-02-02,аксессуары,786.67,794.21,89,711,0.26,792.19
46,2024-02-03,аксессуары,816.51,818.56,85,218,0.265,789.44
46,2024-02-04,аксессуары,880.86,893.11,75,662,0.377,790.37
46,2024-02-05,аксессуары,841.04,849.25,97,629,0.379,807.74
46,2024-02-06,аксессуары,787.12,801.56,110,428,0.236,806.66
46,2024-02-07,аксессуары,777.54,796.82,93,894,0.352,802.48
46,2024-02-08,аксессуары,879.71,898.66,81,381,0.104,773.76
46,2024-02-09,аксессуары,895.07,902.82,82,276,0.135,776.92
46,2024-02-10,аксессуары,866.95,851.56,81,270,0.391,796.12
46,2024-02-11,аксессуары,864.01,832.18,81,776,0.319,790.57
46,2024-02-12,аксессуары,766.26,738.29,105,830,0.329,810.01
46,2024-02-13,аксессуары,817.67,782.65,79,927,0.296,787.16
46,2024-02-14,аксессуары,791.07,757.4,113,143,0.134,801.1
46,2024-02-15,аксессуары,854.14,886.66,79,468,0.37,792.95
46,2024-02-16,аксессуары,748.67,758.04,117,303,0.181,807.85
46,2024-02-17,аксессуары,730.81,703.37,89,388,0.374,801.1
46,2024-02-18,аксессуары,723.06,744.34,95,100,0.207,792.73
46,2024-02-19,аксессуары,633.45,639.73,115,850,0.375,821.46
46,2024-02-20,аксессуары,693.7,700.72,99,700,0.28,801.53
46,2024-02-21,аксессуары,699.27,638.81,135,790,0.376,837.14
46,2024-02-22,аксессуары,733.33,760.12,125,672,0.245,819.11
46,2024-02-23,аксессуары,673.41,683.98,110,51,0.376,817.61
46,2024-02-24,аксессуары,749.29,748.54,106,969,0.323,810.33
46,2024-02-25,аксессуары,725.7,713.62,113,348,0.237,809.14
46,2024-02-26,аксессуары,673.05,667.58,120,848,0.282,818.08
46,2024-02-27,аксессуары,692.97,679.07,116,122,0.251,812.58
46,2024-02-28,аксессуары,699.7,698.66,84,734,0.119,777.25
46,2024-02-29,аксессуары,757.88,757.26,102,820,0.146,793.39
46,2024-03-01,аксессуары,782.48,768.12,93,855,0.167,788.05
46,2024-03-02,аксессуары,756.65,777.05,112,459,0.258,809.96
46,2024-03-03,аксессуары,819.57,841.56,98,676,0.164,791.73
46,2024-03-04,аксессуары,933.38,937.5,79,631,0.106,772.37
46,2024-03-05,аксессуары,843.63,830.9,93,108,0.243,793.95
46,2024-03-06,аксессуары,942.95,917.8,68,391,0.185,769.91
46,2024-03-07,аксессуары,882.16,873.54,77,328,0.193,777.6
46,2024-03-08,аксессуары,944.67,939.52,81,527,0.153,777.55
46,2024-03-09,аксессуары,825.24,848.1,72,556,0.209,774.9
46,2024-03-10,аксессуары,804.68,840.42,83,84,0.381,796.96
46,2024-03-11,аксессуары,855.62,857.1,102,152,0.294,804.98
46,2024-03-12,аксессуары,850.59,855.4,95,268,0.202,792.3
46,2024-03-13,аксессуары,858.55,904.55,89,242,0.392,802.49
46,2024-03-14,аксессуары,826.94,825.57,106,403,0.229,803.04
46,2024-03-15,аксессуары,757.76,771.03,91,559,0.314,797.98
46,2024-03-16,аксессуары,843.3,871.38,93,823,0.339,801.45
46,2024-03-17,аксессуары,775.24,790.49,105,923,0.31,808.53
46,2024-03-18,аксессуары,733.21,726.7,110,498,0.393,818.92
46,2024-03-19,аксессуары,729.67,737.32,96,967,0.365,805.81
46,2024-03-20,аксессуары,715.14,745.79,89,274,0.165,784.72
46,2024-03-21,аксессуары,674.55,667.87,104,297,0.244,802.62
46,2024-03-22,аксессуары,683.14,675.31,121,929,0.169,810.06
46,2024-03-23,аксессуары,652.26,660.9,123,521,0.221,815.64
46,2024-03-24,аксессуары,759.22,754.95,104,634,0.157,795.85
46,2024-03-25,аксессуары,711.88,690.24,122,937,0.382,827.48
46,2024-03-26,аксессуары,724.81,760.54,117,757,0.272,814.97
46,2024-03-27,аксессуары,796.09,771.22,119,351,0.356,823.06
46,2024-03-28,аксессуары,728.49,726.56,113,392,0.228,808.42
46,2024-03-29,аксессуары,799.37,744.99,105,263,0.231,802.39
46,2024-03-30,аксессуары,806.25,837.11,90,367,0.318,797.49
47,2024-01-01,электроника,597.27,602.73,89,497,0.281,562.91
47,2024-01-02,электроника,542.3,526.56,119,878,0.184,574.13
47,2024-01-03,электроника,544.02,523.27,102,649,0.3,571.13
47,2024-01-04,электроника,638.43,651.09,74,309,0.333,557.49
47,2024-01-05,электроника,646.9,658.64,71,767,0.132,544.68
47,2024-01-06,электроника,553.81,571.4,103,943,0.247,568.77
47,2024-01-07,электроника,607.2,581.95,100,678,0.166,562.64
47,2024-01-08,электроника,630.94,598.01,87,389,0.334,564.73
47,2024-01-09,электроника,618.7,619.74,74,555,0.266,553.79
47,2024-01-10,электроника,617.1,629.5,96,884,0.252,565.15
47,2024-01-11,электроника,614.6,609.0,94,741,0.308,567.15
47,2024-01-12,электроника,569.06,562.96,97,143,0.129,558.9
47,2024-01-13,электроника,586.21,573.38,82,226,0.182,553.56
47,2024-01-14,электроника,607.47,607.16,112,605,0.207,571.54
47,2024-01-15,электроника,605.67,595.66,88,774,0.171,556.26
47,2024-01-16,электроника,531.53,513.17,117,878,0.108,568.83
47,2024-01-17,электроника,521.05,552.54,99,228,0.177,562.66
47,2024-01-18,электроника,511.4,491.21,104,700,0.163,564.67
47,2024-01-19,электроника,501.21,495.41,113,520,0.292,576.8
47,2024-01-20,электроника,511.5,513.67,99,585,0.165,562.01
47,2024-01-21,электроника,519.15,524.59,100,715,0.321,571.22
47,2024-01-22,электроника,472.36,471.98,131,254,0.221,582.85
47,2024-01-23,электроника,437.01,434.45,130,73,0.272,585.11
47,2024-01-24,электроника,465.52,440.13,111,526,0.176,569.3
47,2024-01-25,электроника,525.37,522.71,91,759,0.305,565.36
47,2024-01-26,электроника,499.76,509.77,108,692,0.336,576.48
47,2024-01-27,электроника,522.06,530.96,102,242,0.142,562.43
47,2024-01-28,электроника,539.77,565.02,87,335,0.274,561.42
47,2024-01-29,электроника,575.24,603.56,80,589,0.175,552.04
47,2024-01-30,электроника,544.12,548.47,86,191,0.271,560.7
47,2024-01-31,электроника,555.25,530.37,97,386,0.189,562.24
47,2024-02-01,электроника,593.31,591.63,81,448,0.317,560.5
47,2024-02-02,электроника,627.07,643.04,70,896,0.361,556.81
47,2024-02-03,электроника,587.93,576.65,98,395,0.225,564.82
47,2024-02-04,электроника,579.84,576.51,84,133,0.219,556.74
47,2024-02-05,электроника,593.69,612.42,82,137,0.158,552.23
47,2024-02-06,электроника,667.77,669.74,85,466,0.29,561.21
47,2024-02-07,электроника,607.05,612.68,91,731,0.224,560.86
47,2024-02-08,электроника,637.62,656.86,82,184,0.263,558.06
47,2024-02-09,электроника,662.53,635.58,63,225,0.133,540.31
47,2024-02-10,электроника,601.35,594.11,85,550,0.234,558.1
47,2024-02-11,электроника,623.85,637.01,94,158,0.375,570.9
47,2024-02-12,электроника,517.95,505.66,98,857,0.291,568.46
47,2024-02-13,электроника,524.45,526.14,107,330,0.161,566.23
47,2024-02-14,электроника,582.63,566.54,93,264,0.372,570.14
47,2024-02-15,электроника,568.3,564.46,97,229,0.129,558.91
47,2024-02-16,электроника,545.49,542.35,113,658,0.374,581.36
47,2024-02-17,электроника,526.72,530.78,135,326,0.263,587.37
47,2024-02-18,электроника,516.3,507.64,104,244,0.242,569.05
47,2024-02-19,электроника,502.09,536.89,98,222,0.279,567.8
47,2024-02-20,электроника,504.6,496.21,107,646,0.278,572.72
47,2024-02-21,электроника,501.97,491.37,115,26,0.398,583.76
47,2024-02-22,электроника,501.88,486.75,104,210,0.219,567.79
47,2024-02-23,электроника,499.9,525.8,93,223,0.347,568.78
47,2024-02-24,электроника,498.6,482.73,108,658,0.392,579.54
47,2024-02-25,электроника,494.11,499.49,119,990,0.34,582.8
47,2024-02-26,электроника,478.89,481.22,105,312,0.267,571.02
47,2024-02-27,электроника,519.52,532.76,88,910,0.152,555.22
47,2024-02-28,электроника,532.06,515.58,98,404,0.235,565.35
47,2024-02-29,электроника,545.35,537.03,93,210,0.111,555.72
47,2024-03-01,электроника,514.59,537.09,110,199,0.283,574.63
47,2024-03-02,электроника,616.07,635.85,95,649,0.225,563.11
47,2024-03-03,электроника,571.87,539.06,109,815,0.254,572.51
47,2024-03-04,электроника,590.17,599.02,104,564,0.246,569.25
47,2024-03-05,электроника,566.99,580.3,98,263,0.172,561.87
47,2024-03-06,электроника,624.52,605.44,100,831,0.264,568.06
47,2024-03-07,электроника,571.54,575.82,100,591,0.206,564.85
47,2024-03-08,электроника,591.3,593.61,94,167,0.357,569.91
47,2024-03-09,электроника,580.59,568.77,103,143,0.281,570.64
47,2024-03-10,электроника,613.02,640.48,78,837,0.184,551.47
47,2024-03-11,электроника,581.06,584.42,95,329,0.151,559.02
47,2024-03-12,электроника,566.58,601.7,90,515,0.208,559.43
47,2024-03-13,электроника,615.82,618.53,70,164,0.364,557.01
47,2024-03-14,электроника,535.74,540.59,98,758,0.347,571.54
47,2024-03-15,электроника,585.62,579.61,80,433,0.29,558.44
47,2024-03-16,электроника,537.36,526.62,93,859,0.159,558.38
47,2024-03-17,электроника,535.02,541.65,98,404,0.191,562.92
47,2024-03-18,электроника,546.92,549.89,99,324,0.336,571.5
47,2024-03-19,электроника,533.58,552.93,96,253,0.125,558.16
47,2024-03-20,электроника,477.4,451.17,124,389,0.315,584.17
47,2024-03-21,электроника,531.97,515.02,114,558,0.23,573.92
47,2024-03-22,электроника,525.77,520.63,96,876,0.339,569.99
47,2024-03-23,электроника,531.9,525.69,108,14,0.326,575.89
47,2024-03-24,электроника,476.16,467.95,123,350,0.354,585.76
47,2024-03-25,электроника,511.68,520.98,107,699,0.226,569.82
47,2024-03-26,электроника,460.76,471.35,114,303,0.128,568.3
47,2024-03-27,электроника,524.18,520.79,112,278,0.168,569.36
47,2024-03-28,электроника,517.89,525.84,87,170,0.148,554.43
47,2024-03-29,электроника,553.05,541.5,88,344,0.139,554.49
47,2024-03-30,электроника,533.52,540.45,89,136,0.166,556.57
48,2024-01-01,электроника,2314.81,2398.01,84,452,0.322,2245.07
48,2024-01-02,электроника,2156.97,2140.97,97,638,0.336,2277.02
48,2024-01-03,электроника,2206.56,2216.62,106,610,0.136,2252.67
48,2024-01-04,электроника,2235.39,2311.08,93,515,0.379,2277.6
48,2024-01-05,электроника,2279.66,2332.76,111,664,0.246,2287.92
48,2024-01-06,электроника,2486.32,2479.2,97,199,0.255,2259.16
48,2024-01-07,электроника,2200.34,2238.2,92,408,0.264,2249.97
48,2024-01-08,электроника,2449.69,2477.39,79,183,0.14,2193.84
48,2024-01-09,электроника,2482.7,2427.9,93,887,0.278,2255.27
48,2024-01-10,электроника,2518.83,2557.02,98,942,0.191,2247.21
48,2024-01-11,электроника,2301.98,2295.34,104,47,0.208,2264.06
48,2024-01-12,электроника,2218.74,2296.36,92,817,0.336,2265.85
48,2024-01-13,электроника,2291.32,2300.28,89,173,0.109,2209.23
48,2024-01-14,электроника,2374.85,2490.64,81,110,0.204,2212.47
48,2024-01-15,электроника,2292.3,2270.53,98,300,0.219,2253.25
48,2024-01-16,электроника,2325.21,2392.81,96,998,0.104,2223.48
48,2024-01-17,электроника,2354.65,2339.46,87,905,0.357,2259.54
48,2024-01-18,электроника,2112.77,2252.73,103,86,0.261,2273.62
48,2024-01-19,электроника,1882.72,1908.1,110,748,0.128,2259.61
48,2024-01-20,электроника,1771.52,1841.63,101,909,0.21,2257.96
48,2024-01-21,электроника,2033.44,2006.14,113,235,0.265,2296.58
48,2024-01-22,электроника,2020.23,2046.07,103,221,0.381,2300.18
48,2024-01-23,электроника,2062.27,1999.7,109,221,0.361,2308.9
48,2024-01-24,электроника,1906.29,1811.17,121,792,0.196,2299.02
48,2024-01-25,электроника,1840.54,1800.88,117,838,0.229,2297.43
48,2024-01-26,электроника,1998.75,2051.19,111,997,0.112,2258.5
48,2024-01-27,электроника,2034.14,2138.67,101,815,0.34,2286.72
48,2024-01-28,электроника,2143.87,2204.43,106,349,0.257,2279.43
48,2024-01-29,электроника,2076.21,2086.28,102,550,0.334,2287.46
48,2024-01-30,электроника,2041.32,2007.22,118,260,0.377,2332.33
48,2024-01-31,электроника,2400.88,2365.79,73,38,0.149,2182.52
48,2024-02-01,электроника,2203.77,2273.25,100,460,0.12,2235.83
48,2024-02-02,электроника,2484.74,2464.82,83,558,0.165,2208.33
48,2024-02-03,электроника,2258.07,2118.83,108,685,0.124,2254.49
48,2024-02-04,электроника,2332.57,2480.25,86,764,0.101,2200.64
48,2024-02-05,электроника,2437.71,2454.57,77,129,0.247,2213.18
48,2024-02-06,электроника,2324.63,2353.37,98,386,0.139,2235.71
48,2024-02-07,электроника,2259.27,2231.13,95,449,0.246,2252.68
48,2024-02-08,электроника,2226.73,2167.01,100,30,0.27,2268.91
48,2024-02-09,электроника,2397.65,2516.41,80,554,0.277,2226.28
48,2024-02-10,электроника,2399.99,2309.38,107,982,0.388,2310.62
48,2024-02-11,электроника,2317.64,2331.29,105,802,0.338,2295.06
48,2024-02-12,электроника,2232.48,2348.2,98,765,0.364,2285.35
48,2024-02-13,электроника,2299.7,2331.42,81,672,0.122,2194.35
48,2024-02-14,электроника,2217.47,2252.18,97,643,0.239,2255.43
48,2024-02-15,электроника,2099.97,2076.75,112,895,0.159,2270.97
48,2024-02-16,электроника,2279.74,2289.56,89,473,0.174,2223.38
48,2024-02-17,электроника,2121.43,2227.56,121,973,0.156,2290.28
48,2024-02-18,электроника,2141.38,2241.06,82,282,0.392,2256.13
48,2024-02-19,электроника,2074.26,2089.51,92,359,0.24,2244.74
48,2024-02-20,электроника,2006.02,2045.66,103,90,0.124,2243.34
48,2024-02-21,электроника,2066.31,2188.12,105,679,0.176,2259.27
48,2024-02-22,электроника,1935.69,1918.08,103,268,0.338,2290.72
48,2024-02-23,электроника,1860.54,1929.97,111,565,0.146,2265.9
48,2024-02-24,электроника,2239.16,2215.72,100,48,0.163,2245.4
48,2024-02-25,электроника,1997.26,2019.45,125,335,0.305,2331.96
48,2024-02-26,электроника,2123.37,2254.81,106,624,0.263,2280.7
48,2024-02-27,электроника,1915.94,1938.58,94,669,0.157,2230.82
48,2024-02-28,электроника,2177.49,2246.55,86,970,0.343,2254.11
48,2024-02-29,электроника,2366.53,2400.57,96,444,0.224,2249.94
48,2024-03-01,электроника,2228.84,2315.52,88,444,0.271,2242.61
48,2024-03-02,электроника,2257.27,2316.69,102,676,0.148,2246.46
48,2024-03-03,электроника,2160.64,2116.53,111,207,0.293,2298.28
48,2024-03-04,электроника,2145.35,2113.66,97,524,0.129,2231.13
48,2024-03-05,электроника,2206.19,2231.68,96,906,0.136,2230.66
48,2024-03-06,электроника,2407.43,2249.8,94,803,0.262,2253.98
48,2024-03-07,электроника,2428.59,2419.99,82,477,0.198,2213.32
48,2024-03-08,электроника,2447.3,2393.97,94,917,0.136,2226.2
48,2024-03-09,электроника,2428.19,2448.96,96,561,0.381,2284.58
48,2024-03-10,электроника,2337.24,2427.05,86,112,0.182,2218.67
48,2024-03-11,электроника,2231.65,2116.63,91,971,0.146,2221.81
48,2024-03-12,электроника,2369.83,2168.6,85,458,0.255,2232.59
48,2024-03-13,электроника,2417.09,2339.97,87,260,0.297,2246.31
48,2024-03-14,электроника,2412.93,2378.41,102,144,0.388,2299.39
48,2024-03-15,электроника,2569.78,2538.79,77,324,0.239,2211.29
48,2024-03-16,электроника,2193.57,2220.7,95,912,0.115,2223.8
48,2024-03-17,электроника,2055.55,2060.02,107,583,0.399,2312.97
48,2024-03-18,электроника,2116.4,2101.0,115,788,0.302,2309.27
48,2024-03-19,электроника,2036.18,1981.5,112,82,0.378,2319.32
48,2024-03-20,электроника,1985.69,1950.82,125,428,0.357,2343.36
48,2024-03-21,электроника,2087.01,2262.06,109,953,0.179,2268.71
48,2024-03-22,электроника,1959.2,1846.59,113,580,0.393,2324.91
48,2024-03-23,электроника,1890.59,1969.88,119,49,0.308,2319.28
48,2024-03-24,электроника,2052.41,2060.58,95,749,0.113,2223.17
48,2024-03-25,электроника,1934.02,1895.35,115,378,0.117,2268.41
48,2024-03-26,электроника,1990.14,1864.1,93,349,0.257,2250.75
48,2024-03-27,электроника,2150.24,2128.52,98,917,0.26,2262.44
48,2024-03-28,электроника,2053.73,2026.78,115,647,0.278,2303.98
48,2024-03-29,электроника,2098.97,2123.67,99,621,0.149,2240.16
48,2024-03-30,электроника,1974.9,2041.48,116,422,0.346,2321.14
49,2024-01-01,аксессуары,4620.8,4546.23,111,226,0.335,4860.58
49,2024-01-02,аксессуары,4619.67,4639.57,102,381,0.343,4822.33
49,2024-01-03,аксессуары,5023.11,5131.75,106,506,0.21,4779.1
49,2024-01-04,аксессуары,4812.34,4794.54,92,266,0.197,4707.8
49,2024-01-05,аксессуары,5038.05,5075.41,74,968,0.276,4660.96
49,2024-01-06,аксессуары,4827.65,4818.89,105,13,0.271,4803.0
49,2024-01-07,аксессуары,5603.93,5655.61,99,473,0.228,4754.75
49,2024-01-08,аксессуары,5233.76,5391.69,70,518,0.358,4680.18
49,2024-01-09,аксессуары,5203.38,5178.61,86,620,0.17,4667.59
49,2024-01-10,аксессуары,4973.79,5100.48,93,81,0.231,4728.45
49,2024-01-11,аксессуары,5024.78,5097.82,79,581,0.39,4737.3
49,2024-01-12,аксессуары,5508.8,5503.79,85,640,0.279,4713.64
49,2024-01-13,аксессуары,5197.65,5291.9,79,371,0.221,4658.47
49,2024-01-14,аксессуары,4638.65,4592.55,111,991,0.34,4862.95
49,2024-01-15,аксессуары,4822.45,5014.43,83,900,0.189,4662.15
49,2024-01-16,аксессуары,4251.99,4323.28,91,446,0.238,4722.13
49,2024-01-17,аксессуары,4781.11,4841.71,87,346,0.293,4729.26
49,2024-01-18,аксессуары,4240.42,4111.97,112,635,0.377,4884.47
49,2024-01-19,аксессуары,4483.82,4261.34,137,821,0.309,4969.48
49,2024-01-20,аксессуары,4475.37,4403.33,103,983,0.34,4825.76
49,2024-01-21,аксессуары,3826.27,3883.48,101,557,0.262,4780.13
49,2024-01-22,аксессуары,4197.17,4052.45,103,445,0.329,4820.69
49,2024-01-23,аксессуары,3678.85,3549.72,112,962,0.229,4815.99
49,2024-01-24,аксессуары,4399.43,4282.57,110,352,0.321,4849.21
49,2024-01-25,аксессуары,3971.14,3889.05,120,624,0.347,4908.13
49,2024-01-26,аксессуары,4190.59,4096.31,124,800,0.222,4868.6
49,2024-01-27,аксессуары,4353.36,4172.86,128,332,0.29,4918.53
49,2024-01-28,аксессуары,4648.79,4484.12,104,362,0.387,4852.24
49,2024-01-29,аксессуары,4398.63,4406.56,116,574,0.107,4777.46
49,2024-01-30,аксессуары,4600.88,4637.24,100,639,0.292,4789.18
49,2024-01-31,аксессуары,4458.34,4617.72,106,412,0.276,4809.96
49,2024-02-01,аксессуары,4963.65,5143.11,90,990,0.338,4764.11
49,2024-02-02,аксессуары,5242.08,5113.53,98,53,0.286,4777.24
49,2024-02-03,аксессуары,4898.42,4906.09,106,409,0.34,4839.55
49,2024-02-04,аксессуары,5127.28,5113.44,82,152,0.396,4754.11
49,2024-02-05,аксессуары,4728.15,4345.43,110,446,0.293,4836.38
49,2024-02-06,аксессуары,5186.62,5042.07,107,22,0.279,4815.98
49,2024-02-07,аксессуары,5588.63,5431.59,76,790,0.317,4689.15
49,2024-02-08,аксессуары,4535.17,4555.09,117,157,0.16,4806.89
49,2024-02-09,аксессуары,4939.8,5001.61,92,987,0.118,4671.31
49,2024-02-10,аксессуары,5718.0,5795.39,63,763,0.378,4657.16
49,2024-02-11,аксессуары,4977.8,4937.31,79,408,0.392,4738.01
49,2024-02-12,аксессуары,5006.2,5029.5,91,51,0.159,4685.41
49,2024-02-13,аксессуары,4879.81,4893.54,74,726,0.154,4604.19
49,2024-02-14,аксессуары,4867.49,4823.49,103,741,0.229,4773.9
49,2024-02-15,аксессуары,4221.08,4292.08,102,812,0.369,4834.3
49,2024-02-16,аксессуары,4313.09,4100.64,118,140,0.138,4801.53
49,2024-02-17,аксессуары,4640.91,4660.22,103,900,0.183,4752.68
49,2024-02-18,аксессуары,4144.01,4043.01,110,997,0.197,4791.75
49,2024-02-19,аксессуары,4228.74,4306.64,107,464,0.352,4849.86
49,2024-02-20,аксессуары,4073.76,4075.32,108,749,0.242,4803.12
49,2024-02-21,аксессуары,4023.84,4400.12,98,824,0.18,4727.73
49,2024-02-22,аксессуары,4371.12,4219.9,106,194,0.17,4760.3
49,2024-02-23,аксессуары,4426.86,4528.16,94,39,0.283,4757.1
49,2024-02-24,аксессуары,4546.99,4392.01,113,131,0.321,4863.09
49,2024-02-25,аксессуары,4012.99,4030.54,104,846,0.172,4751.89
49,2024-02-26,аксессуары,4426.97,4535.43,96,502,0.32,4783.76
49,2024-02-27,аксессуары,4842.34,4673.47,97,304,0.223,4743.05
49,2024-02-28,аксессуары,4264.09,4349.91,101,270,0.331,4812.04
49,2024-02-29,аксессуары,4785.52,4943.08,69,89,0.318,4657.0
49,2024-03-01,аксессуары,4396.71,4431.4,94,281,0.279,4755.38
49,2024-03-02,аксессуары,4585.64,4467.53,116,661,0.157,4800.81
49,2024-03-03,аксессуары,4806.51,4868.18,105,640,0.33,4830.44
49,2024-03-04,аксессуары,4660.97,4523.78,99,688,0.33,4802.34
49,2024-03-05,аксессуары,5161.0,5318.37,78,675,0.274,4678.74
49,2024-03-06,аксессуары,5029.85,4903.68,102,832,0.193,4752.48
49,2024-03-07,аксессуары,5315.73,5391.65,92,775,0.392,4798.39
49,2024-03-08,аксессуары,5075.28,5162.31,80,30,0.343,4720.15
49,2024-03-09,аксессуары,5001.06,5135.63,79,568,0.156,4628.3
49,2024-03-10,аксессуары,5158.62,5172.11,75,713,0.347,4698.68
49,2024-03-11,аксессуары,5255.41,5441.61,88,965,0.118,4652.6
49,2024-03-12,аксессуары,4869.44,5026.8,95,472,0.179,4713.43
49,2024-03-13,аксессуары,5161.72,5110.21,87,100,0.105,4641.83
49,2024-03-14,аксессуары,5171.11,5110.97,77,32,0.305,4688.34
49,2024-03-15,аксессуары,5092.5,5299.88,76,198,0.207,4638.26
49,2024-03-16,аксессуары,5013.61,5134.18,78,113,0.138,4615.03
49,2024-03-17,аксессуары,4169.32,4356.77,103,492,0.162,4742.79
49,2024-03-18,аксессуары,4764.6,4846.59,92,361,0.273,4743.44
49,2024-03-19,аксессуары,4340.48,4285.61,108,167,0.317,4838.04
49,2024-03-20,аксессуары,4046.45,3872.26,116,355,0.161,4802.84
49,2024-03-21,аксессуары,5215.51,5100.6,88,651,0.204,4692.64
49,2024-03-22,аксессуары,4504.34,4386.8,97,475,0.349,4801.93
49,2024-03-23,аксессуары,4427.41,4379.51,107,23,0.272,4812.56
49,2024-03-24,аксессуары,4011.06,3787.49,111,671,0.121,4761.14
49,2024-03-25,аксессуары,4330.9,4371.86,120,503,0.335,4902.41
49,2024-03-26,аксессуары,4534.71,4613.79,103,378,0.325,4818.82
49,2024-03-27,аксессуары,4289.2,4362.96,97,990,0.283,4771.18
49,2024-03-28,аксессуары,3899.5,3973.46,103,98,0.295,4804.6
49,2024-03-29,аксессуары,4606.7,4594.87,95,768,0.246,4744.8
49,2024-03-30,аксессуары,4951.19,4800.82,103,571,0.257,4786.82
50,2024-01-01,электроника,2797.13,2876.79,98,443,0.203,3041.06
50,2024-01-02,электроника,3187.02,3192.44,92,829,0.204,3023.59
50,2024-01-03,электроника,3230.81,3343.79,82,773,0.283,3017.13
50,2024-01-04,электроника,2992.77,3068.17,99,853,0.162,3031.87
50,2024-01-05,электроника,3015.71,2981.18,98,850,0.363,3088.78
50,2024-01-06,электроника,3368.38,3396.95,81,893,0.24,3001.42
50,2024-01-07,электроника,3263.09,3293.78,80,106,0.229,2995.19
50,2024-01-08,электроника,3606.47,3668.29,93,359,0.105,2996.9
50,2024-01-09,электроника,3429.29,3448.16,78,981,0.127,2958.57
50,2024-01-10,электроника,3189.95,3128.21,88,570,0.218,3015.6
50,2024-01-11,электроника,3289.42,3373.51,95,226,0.162,3019.97
50,2024-01-12,электроника,2852.67,2763.59,123,49,0.387,3170.73
50,2024-01-13,электроника,3117.04,3092.53,90,524,0.149,3000.97
50,2024-01-14,электроника,3092.45,3028.48,92,971,0.207,3024.32
50,2024-01-15,электроника,3049.37,3057.44,83,408,0.283,3020.13
50,2024-01-16,электроника,2756.99,2920.29,94,252,0.253,3043.93
50,2024-01-17,электроника,2933.59,2991.67,101,20,0.342,3091.46
50,2024-01-18,электроника,2806.13,2813.71,101,382,0.32,3084.86
50,2024-01-19,электроника,2846.5,2807.66,102,218,0.102,3022.93
50,2024-01-20,электроника,2633.41,2651.79,107,515,0.243,3079.97
50,2024-01-21,электроника,2753.46,2701.68,118,871,0.354,3145.88
50,2024-01-22,электроника,2576.48,2600.34,112,901,0.135,3062.53
50,2024-01-23,электроника,2353.28,2225.18,127,936,0.235,3137.36
50,2024-01-24,электроника,2739.09,2805.95,113,802,0.285,3110.37
50,2024-01-25,электроника,2818.44,2835.87,125,774,0.114,3095.11
50,2024-01-26,электроника,2917.25,2774.27,120,175,0.268,3126.1
50,2024-01-27,электроника,2647.0,2600.38,98,275,0.175,3032.61
50,2024-01-28,электроника,2775.34,2821.98,105,287,0.177,3054.32
50,2024-01-29,электроника,2963.74,2942.45,113,130,0.191,3082.27
50,2024-01-30,электроника,2864.77,2983.87,114,513,0.251,3103.22
50,2024-01-31,электроника,2939.74,2924.82,113,814,0.397,3143.73
50,2024-02-01,электроника,3040.78,3065.97,96,160,0.12,3010.29
50,2024-02-02,электроника,2955.61,2937.31,110,951,0.278,3099.32
50,2024-02-03,электроника,3307.61,3298.7,98,188,0.104,3011.43
50,2024-02-04,электроника,3350.79,3334.92,91,469,0.173,3011.16
50,2024-02-05,электроника,2941.37,2970.45,88,257,0.147,2994.41
50,2024-02-06,электроника,3264.39,3123.69,89,104,0.399,3072.79
50,2024-02-07,электроника,3453.76,3456.87,80,391,0.118,2961.84
50,2024-02-08,электроника,3301.99,3285.52,96,130,0.351,3079.25
50,2024-02-09,электроника,3146.3,3073.21,89,36,0.357,3060.22
50,2024-02-10,электроника,3253.79,3354.93,100,128,0.34,3087.81
50,2024-02-11,электроника,3001.3,3089.46,87,347,0.389,3063.67
50,2024-02-12,электроника,3442.29,3373.44,80,933,0.143,2969.53
50,2024-02-13,электроника,3114.93,3152.47,104,101,0.321,3094.24
50,2024-02-14,электроника,3400.11,3347.68,89,968,0.318,3048.66
50,2024-02-15,электроника,2845.32,2926.54,116,499,0.318,3129.02
50,2024-02-16,электроника,2994.72,2967.49,119,236,0.235,3113.45
50,2024-02-17,электроника,3061.98,3093.28,83,953,0.382,3049.79
50,2024-02-18,электроника,2926.35,2888.42,90,15,0.366,3065.91
50,2024-02-19,электроника,2758.27,2599.57,103,291,0.16,3043.14
50,2024-02-20,электроника,2555.12,2523.88,111,462,0.158,3066.45
50,2024-02-21,электроника,2517.45,2529.45,114,744,0.294,3115.93
50,2024-02-22,электроника,2431.83,2214.64,111,452,0.258,3096.42
50,2024-02-23,электроника,2617.65,2760.36,109,305,0.16,3060.98
50,2024-02-24,электроника,2667.34,2752.02,99,51,0.296,3071.93
50,2024-02-25,электроника,2632.54,2646.13,101,297,0.375,3101.28
50,2024-02-26,электроника,2728.55,2800.07,108,182,0.157,3057.19
50,2024-02-27,электроника,3025.71,3017.94,99,624,0.107,3015.48
50,2024-02-28,электроника,3061.34,3091.45,109,326,0.121,3049.39
50,2024-02-29,электроника,2916.71,3077.29,111,100,0.235,3089.49
50,2024-03-01,электроника,2893.09,2890.2,95,424,0.149,3015.87
50,2024-03-02,электроника,2801.37,2811.43,129,225,0.118,3108.23
50,2024-03-03,электроника,2894.89,2989.79,94,158,0.392,3085.5
50,2024-03-04,электроника,3552.5,3634.22,81,297,0.147,2973.52
50,2024-03-05,электроника,2970.43,3023.35,94,898,0.247,3042.23
50,2024-03-06,электроника,3348.68,3192.73,87,541,0.179,3001.09
50,2024-03-07,электроника,3349.55,3427.3,101,18,0.146,3032.92
50,2024-03-08,электроника,3315.9,3437.09,80,969,0.114,2960.86
50,2024-03-09,электроника,3270.53,3252.03,96,269,0.295,3062.44
50,2024-03-10,электроника,3287.7,3429.78,95,862,0.394,3089.06
50,2024-03-11,электроника,3341.51,3411.32,69,196,0.152,2939.17
50,2024-03-12,электроника,3410.65,3377.75,82,613,0.262,3011.01
50,2024-03-13,электроника,3214.02,3256.1,88,656,0.319,3045.78
50,2024-03-14,электроника,3318.13,3275.95,95,65,0.112,3004.95
50,2024-03-15,электроника,3074.56,3043.0,98,461,0.374,3092.09
50,2024-03-16,электроника,2930.37,2974.45,82,146,0.379,3045.81
50,2024-03-17,электроника,3013.5,3161.63,83,146,0.336,3035.91
50,2024-03-18,электроника,2976.97,2828.02,101,132,0.334,3089.09
50,2024-03-19,электроника,2891.74,2907.53,108,324,0.271,3091.1
50,2024-03-20,электроника,2894.11,3076.15,82,879,0.144,2975.65
50,2024-03-21,электроника,2715.21,2702.35,114,35,0.332,3127.35
50,2024-03-22,электроника,2779.77,2806.47,102,216,0.175,3044.68
50,2024-03-23,электроника,2570.11,2662.26,112,384,0.124,3059.21
50,2024-03-24,электроника,2895.82,2854.65,106,132,0.383,3118.69
50,2024-03-25,электроника,2728.39,2720.05,115,131,0.328,3129.23
50,2024-03-26,электроника,2851.04,2838.99,94,101,0.36,3075.97
50,2024-03-27,электроника,2632.47,2694.65,100,16,0.234,3056.4
50,2024-03-28,электроника,3129.47,3188.51,96,574,0.114,3008.53
50,2024-03-29,электроника,2641.93,2587.87,110,798,0.209,3078.8
50,2024-03-30,электроника,2879.55,2938.87,111,177,0.189,3075.82
51,2024-01-01,электроника,4408.95,4337.46,102,900,0.219,4188.65
51,2024-01-02,электроника,4197.77,4304.25,109,272,0.382,4284.24
51,2024-01-03,электроника,4427.72,4296.97,100,509,0.293,4210.91
51,2024-01-04,электроника,4519.82,4396.06,107,813,0.321,4250.84
51,2024-01-05,электроника,4598.74,4557.5,83,214,0.344,4162.35
51,2024-01-06,электроника,4429.22,4119.21,100,331,0.337,4228.94
51,2024-01-07,электроника,4543.53,4626.88,113,735,0.279,4258.49
51,2024-01-08,электроника,4511.79,4472.02,87,991,0.167,4106.14
51,2024-01-09,электроника,4515.33,4551.31,78,695,0.175,4072.55
51,2024-01-10,электроника,4622.46,4615.17,104,534,0.341,4246.95
51,2024-01-11,электроника,4494.17,4622.16,101,69,0.206,4179.59
51,2024-01-12,электроника,4138.91,3967.38,114,928,0.352,4292.32
51,2024-01-13,электроника,4558.18,4494.88,79,161,0.31,4131.98
51,2024-01-14,электроника,4392.65,4439.25,79,784,0.356,4151.0
51,2024-01-15,электроника,4597.55,4542.59,108,12,0.149,4184.88
51,2024-01-16,электроника,3891.68,4105.58,97,914,0.129,4131.73
51,2024-01-17,электроника,3766.55,3891.51,100,644,0.39,4250.79
51,2024-01-18,электроника,4192.13,4403.37,84,556,0.331,4161.06
51,2024-01-19,электроника,3575.35,3692.14,103,390,0.375,4256.57
51,2024-01-20,электроника,3785.56,3803.95,113,745,0.276,4257.13
51,2024-01-21,электроника,3658.88,3750.25,115,904,0.101,4193.91
51,2024-01-22,электроника,3788.44,3589.38,95,275,0.167,4138.92
51,2024-01-23,электроника,3657.53,3627.23,99,795,0.293,4206.68
51,2024-01-24,электроника,3258.46,3315.93,131,982,0.128,4270.28
51,2024-01-25,электроника,3703.05,3630.48,109,67,0.21,4213.76
51,2024-01-26,электроника,3612.28,3924.24,91,931,0.113,4100.67
51,2024-01-27,электроника,4037.91,4063.39,118,593,0.227,4257.66
51,2024-01-28,электроника,3574.93,3683.75,105,439,0.251,4214.03
51,2024-01-29,электроника,3916.99,4123.65,101,598,0.199,4176.71
51,2024-01-30,электроника,3793.92,3714.25,87,712,0.236,4134.46
51,2024-01-31,электроника,4295.39,3938.05,110,205,0.183,4206.94
51,2024-02-01,электроника,4181.85,4457.53,96,99,0.35,4217.87
51,2024-02-02,электроника,4489.86,4508.66,98,742,0.119,4131.38
51,2024-02-03,электроника,4338.02,4273.36,106,495,0.226,4207.89
51,2024-02-04,электроника,4436.56,4574.71,94,596,0.103,4108.7
51,2024-02-05,электроника,4515.07,4604.36,85,867,0.193,4108.55
51,2024-02-06,электроника,4743.78,4784.95,83,194,0.115,4068.48
51,2024-02-07,электроника,4394.85,4333.26,86,219,0.391,4193.87
51,2024-02-08,электроника,4754.42,4655.78,84,770,0.134,4080.39
51,2024-02-09,электроника,4512.79,4422.94,86,454,0.287,4151.41
51,2024-02-10,электроника,4411.52,4437.14,82,468,0.129,4070.25
51,2024-02-11,электроника,4585.27,4611.88,77,717,0.363,4145.45
51,2024-02-12,электроника,4607.79,4537.87,93,181,0.309,4188.94
51,2024-02-13,электроника,4087.31,4203.94,93,33,0.381,4218.25
51,2024-02-14,электроника,4227.93,4259.02,101,338,0.332,4231.01
51,2024-02-15,электроника,4084.23,3982.45,115,337,0.233,4247.89
51,2024-02-16,электроника,3998.71,4014.96,118,158,0.355,4310.1
51,2024-02-17,электроника,3462.28,3540.58,97,713,0.279,4192.98
51,2024-02-18,электроника,3889.09,3964.58,120,910,0.343,4313.25
51,2024-02-19,электроника,3409.98,3454.61,110,524,0.387,4290.25
51,2024-02-20,электроника,3799.76,3853.51,130,129,0.317,4343.59
51,2024-02-21,электроника,3515.8,3663.51,115,192,0.254,4256.32
51,2024-02-22,электроника,3397.99,3418.59,119,889,0.215,4256.69
51,2024-02-23,электроника,3638.67,3661.79,124,417,0.237,4286.41
51,2024-02-24,электроника,3718.22,3759.7,110,103,0.355,4277.34
51,2024-02-25,электроника,3234.13,3161.13,123,475,0.252,4288.35
51,2024-02-26,электроника,3796.56,3730.36,93,777,0.186,4138.67
51,2024-02-27,электроника,3787.92,3724.79,105,776,0.238,4208.94
51,2024-02-28,электроника,3542.76,3500.61,115,591,0.191,4230.65
51,2024-02-29,электроника,3991.81,3851.45,101,877,0.122,4145.16
51,2024-03-01,электроника,3923.37,3844.23,104,394,0.17,4176.95
51,2024-03-02,электроника,4221.04,4063.55,91,342,0.222,4145.15
51,2024-03-03,электроника,4364.55,4369.27,82,30,0.394,4178.68
51,2024-03-04,электроника,4162.21,4015.54,102,160,0.363,4247.7
51,2024-03-05,электроника,4311.77,4370.16,89,760,0.289,4164.28
51,2024-03-06,электроника,4524.51,4731.98,94,663,0.131,4120.21
51,2024-03-07,электроника,4460.37,4428.11,90,518,0.149,4111.01
51,2024-03-08,электроника,4766.64,4668.91,78,563,0.236,4097.57
51,2024-03-09,электроника,4142.18,4107.9,103,900,0.252,4206.59
51,2024-03-10,электроника,4280.6,4308.75,109,506,0.302,4251.57
51,2024-03-11,электроника,4472.68,4388.81,90,473,0.216,4138.53
51,2024-03-12,электроника,4032.38,3843.73,112,463,0.264,4247.97
51,2024-03-13,электроника,4235.52,4479.27,89,206,0.398,4208.8
51,2024-03-14,электроника,4153.1,4098.46,99,943,0.203,4169.97
51,2024-03-15,электроника,3937.53,3856.21,100,423,0.33,4226.03
51,2024-03-16,электроника,4137.13,4251.56,97,392,0.157,4143.07
51,2024-03-17,электроника,4048.41,3682.92,118,361,0.357,4310.91
51,2024-03-18,электроника,3659.79,3715.39,106,23,0.348,4258.13
51,2024-03-19,электроника,3955.01,3993.28,104,860,0.29,4226.21
51,2024-03-20,электроника,3661.06,3666.89,100,898,0.141,4148.58
51,2024-03-21,электроника,3706.09,3651.42,120,615,0.127,4224.8
51,2024-03-22,электроника,3831.9,3793.13,105,47,0.254,4215.59
51,2024-03-23,электроника,3448.05,3533.97,110,642,0.159,4197.09
51,2024-03-24,электроника,3603.66,3558.2,104,201,0.357,4253.49
51,2024-03-25,электроника,3824.75,3760.63,128,789,0.316,4334.89
51,2024-03-26,электроника,3545.17,3430.57,120,993,0.372,4325.27
51,2024-03-27,электроника,3496.42,3566.38,94,134,0.11,4111.66
51,2024-03-28,электроника,3639.19,3719.0,117,371,0.243,4260.21
51,2024-03-29,электроника,4101.01,3755.12,118,865,0.246,4265.49
51,2024-03-30,электроника,4242.55,4318.89,81,411,0.385,4170.81
52,2024-01-01,аксессуары,3009.84,2982.24,114,703,0.239,3083.32
52,2024-01-02,аксессуары,2896.47,2893.8,105,325,0.362,3093.28
52,2024-01-03,аксессуары,3107.04,3206.07,84,802,0.267,3002.67
52,2024-01-04,аксессуары,3185.74,3113.02,104,799,0.241,3054.28
52,2024-01-05,аксессуары,3264.86,3316.2,82,240,0.122,2953.66
52,2024-01-06,аксессуары,3514.17,3556.8,80,949,0.394,3028.45
52,2024-01-07,аксессуары,3174.07,3064.01,104,869,0.16,3030.35
52,2024-01-08,аксессуары,3249.54,3241.66,71,127,0.304,2975.17
52,2024-01-09,аксессуары,3485.33,3439.81,81,610,0.288,3000.08
52,2024-01-10,аксессуары,3460.8,3549.69,79,366,0.334,3007.57
52,2024-01-11,аксессуары,3140.56,3139.94,96,611,0.366,3067.78
52,2024-01-12,аксессуары,3356.93,3366.86,115,129,0.323,3111.42
52,2024-01-13,аксессуары,3022.53,3264.95,88,794,0.348,3038.59
52,2024-01-14,аксессуары,2840.93,2778.36,121,693,0.204,3093.78
52,2024-01-15,аксессуары,3400.29,3406.95,112,343,0.115,3040.54
52,2024-01-16,аксессуары,2903.59,3009.95,89,206,0.157,2984.98
52,2024-01-17,аксессуары,2721.16,2759.25,109,348,0.39,3113.42
52,2024-01-18,аксессуары,2656.48,2597.71,112,302,0.223,3072.76
52,2024-01-19,аксессуары,2658.85,2738.18,105,699,0.301,3075.23
52,2024-01-20,аксессуары,2659.26,2742.89,109,191,0.237,3068.1
52,2024-01-21,аксессуары,2629.45,2737.47,112,51,0.226,3073.54
52,2024-01-22,аксессуары,2717.25,2793.92,104,493,0.334,3082.12
52,2024-01-23,аксессуары,2531.24,2420.6,115,744,0.18,3068.83
52,2024-01-24,аксессуары,2713.16,2707.32,114,368,0.388,3127.7
52,2024-01-25,аксессуары,2779.06,2992.33,82,133,0.1,2947.14
52,2024-01-26,аксессуары,2562.17,2489.23,125,534,0.183,3099.6
52,2024-01-27,аксессуары,2725.05,2759.98,97,470,0.352,3066.65
52,2024-01-28,аксессуары,2801.0,2858.25,95,743,0.269,3035.84
52,2024-01-29,аксессуары,2738.14,2604.73,96,54,0.356,3064.73
52,2024-01-30,аксессуары,2923.66,2788.15,107,790,0.21,3054.18
52,2024-01-31,аксессуары,3162.83,3038.42,107,34,0.103,3022.21
52,2024-02-01,аксессуары,3154.28,3245.3,93,940,0.286,3035.02
52,2024-02-02,аксессуары,3445.78,3572.69,76,76,0.377,3011.45
52,2024-02-03,аксессуары,3265.04,3262.93,107,801,0.371,3101.9
52,2024-02-04,аксессуары,3343.42,3373.5,82,380,0.32,3012.35
52,2024-02-05,аксессуары,3241.17,3152.48,93,643,0.267,3029.34
52,2024-02-06,аксессуары,3225.67,3292.74,86,484,0.251,3003.9
52,2024-02-07,аксессуары,3218.49,3085.54,86,190,0.27,3009.54
52,2024-02-08,аксессуары,3261.92,3143.25,97,579,0.223,3028.14
52,2024-02-09,аксессуары,3319.87,3272.47,86,189,0.144,2972.03
52,2024-02-10,аксессуары,3203.41,3209.0,108,580,0.239,3065.74
52,2024-02-11,аксессуары,3363.39,3350.83,91,856,0.215,3007.87
52,2024-02-12,аксессуары,3283.49,3400.36,80,645,0.157,2958.09
52,2024-02-13,аксессуары,2953.72,3130.41,118,615,0.105,3055.56
52,2024-02-14,аксессуары,3314.43,3252.07,97,579,0.379,3074.41
52,2024-02-15,аксессуары,2838.81,2758.38,124,107,0.122,3078.46
52,2024-02-16,аксессуары,2850.53,2818.15,112,854,0.222,3072.39
52,2024-02-17,аксессуары,3046.61,3125.92,97,580,0.14,3003.44
52,2024-02-18,аксессуары,2656.07,2521.83,109,981,0.247,3071.09
52,2024-02-19,аксессуары,2831.1,2825.26,106,946,0.207,3050.19
52,2024-02-20,аксессуары,2839.08,2852.18,109,297,0.398,3115.85
52,2024-02-21,аксессуары,2537.21,2474.81,110,707,0.339,3101.36
52,2024-02-22,аксессуары,2180.03,2122.42,114,906,0.149,3056.58
52,2024-02-23,аксессуары,2734.87,2751.69,106,269,0.302,3078.55
52,2024-02-24,аксессуары,2493.73,2629.29,105,55,0.188,3041.71
52,2024-02-25,аксессуары,2742.91,2735.67,115,827,0.247,3088.78
52,2024-02-26,аксессуары,2891.74,2838.96,107,534,0.157,3038.18
52,2024-02-27,аксессуары,2806.4,2709.29,121,912,0.339,3133.87
52,2024-02-28,аксессуары,2765.97,2734.07,114,124,0.286,3097.53
52,2024-02-29,аксессуары,2893.04,2979.57,90,977,0.217,3005.65
52,2024-03-01,аксессуары,2923.52,2818.21,102,251,0.119,3012.22
52,2024-03-02,аксессуары,2981.88,2912.61,100,975,0.333,3069.9
52,2024-03-03,аксессуары,3081.23,3097.71,84,876,0.206,2984.59
52,2024-03-04,аксессуары,3273.07,3128.17,97,149,0.188,3017.78
52,2024-03-05,аксессуары,3270.45,3130.08,82,998,0.371,3027.54
52,2024-03-06,аксессуары,3265.63,3204.56,82,91,0.241,2989.0
52,2024-03-07,аксессуары,3238.44,3266.64,81,159,0.162,2962.42
52,2024-03-08,аксессуары,3395.37,3412.02,85,534,0.184,2980.9
52,2024-03-09,аксессуары,3416.55,3483.1,76,985,0.103,2930.08
52,2024-03-10,аксессуары,3017.45,3068.52,95,883,0.345,3058.52
52,2024-03-11,аксессуары,3134.99,3036.95,104,746,0.355,3088.16
52,2024-03-12,аксессуары,3476.68,3403.7,75,577,0.361,3003.9
52,2024-03-13,аксессуары,3404.08,3374.96,83,601,0.174,2972.0
52,2024-03-14,аксессуары,3126.08,3244.32,83,312,0.138,2961.38
52,2024-03-15,аксессуары,2962.79,2937.39,93,940,0.143,2992.56
52,2024-03-16,аксессуары,2974.44,2939.03,99,65,0.312,3060.49
52,2024-03-17,аксессуары,2891.75,2832.29,75,570,0.383,3010.27
52,2024-03-18,аксессуары,2741.81,2907.85,94,200,0.227,3020.38
52,2024-03-19,аксессуары,2727.13,2833.83,99,56,0.19,3024.45
52,2024-03-20,аксессуары,2854.52,2789.91,111,839,0.192,3060.46
52,2024-03-21,аксессуары,2819.6,2848.83,113,384,0.214,3072.99
52,2024-03-22,аксессуары,2764.46,2807.66,94,126,0.198,3011.97
52,2024-03-23,аксессуары,2648.41,2514.26,104,225,0.214,3046.3
52,2024-03-24,аксессуары,2907.89,2974.5,92,773,0.189,3003.12
52,2024-03-25,аксессуары,2829.82,2864.39,117,480,0.324,3117.75
52,2024-03-26,аксессуары,2769.78,2819.26,111,717,0.381,3116.86
52,2024-03-27,аксессуары,2879.46,3043.59,95,526,0.219,3021.04
52,2024-03-28,аксессуары,2806.27,2844.42,87,367,0.222,2998.07
52,2024-03-29,аксессуары,2977.15,2801.05,115,321,0.389,3130.88
52,2024-03-30,аксессуары,3028.44,2909.07,86,445,0.203,2989.47
53,2024-01-01,бытовая техника,3384.18,3482.7,91,351,0.332,3460.3
53,2024-01-02,бытовая техника,3477.14,3300.97,90,840,0.375,3471.35
53,2024-01-03,бытовая техника,3832.52,3741.96,88,931,0.341,3453.16
53,2024-01-04,бытовая техника,3501.19,3516.31,81,682,0.225,3390.41
53,2024-01-05,бытовая техника,3649.39,3725.51,88,51,0.357,3458.79
53,2024-01-06,бытовая техника,3591.05,3756.8,95,335,0.184,3423.83
53,2024-01-07,бытовая техника,3580.51,3497.59,104,263,0.205,3461.52
53,2024-01-08,бытовая техника,3441.29,3429.07,100,707,0.345,3495.3
53,2024-01-09,бытовая техника,3567.89,3737.53,73,228,0.106,3323.22
53,2024-01-10,бытовая техника,3760.84,3837.29,87,274,0.336,3448.24
53,2024-01-11,бытовая техника,3544.93,3601.73,76,162,0.133,3342.54
53,2024-01-12,бытовая техника,3333.86,3255.74,126,762,0.329,3577.44
53,2024-01-13,бытовая техника,3495.44,3535.31,106,765,0.303,3501.08
53,2024-01-14,бытовая техника,3529.88,3597.85,90,957,0.358,3465.71
53,2024-01-15,бытовая техника,3406.66,3390.28,102,827,0.285,3481.5
53,2024-01-16,бытовая техника,3280.44,3352.19,90,202,0.23,3422.61
53,2024-01-17,бытовая техника,3230.2,3419.37,91,930,0.137,3394.38
53,2024-01-18,бытовая техника,3219.76,3075.65,112,445,0.301,3520.81
53,2024-01-19,бытовая техника,3016.45,3202.79,87,584,0.324,3444.22
53,2024-01-20,бытовая техника,3247.39,3403.97,88,528,0.23,3415.86
53,2024-01-21,бытовая техника,3271.41,3107.1,98,714,0.387,3502.74
53,2024-01-22,бытовая техника,3165.41,2989.1,125,135,0.215,3535.67
53,2024-01-23,бытовая техника,2886.62,2752.61,130,530,0.368,3604.27
53,2024-01-24,бытовая техника,3237.28,3268.34,94,616,0.319,3466.24
53,2024-01-25,бытовая техника,3161.27,3203.35,91,910,0.25,3432.68
53,2024-01-26,бытовая техника,3289.94,3518.23,99,649,0.179,3435.8
53,2024-01-27,бытовая техника,2828.2,2807.57,114,165,0.133,3470.92
53,2024-01-28,бытовая техника,3345.58,3363.25,98,223,0.228,3448.72
53,2024-01-29,бытовая техника,3408.85,3574.22,101,198,0.196,3448.05
53,2024-01-30,бытовая техника,3209.59,3093.27,96,336,0.362,3487.25
53,2024-01-31,бытовая техника,3395.59,3622.6,79,203,0.198,3374.42
53,2024-02-01,бытовая техника,3678.85,3659.24,90,506,0.278,3438.88
53,2024-02-02,бытовая техника,3566.64,3560.79,105,693,0.293,3494.46
53,2024-02-03,бытовая техника,3443.02,3382.35,97,528,0.224,3444.27
53,2024-02-04,бытовая техника,3882.02,3963.16,84,965,0.235,3403.88
53,2024-02-05,бытовая техника,3601.51,3624.78,90,181,0.116,3383.95
53,2024-02-06,бытовая техника,3656.86,3602.35,92,315,0.132,3396.31
53,2024-02-07,бытовая техника,3795.9,3785.29,77,567,0.336,3414.43
53,2024-02-08,бытовая техника,3663.98,3643.62,105,582,0.144,3444.13
53,2024-02-09,бытовая техника,3684.37,3666.79,105,362,0.322,3504.35
53,2024-02-10,бытовая техника,3529.25,3508.53,78,979,0.263,3393.05
53,2024-02-11,бытовая техника,3776.97,3736.03,72,528,0.147,3333.53
53,2024-02-12,бытовая техника,3911.59,3711.42,102,524,0.335,3498.7
53,2024-02-13,бытовая техника,3384.29,3465.29,101,303,0.108,3418.48
53,2024-02-14,бытовая техника,3260.09,3373.88,83,636,0.345,3437.59
53,2024-02-15,бытовая техника,3424.55,3336.18,106,586,0.251,3483.73
53,2024-02-16,бытовая техника,3550.71,3534.28,90,848,0.246,3427.98
53,2024-02-17,бытовая техника,3376.87,3435.14,103,421,0.189,3452.72
53,2024-02-18,бытовая техника,3137.44,3250.07,120,104,0.198,3513.19
53,2024-02-19,бытовая техника,3081.84,3269.36,94,934,0.328,3469.21
53,2024-02-20,бытовая техника,2909.08,2870.03,115,898,0.251,3514.11
53,2024-02-21,бытовая техника,2908.01,2822.2,110,892,0.4,3547.42
53,2024-02-22,бытовая техника,3134.09,3136.31,121,844,0.218,3523.04
53,2024-02-23,бытовая техника,3213.51,3444.21,105,966,0.17,3452.88
53,2024-02-24,бытовая техника,3193.55,3182.71,102,804,0.368,3509.8
53,2024-02-25,бытовая техника,3318.15,3279.16,89,647,0.323,3450.72
53,2024-02-26,бытовая техника,3244.56,3200.68,99,282,0.137,3421.63
53,2024-02-27,бытовая техника,3186.47,3184.38,120,225,0.238,3526.42
53,2024-02-28,бытовая техника,3199.2,3355.41,103,684,0.145,3437.76
53,2024-02-29,бытовая техника,3291.04,3396.0,102,646,0.345,3501.89
53,2024-03-01,бытовая техника,3381.52,3377.71,90,794,0.129,3388.37
53,2024-03-02,бытовая техника,3566.56,3638.67,93,47,0.181,3416.24
53,2024-03-03,бытовая техника,3504.19,3515.33,101,999,0.157,3435.07
53,2024-03-04,бытовая техника,3570.15,3610.24,105,680,0.375,3522.31
53,2024-03-05,бытовая техника,3581.87,3693.93,100,307,0.161,3433.1
53,2024-03-06,бытовая техника,3857.93,3839.32,88,557,0.347,3455.2
53,2024-03-07,бытовая техника,3694.41,3904.56,65,39,0.176,3319.91
53,2024-03-08,бытовая техника,3902.53,3864.73,74,86,0.122,3331.83
53,2024-03-09,бытовая техника,3810.39,3788.41,96,127,0.32,3473.22
53,2024-03-10,бытовая техника,3621.13,3520.82,89,397,0.198,3408.43
53,2024-03-11,бытовая техника,3879.97,3737.03,81,625,0.225,3390.46
53,2024-03-12,бытовая техника,3507.57,3602.32,95,832,0.242,3443.61
53,2024-03-13,бытовая техника,3759.97,3640.96,100,741,0.181,3439.61
53,2024-03-14,бытовая техника,3519.24,3714.8,89,203,0.337,3455.25
53,2024-03-15,бытовая техника,3627.41,3550.31,93,292,0.303,3457.27
53,2024-03-16,бытовая техника,3411.13,3343.97,99,431,0.37,3500.06
53,2024-03-17,бытовая техника,3224.41,3098.06,119,414,0.383,3572.22
53,2024-03-18,бытовая техника,3274.13,3276.96,94,329,0.319,3466.25
53,2024-03-19,бытовая техника,3040.27,2963.96,124,595,0.142,3507.54
53,2024-03-20,бытовая техника,3068.55,2766.1,99,195,0.355,3495.29
53,2024-03-21,бытовая техника,2981.44,2935.33,118,205,0.362,3561.7
53,2024-03-22,бытовая техника,2970.1,3191.39,121,340,0.393,3582.4
53,2024-03-23,бытовая техника,3134.89,3213.97,110,823,0.126,3454.97
53,2024-03-24,бытовая техника,2929.86,2962.86,117,337,0.121,3476.75
53,2024-03-25,бытовая техника,3397.38,3344.32,90,173,0.173,3403.14
53,2024-03-26,бытовая техника,2894.4,2995.92,105,189,0.259,3483.14
53,2024-03-27,бытовая техника,3088.07,3171.61,101,727,0.187,3445.3
53,2024-03-28,бытовая техника,3034.36,2874.1,110,749,0.139,3459.48
53,2024-03-29,бытовая техника,3329.0,3390.14,84,556,0.341,3439.6
53,2024-03-30,бытовая техника,3308.28,3457.18,88,769,0.397,3472.31
54,2024-01-01,аксессуары,4514.63,4485.03,98,620,0.373,4668.91
54,2024-01-02,аксессуары,4218.03,4175.2,105,383,0.328,4680.17
54,2024-01-03,аксессуары,4436.53,4253.33,109,21,0.14,4613.35
54,2024-01-04,аксессуары,4689.26,4891.86,98,769,0.381,4672.51
54,2024-01-05,аксессуары,5041.21,4970.57,98,592,0.231,4604.73
54,2024-01-06,аксессуары,4990.03,5062.06,90,185,0.379,4635.56
54,2024-01-07,аксессуары,4689.11,4675.17,115,238,0.153,4646.22
54,2024-01-08,аксессуары,4649.09,4475.74,89,408,0.372,4628.03
54,2024-01-09,аксессуары,5313.17,5131.62,80,790,0.204,4511.49
54,2024-01-10,аксессуары,4962.76,4973.54,88,189,0.269,4576.97
54,2024-01-11,аксессуары,4492.71,4667.04,98,856,0.231,4604.83
54,2024-01-12,аксессуары,5060.12,4895.43,86,739,0.334,4597.26
54,2024-01-13,аксессуары,4925.27,4984.36,81,972,0.207,4517.28
54,2024-01-14,аксессуары,5200.38,5362.52,78,612,0.387,4585.29
54,2024-01-15,аксессуары,4469.08,4827.13,76,449,0.118,4454.83
54,2024-01-16,аксессуары,5115.53,5109.78,72,682,0.223,4484.19
54,2024-01-17,аксессуары,4384.83,4295.72,102,829,0.23,4622.53
54,2024-01-18,аксессуары,4365.48,4406.1,105,62,0.147,4598.71
54,2024-01-19,аксессуары,4528.19,4763.99,91,164,0.389,4644.78
54,2024-01-20,аксессуары,3800.35,3755.0,121,268,0.258,4720.88
54,2024-01-21,аксессуары,4101.5,3982.75,106,442,0.177,4616.48
54,2024-01-22,аксессуары,4193.39,4155.86,103,149,0.141,4586.7
54,2024-01-23,аксессуары,4246.17,4094.52,124,105,0.358,4779.26
54,2024-01-24,аксессуары,3759.75,3690.7,108,623,0.177,4625.66
54,2024-01-25,аксессуары,3952.33,3666.77,131,352,0.117,4702.35
54,2024-01-26,аксессуары,4418.01,4123.42,114,392,0.169,4649.23
54,2024-01-27,аксессуары,4373.37,4409.42,104,823,0.178,4607.97
54,2024-01-28,аксессуары,4257.88,4015.15,96,360,0.308,4630.84
54,2024-01-29,аксессуары,4288.27,4372.91,106,164,0.13,4595.38
54,2024-01-30,аксессуары,4542.28,4546.85,88,289,0.334,4606.29
54,2024-01-31,аксессуары,4644.32,4648.81,117,438,0.137,4648.05
54,2024-02-01,аксессуары,4554.76,4778.98,76,556,0.198,4490.83
54,2024-02-02,аксессуары,4691.65,4851.44,98,915,0.284,4628.76
54,2024-02-03,аксессуары,4304.39,4449.67,109,530,0.314,4691.75
54,2024-02-04,аксессуары,5191.41,5115.45,85,588,0.293,4574.34
54,2024-02-05,аксессуары,4664.82,4577.13,94,773,0.151,4550.67
54,2024-02-06,аксессуары,4973.31,4895.83,85,461,0.2,4532.29
54,2024-02-07,аксессуары,5207.93,5186.0,80,650,0.25,4532.47
54,2024-02-08,аксессуары,5217.19,5445.07,76,748,0.277,4526.51
54,2024-02-09,аксессуары,4963.33,5111.83,95,924,0.184,4570.39
54,2024-02-10,аксессуары,4846.08,4792.65,90,469,0.219,4563.24
54,2024-02-11,аксессуары,4690.07,4515.79,99,26,0.15,4572.93
54,2024-02-12,аксессуары,4673.29,4608.48,97,812,0.12,4550.45
54,2024-02-13,аксессуары,4722.29,4618.25,96,328,0.199,4581.35
54,2024-02-14,аксессуары,4669.72,4647.81,91,386,0.105,4516.5
54,2024-02-15,аксессуары,4117.2,4152.82,107,432,0.308,4680.29
54,2024-02-16,аксессуары,4724.94,4663.53,87,724,0.121,4505.89
54,2024-02-17,аксессуары,4463.95,4574.03,97,154,0.322,4641.41
54,2024-02-18,аксессуары,4244.92,4244.66,111,838,0.361,4722.35
54,2024-02-19,аксессуары,3804.6,3918.89,123,404,0.338,4766.03
54,2024-02-20,аксессуары,4186.51,4255.29,106,855,0.238,4643.95
54,2024-02-21,аксессуары,4067.07,4104.93,116,527,0.172,4659.44
54,2024-02-22,аксессуары,4434.9,4446.69,122,291,0.205,4701.3
54,2024-02-23,аксессуары,3876.76,3771.43,117,616,0.309,4725.62
54,2024-02-24,аксессуары,4021.06,4216.07,100,572,0.153,4578.8
54,2024-02-25,аксессуары,4358.49,4416.14,105,41,0.332,4681.85
54,2024-02-26,аксессуары,4539.79,4395.48,92,847,0.135,4534.66
54,2024-02-27,аксессуары,4481.95,4305.85,92,803,0.118,4526.76
54,2024-02-28,аксессуары,4386.64,4560.73,106,772,0.248,4648.75
54,2024-02-29,аксессуары,4076.24,3940.05,106,344,0.102,4582.75
54,2024-03-01,аксессуары,4396.72,4382.36,91,341,0.242,4578.48
54,2024-03-02,аксессуары,4753.29,4948.81,99,49,0.22,4604.54
54,2024-03-03,аксессуары,4805.13,4854.17,105,973,0.257,4648.38
54,2024-03-04,аксессуары,4491.76,4563.72,107,126,0.146,4607.28
54,2024-03-05,аксессуары,4783.9,4689.83,95,181,0.385,4661.05
54,2024-03-06,аксессуары,4667.6,4661.59,108,811,0.154,4615.23
54,2024-03-07,аксессуары,4903.0,4989.43,63,550,0.119,4396.51
54,2024-03-08,аксессуары,4769.07,4873.13,100,258,0.172,4587.35
54,2024-03-09,аксессуары,5099.03,5190.61,95,593,0.223,4587.97
54,2024-03-10,аксессуары,4676.68,4568.56,87,146,0.125,4507.32
54,2024-03-11,аксессуары,4819.11,5093.63,98,934,0.313,4641.86
54,2024-03-12,аксессуары,4802.32,4868.28,89,708,0.183,4542.56
54,2024-03-13,аксессуары,4596.32,4642.26,99,325,0.203,4596.9
54,2024-03-14,аксессуары,4702.44,4532.8,95,629,0.193,4574.18
54,2024-03-15,аксессуары,4808.41,4870.27,90,302,0.178,4544.73
54,2024-03-16,аксессуары,4224.22,4302.04,109,592,0.202,4641.33
54,2024-03-17,аксессуары,4112.7,4179.83,108,246,0.331,4695.29
54,2024-03-18,аксессуары,3974.25,3797.53,99,970,0.345,4660.84
54,2024-03-19,аксессуары,4147.57,4224.97,116,837,0.24,4690.34
54,2024-03-20,аксессуары,4241.48,4303.26,116,933,0.178,4662.06
54,2024-03-21,аксессуары,4009.1,3939.64,113,720,0.23,4672.03
54,2024-03-22,аксессуары,3949.74,4025.44,120,723,0.151,4668.1
54,2024-03-23,аксессуары,3741.11,3580.01,121,206,0.311,4744.64
54,2024-03-24,аксессуары,3427.93,3224.65,113,431,0.355,4728.47
54,2024-03-25,аксессуары,3912.31,3766.49,110,247,0.15,4622.36
54,2024-03-26,аксессуары,3684.15,3581.76,124,52,0.352,4776.78
54,2024-03-27,аксессуары,4331.51,4227.59,86,581,0.17,4523.24
54,2024-03-28,аксессуары,4350.07,4410.53,118,836,0.389,4766.5
54,2024-03-29,аксессуары,4267.38,4424.78,110,187,0.262,4672.92
54,2024-03-30,аксессуары,4682.6,4874.32,111,901,0.263,4677.93
55,2024-01-01,аксессуары,2769.05,2642.83,103,392,0.4,2741.43
55,2024-01-02,аксессуары,2670.16,2662.82,94,120,0.256,2679.84
55,2024-01-03,аксессуары,2894.26,2731.57,81,256,0.177,2625.01
55,2024-01-04,аксессуары,2711.6,2763.26,80,222,0.228,2635.79
55,2024-01-05,аксессуары,2784.24,2662.63,96,407,0.223,2676.42
55,2024-01-06,аксессуары,3043.03,3021.47,80,87,0.38,2675.8
55,2024-01-07,аксессуары,2976.07,2911.34,90,169,0.31,2683.71
55,2024-01-08,аксессуары,2814.02,2910.61,79,636,0.158,2614.79
55,2024-01-09,аксессуары,2784.67,2810.57,87,806,0.23,2654.77
55,2024-01-10,аксессуары,2968.68,2992.34,80,233,0.388,2677.8
55,2024-01-11,аксессуары,3009.48,2931.88,109,525,0.101,2678.72
55,2024-01-12,аксессуары,2835.96,2833.75,93,717,0.39,2712.52
55,2024-01-13,аксессуары,2834.89,2790.38,81,739,0.361,2673.5
55,2024-01-14,аксессуары,2605.44,2501.02,119,573,0.3,2757.3
55,2024-01-15,аксессуары,2665.78,2637.76,109,427,0.32,2736.23
55,2024-01-16,аксессуары,2518.54,2498.28,100,379,0.328,2714.74
55,2024-01-17,аксессуары,2409.88,2403.0,100,415,0.277,2701.36
55,2024-01-18,аксессуары,2158.55,2156.79,128,265,0.345,2792.7
55,2024-01-19,аксессуары,2454.31,2500.9,98,242,0.215,2679.61
55,2024-01-20,аксессуары,2639.66,2736.15,83,922,0.164,2626.97
55,2024-01-21,аксессуары,2562.2,2454.8,107,950,0.22,2704.57
55,2024-01-22,аксессуары,2329.09,2299.08,123,691,0.294,2766.09
55,2024-01-23,аксессуары,2511.22,2641.85,107,764,0.264,2716.1
55,2024-01-24,аксессуары,2389.08,2356.38,119,656,0.241,2741.67
55,2024-01-25,аксессуары,2479.76,2532.81,94,459,0.187,2661.82
55,2024-01-26,аксессуары,2400.51,2495.37,92,678,0.324,2692.59
55,2024-01-27,аксессуары,2486.18,2504.23,107,92,0.169,2691.21
55,2024-01-28,аксессуары,2155.94,2297.34,116,705,0.14,2707.28
55,2024-01-29,аксессуары,2479.41,2589.47,90,619,0.364,2697.79
55,2024-01-30,аксессуары,2767.57,2790.99,95,980,0.158,2656.75
55,2024-01-31,аксессуары,2875.67,2783.6,92,753,0.361,2702.4
55,2024-02-01,аксессуары,2822.91,2714.34,82,77,0.264,2650.54
55,2024-02-02,аксессуары,2747.54,2685.19,75,783,0.237,2625.0
55,2024-02-03,аксессуары,2872.63,2817.47,97,37,0.258,2688.32
55,2024-02-04,аксессуары,2930.95,2791.74,107,61,0.37,2744.21
55,2024-02-05,аксессуары,3014.34,3064.17,75,368,0.23,2623.25
55,2024-02-06,аксессуары,3061.72,2993.12,73,925,0.238,2619.99
55,2024-02-07,аксессуары,2874.83,2789.78,96,989,0.31,2699.44
55,2024-02-08,аксессуары,2807.3,2738.75,100,161,0.314,2711.02
55,2024-02-09,аксессуары,2996.52,3091.29,85,751,0.127,2622.42
55,2024-02-10,аксессуары,2716.29,2784.62,92,617,0.311,2689.29
55,2024-02-11,аксессуары,2531.93,2472.53,101,603,0.378,2730.4
55,2024-02-12,аксессуары,2657.24,2614.99,112,96,0.208,2714.58
55,2024-02-13,аксессуары,2811.8,2793.07,131,15,0.251,2775.78
55,2024-02-14,аксессуары,2733.37,2743.23,100,708,0.347,2719.73
55,2024-02-15,аксессуары,2687.44,2762.4,85,84,0.131,2623.39
55,2024-02-16,аксессуары,2645.35,2672.75,79,541,0.363,2668.68
55,2024-02-17,аксессуары,2312.56,2487.98,118,977,0.28,2749.41
55,2024-02-18,аксессуары,2351.14,2494.04,114,314,0.113,2694.89
55,2024-02-19,аксессуары,2424.84,2572.13,93,742,0.137,2646.18
55,2024-02-20,аксессуары,2366.16,2374.38,104,45,0.116,2669.55
55,2024-02-21,аксессуары,2548.07,2450.31,120,445,0.297,2759.2
55,2024-02-22,аксессуары,2274.72,2093.78,123,96,0.151,2728.6
55,2024-02-23,аксессуары,2540.35,2472.56,106,169,0.131,2678.55
55,2024-02-24,аксессуары,2367.37,2315.9,106,309,0.21,2699.34
55,2024-02-25,аксессуары,2352.66,2364.18,117,611,0.193,2723.89
55,2024-02-26,аксессуары,2358.32,2209.59,126,125,0.342,2786.74
55,2024-02-27,аксессуары,2678.17,2743.77,111,790,0.327,2743.21
55,2024-02-28,аксессуары,2517.81,2427.19,125,412,0.358,2788.38
55,2024-02-29,аксессуары,2454.51,2349.3,127,481,0.343,2789.7
55,2024-03-01,аксессуары,2257.4,2344.05,118,865,0.377,2774.75
55,2024-03-02,аксессуары,2889.26,2918.35,83,669,0.378,2682.99
55,2024-03-03,аксессуары,2970.82,2930.54,98,531,0.395,2727.01
55,2024-03-04,аксессуары,3042.31,3000.38,83,232,0.389,2686.07
55,2024-03-05,аксессуары,2982.2,3190.04,82,801,0.289,2657.2
55,2024-03-06,аксессуары,2986.53,3042.4,91,357,0.391,2707.62
55,2024-03-07,аксессуары,3161.19,3230.99,84,638,0.21,2641.61
55,2024-03-08,аксессуары,2818.17,2969.97,94,914,0.387,2714.46
55,2024-03-09,аксессуары,2856.19,2845.92,97,60,0.263,2689.57
55,2024-03-10,аксессуары,2941.51,2913.58,97,474,0.355,2713.82
55,2024-03-11,аксессуары,2951.4,2914.23,108,254,0.137,2685.35
55,2024-03-12,аксессуары,2634.77,2722.34,83,34,0.208,2638.31
55,2024-03-13,аксессуары,2909.32,2904.1,89,737,0.144,2637.43
55,2024-03-14,аксессуары,2684.31,2663.04,82,862,0.156,2622.17
55,2024-03-15,аксессуары,2889.83,2874.91,87,67,0.229,2654.36
55,2024-03-16,аксессуары,2768.98,2762.55,81,649,0.329,2664.9
55,2024-03-17,аксессуары,2394.15,2538.22,102,604,0.342,2723.56
55,2024-03-18,аксессуары,2364.98,2367.55,108,303,0.158,2691.0
55,2024-03-19,аксессуары,2664.74,2500.95,107,856,0.115,2677.04
55,2024-03-20,аксессуары,2301.77,2422.61,94,554,0.395,2716.61
55,2024-03-21,аксессуары,2314.35,2389.18,114,851,0.32,2749.46
55,2024-03-22,аксессуары,2408.47,2386.38,114,586,0.127,2698.7
55,2024-03-23,аксессуары,2545.45,2460.07,119,821,0.207,2732.82
55,2024-03-24,аксессуары,2251.35,2299.62,124,638,0.137,2727.62
55,2024-03-25,аксессуары,2616.73,2612.59,117,227,0.341,2762.72
55,2024-03-26,аксессуары,2450.57,2494.06,114,720,0.285,2740.12
55,2024-03-27,аксессуары,2384.92,2409.3,124,410,0.348,2782.97
55,2024-03-28,аксессуары,2585.84,2595.23,95,431,0.256,2682.56
55,2024-03-29,аксессуары,2327.78,2304.13,103,98,0.286,2711.42
55,2024-03-30,аксессуары,2507.08,2414.63,115,957,0.236,2729.77
56,2024-01-01,аксессуары,2860.35,2853.81,114,103,0.365,2878.1
56,2024-01-02,аксессуары,2648.45,2737.58,98,840,0.205,2790.47
56,2024-01-03,аксессуары,2953.21,2885.8,89,501,0.172,2756.71
56,2024-01-04,аксессуары,2807.72,2907.3,115,759,0.218,2840.56
56,2024-01-05,аксессуары,2971.74,2987.03,110,674,0.255,2837.1
56,2024-01-06,аксессуары,3102.22,3047.91,99,690,0.343,2830.97
56,2024-01-07,аксессуары,3093.3,3138.69,79,533,0.358,2780.22
56,2024-01-08,аксессуары,2899.36,2917.07,72,230,0.312,2748.51
56,2024-01-09,аксессуары,2943.16,2949.04,94,31,0.326,2812.62
56,2024-01-10,аксессуары,2931.94,2813.73,102,738,0.15,2786.36
56,2024-01-11,аксессуары,2898.38,2866.06,89,432,0.304,2793.04
56,2024-01-12,аксессуары,3037.56,3015.03,104,177,0.132,2786.89
56,2024-01-13,аксессуары,2707.3,2732.2,107,119,0.345,2853.37
56,2024-01-14,аксессуары,2771.63,2690.35,97,665,0.139,2769.71
56,2024-01-15,аксессуары,2563.68,2486.73,107,318,0.277,2834.76
56,2024-01-16,аксессуары,2776.78,2852.11,104,489,0.389,2857.42
56,2024-01-17,аксессуары,2796.93,2769.17,100,483,0.269,2813.51
56,2024-01-18,аксессуары,2570.71,2625.42,112,825,0.314,2858.79
56,2024-01-19,аксессуары,2632.44,2704.86,93,222,0.287,2799.2
56,2024-01-20,аксессуары,2731.16,2773.87,99,533,0.13,2772.72
56,2024-01-21,аксессуары,2466.37,2512.23,97,678,0.12,2764.41
56,2024-01-22,аксессуары,2482.59,2422.56,106,830,0.155,2798.78
56,2024-01-23,аксессуары,2448.96,2288.59,123,193,0.22,2863.1
56,2024-01-24,аксессуары,2491.24,2361.39,106,369,0.359,2854.51
56,2024-01-25,аксессуары,2697.84,2653.09,93,872,0.391,2827.83
56,2024-01-26,аксессуары,2332.33,2463.28,99,368,0.372,2838.93
56,2024-01-27,аксессуары,2576.34,2456.98,116,321,0.318,2870.6
56,2024-01-28,аксессуары,2723.36,2835.11,91,813,0.184,2765.49
56,2024-01-29,аксессуары,2583.1,2574.6,113,710,0.225,2837.05
56,2024-01-30,аксессуары,2596.81,2403.56,102,450,0.121,2778.42
56,2024-01-31,аксессуары,2344.9,2363.33,113,494,0.284,2853.23
56,2024-02-01,аксессуары,2641.06,2788.54,97,259,0.323,2820.15
56,2024-02-02,аксессуары,2778.12,2842.34,117,596,0.109,2816.11
56,2024-02-03,аксессуары,3034.69,3201.62,70,97,0.107,2687.02
56,2024-02-04,аксессуары,2869.81,2850.84,84,351,0.177,2744.51
56,2024-02-05,аксессуары,3003.33,3040.49,92,167,0.145,2757.49
56,2024-02-06,аксессуары,3016.97,3057.03,93,921,0.239,2786.13
56,2024-02-07,аксессуары,3051.7,3043.43,86,224,0.395,2809.49
56,2024-02-08,аксессуары,3143.87,3157.56,80,187,0.326,2774.41
56,2024-02-09,аксессуары,2963.31,3020.78,90,504,0.105,2741.2
56,2024-02-10,аксессуары,3033.29,3019.28,93,831,0.373,2822.71
56,2024-02-11,аксессуары,2852.98,2759.67,96,518,0.22,2789.06
56,2024-02-12,аксессуары,2695.67,2692.03,104,343,0.381,2855.03
56,2024-02-13,аксессуары,2920.43,3013.16,96,687,0.348,2824.13
56,2024-02-14,аксессуары,2665.52,2666.15,95,871,0.301,2808.66
56,2024-02-15,аксессуары,2570.27,2384.56,106,811,0.278,2832.3
56,2024-02-16,аксессуары,2851.79,2849.61,106,383,0.387,2862.29
56,2024-02-17,аксессуары,2798.31,2865.21,98,544,0.209,2791.6
56,2024-02-18,аксессуары,2599.53,2583.37,99,695,0.365,2836.94
56,2024-02-19,аксессуары,2505.13,2639.39,93,743,0.304,2803.83
56,2024-02-20,аксессуары,2649.4,2700.89,88,169,0.239,2772.33
56,2024-02-21,аксессуары,2489.32,2370.52,113,497,0.14,2813.84
56,2024-02-22,аксессуары,2443.94,2651.26,95,325,0.348,2821.37
56,2024-02-23,аксессуары,2437.24,2443.3,102,610,0.14,2783.72
56,2024-02-24,аксессуары,2429.2,2432.34,122,804,0.384,2905.28
56,2024-02-25,аксессуары,2392.28,2421.28,98,447,0.281,2811.32
56,2024-02-26,аксессуары,2370.17,2341.4,108,480,0.118,2793.89
56,2024-02-27,аксессуары,2660.43,2662.85,121,87,0.17,2843.84
56,2024-02-28,аксессуары,2727.74,2696.39,89,311,0.121,2742.84
56,2024-02-29,аксессуары,2691.66,2689.1,97,503,0.275,2806.98
56,2024-03-01,аксессуары,2779.27,2778.28,87,658,0.141,2742.89
56,2024-03-02,аксессуары,2776.75,2733.26,98,552,0.359,2832.76
56,2024-03-03,аксессуары,2746.95,2762.22,98,832,0.382,2838.93
56,2024-03-04,аксессуары,3003.41,2996.06,65,305,0.317,2730.8
56,2024-03-05,аксессуары,2940.78,3043.0,89,896,0.281,2786.74
56,2024-03-06,аксессуары,2956.1,3072.99,83,266,0.333,2784.44
56,2024-03-07,аксессуары,3143.54,3192.13,89,707,0.276,2785.32
56,2024-03-08,аксессуары,2691.69,2604.95,87,362,0.131,2740.17
56,2024-03-09,аксессуары,2868.46,2857.27,90,620,0.334,2803.76
56,2024-03-10,аксессуары,2947.63,3002.79,79,918,0.267,2755.27
56,2024-03-11,аксессуары,3232.4,3031.34,100,276,0.376,2842.85
56,2024-03-12,аксессуары,2766.71,2867.78,91,850,0.359,2813.57
56,2024-03-13,аксессуары,2839.29,2772.11,91,196,0.31,2800.01
56,2024-03-14,аксессуары,2843.0,2928.37,103,970,0.396,2856.5
56,2024-03-15,аксессуары,2526.69,2493.84,108,918,0.388,2868.03
56,2024-03-16,аксессуары,2844.97,2890.94,103,331,0.183,2798.01
56,2024-03-17,аксессуары,2526.9,2655.12,88,347,0.299,2788.85
56,2024-03-18,аксессуары,2609.13,2692.33,95,75,0.389,2832.67
56,2024-03-19,аксессуары,2376.83,2337.59,116,415,0.375,2886.29
56,2024-03-20,аксессуары,2597.15,2633.54,96,918,0.391,2835.94
56,2024-03-21,аксессуары,2417.93,2314.12,104,921,0.316,2837.42
56,2024-03-22,аксессуары,2329.71,2243.48,112,248,0.183,2822.89
56,2024-03-23,аксессуары,2363.48,2256.43,98,893,0.149,2775.22
56,2024-03-24,аксессуары,2290.12,2355.9,125,185,0.318,2895.25
56,2024-03-25,аксессуары,2625.55,2645.74,112,619,0.148,2813.14
56,2024-03-26,аксессуары,2544.38,2601.77,105,402,0.198,2807.72
56,2024-03-27,аксессуары,2669.2,2670.24,105,493,0.11,2783.59
56,2024-03-28,аксессуары,2649.6,2738.8,96,584,0.126,2763.38
56,2024-03-29,аксессуары,2748.47,2784.53,87,614,0.286,2782.61
56,2024-03-30,аксессуары,2933.77,2806.53,94,716,0.131,2759.13
57,2024-01-01,аксессуары,1764.84,1783.89,97,950,0.373,1839.62
57,2024-01-02,аксессуары,1811.31,1842.03,100,14,0.258,1824.55
57,2024-01-03,аксессуары,1738.87,1752.62,109,534,0.214,1832.65
57,2024-01-04,аксессуары,1882.97,1909.77,99,237,0.272,1825.23
57,2024-01-05,аксессуары,1921.1,1895.46,108,792,0.355,1855.95
57,2024-01-06,аксессуары,1943.7,2056.39,89,447,0.39,1828.4
57,2024-01-07,аксессуары,1961.04,1895.84,96,155,0.243,1814.71
57,2024-01-08,аксессуары,1778.4,1715.55,115,134,0.331,1864.19
57,2024-01-09,аксессуары,1931.83,1903.08,83,922,0.205,1784.83
57,2024-01-10,аксессуары,1981.15,1988.53,86,217,0.399,1824.8
57,2024-01-11,аксессуары,1982.46,2058.72,89,251,0.189,1792.66
57,2024-01-12,аксессуары,1846.23,1828.85,90,264,0.308,1815.6
57,2024-01-13,аксессуары,1900.9,1884.53,98,792,0.209,1812.22
57,2024-01-14,аксессуары,1813.92,1792.37,107,783,0.337,1851.14
57,2024-01-15,аксессуары,1881.94,1936.63,86,139,0.298,1806.81
57,2024-01-16,аксессуары,1816.31,1758.08,115,205,0.356,1868.62
57,2024-01-17,аксессуары,1742.18,1743.04,83,241,0.133,1772.15
57,2024-01-18,аксессуары,1727.7,1722.06,100,345,0.119,1799.87
57,2024-01-19,аксессуары,1756.73,1684.35,95,97,0.283,1820.17
57,2024-01-20,аксессуары,1573.6,1629.24,108,304,0.236,1834.84
57,2024-01-21,аксессуары,1654.57,1608.8,88,944,0.394,1827.47
57,2024-01-22,аксессуары,1698.56,1709.66,79,386,0.212,1779.08
57,2024-01-23,аксессуары,1587.83,1530.0,129,68,0.377,1897.29
57,2024-01-24,аксессуары,1662.36,1658.38,100,581,0.27,1826.65
57,2024-01-25,аксессуары,1647.74,1573.77,124,27,0.165,1850.64
57,2024-01-26,аксессуары,1500.97,1452.35,121,151,0.373,1882.42
57,2024-01-27,аксессуары,1318.45,1378.23,118,626,0.281,1860.7
57,2024-01-28,аксессуары,1669.0,1661.97,110,508,0.119,1817.64
57,2024-01-29,аксессуары,1798.59,1871.64,101,40,0.315,1836.56
57,2024-01-30,аксессуары,1879.83,1870.9,112,322,0.263,1846.74
57,2024-01-31,аксессуары,1852.22,1850.67,117,239,0.313,1864.57
57,2024-02-01,аксессуары,1941.02,1890.23,101,42,0.267,1827.9
57,2024-02-02,аксессуары,1823.6,1818.82,112,141,0.231,1841.13
57,2024-02-03,аксессуары,1850.54,1880.14,81,961,0.214,1782.99
57,2024-02-04,аксессуары,1922.58,1831.93,84,121,0.382,1818.15
57,2024-02-05,аксессуары,2097.88,2109.31,64,351,0.235,1756.47
57,2024-02-06,аксессуары,1858.6,1896.37,89,722,0.148,1785.36
57,2024-02-07,аксессуары,1957.84,1967.8,65,813,0.346,1777.9
57,2024-02-08,аксессуары,1984.98,1995.16,82,720,0.226,1786.93
57,2024-02-09,аксессуары,1865.68,1894.8,99,658,0.352,1839.58
57,2024-02-10,аксессуары,1923.89,1949.69,98,39,0.245,1818.63
57,2024-02-11,аксессуары,1819.65,1786.35,96,40,0.183,1804.08
57,2024-02-12,аксессуары,2033.83,2063.18,82,526,0.338,1806.68
57,2024-02-13,аксессуары,1959.96,1929.59,100,771,0.208,1815.6
57,2024-02-14,аксессуары,1930.38,2001.23,85,314,0.196,1786.77
57,2024-02-15,аксессуары,1743.74,1831.96,90,920,0.339,1821.11
57,2024-02-16,аксессуары,1662.3,1664.8,114,925,0.258,1849.48
57,2024-02-17,аксессуары,1720.87,1755.73,96,700,0.297,1824.45
57,2024-02-18,аксессуары,1612.08,1575.41,108,302,0.177,1824.42
57,2024-02-19,аксессуары,1534.34,1505.15,114,552,0.147,1829.74
57,2024-02-20,аксессуары,1624.19,1533.37,108,411,0.38,1860.56
57,2024-02-21,аксессуары,1694.7,1606.3,116,888,0.199,1842.47
57,2024-02-22,аксессуары,1779.49,1722.27,102,549,0.182,1814.56
57,2024-02-23,аксессуары,1606.66,1574.25,105,132,0.31,1842.65
57,2024-02-24,аксессуары,1708.7,1647.96,119,502,0.15,1839.18
57,2024-02-25,аксессуары,1497.99,1401.72,109,548,0.201,1830.41
57,2024-02-26,аксессуары,1561.79,1492.41,109,530,0.113,1814.77
57,2024-02-27,аксессуары,1742.56,1687.12,115,171,0.197,1840.43
57,2024-02-28,аксессуары,1779.06,1809.69,81,117,0.113,1764.92
57,2024-02-29,аксессуары,1817.72,1764.22,93,50,0.108,1785.44
57,2024-03-01,аксессуары,1721.6,1826.79,102,438,0.349,1844.23
57,2024-03-02,аксессуары,1744.11,1750.92,122,145,0.205,1854.2
57,2024-03-03,аксессуары,1756.61,1770.08,123,663,0.222,1859.1
57,2024-03-04,аксессуары,1931.16,1898.91,107,728,0.184,1823.86
57,2024-03-05,аксессуары,1810.74,1781.88,107,99,0.168,1821.06
57,2024-03-06,аксессуары,1882.38,1891.17,108,199,0.271,1841.08
57,2024-03-07,аксессуары,1951.67,1954.37,92,349,0.317,1820.86
57,2024-03-08,аксессуары,1932.88,1856.76,95,888,0.344,1830.97
57,2024-03-09,аксессуары,2154.69,2147.55,61,86,0.281,1759.3
57,2024-03-10,аксессуары,1857.98,1857.08,109,949,0.196,1829.59
57,2024-03-11,аксессуары,1957.41,2082.51,95,290,0.141,1794.93
57,2024-03-12,аксессуары,1888.78,1896.92,100,230,0.273,1827.2
57,2024-03-13,аксессуары,1906.2,1868.45,107,192,0.23,1832.1
57,2024-03-14,аксессуары,1823.24,1799.77,86,836,0.268,1801.45
57,2024-03-15,аксессуары,1813.8,1901.27,101,854,0.243,1823.62
57,2024-03-16,аксессуары,1796.78,1801.0,95,462,0.355,1832.94
57,2024-03-17,аксессуары,1834.68,1858.4,90,160,0.18,1792.83
57,2024-03-18,аксессуары,1729.12,1725.12,99,917,0.384,1845.15
57,2024-03-19,аксессуары,1808.34,1814.72,90,752,0.331,1819.68
57,2024-03-20,аксессуары,1604.43,1617.33,111,278,0.355,1861.46
57,2024-03-21,аксессуары,1673.45,1745.32,97,697,0.34,1833.89
57,2024-03-22,аксессуары,1689.74,1632.35,111,428,0.363,1862.76
57,2024-03-23,аксессуары,1617.65,1635.48,110,905,0.173,1827.23
57,2024-03-24,аксессуары,1629.34,1676.99,104,780,0.158,1813.87
57,2024-03-25,аксессуары,1518.96,1522.26,114,872,0.34,1864.1
57,2024-03-26,аксессуары,1672.51,1659.79,113,413,0.126,1824.27
57,2024-03-27,аксессуары,1594.64,1609.14,111,887,0.243,1841.49
57,2024-03-28,аксессуары,1745.15,1804.2,105,930,0.229,1828.27
57,2024-03-29,аксессуары,1697.79,1606.07,121,577,0.15,1842.64
57,2024-03-30,аксессуары,1710.66,1736.63,107,550,0.398,1861.91
58,2024-01-01,электроника,2932.26,2768.33,117,273,0.296,3200.21
58,2024-01-02,электроника,3117.35,3138.01,94,928,0.359,3149.0
58,2024-01-03,электроника,2987.44,2992.37,87,509,0.308,3112.04
58,2024-01-04,электроника,3284.08,3424.22,82,905,0.189,3060.48
58,2024-01-05,электроника,3258.16,3225.82,94,564,0.325,3138.85
58,2024-01-06,электроника,3184.12,3168.17,91,48,0.131,3070.34
58,2024-01-07,электроника,3134.44,3046.41,108,459,0.213,3147.17
58,2024-01-08,электроника,3407.95,3416.39,86,955,0.146,3059.48
58,2024-01-09,электроника,3355.64,3352.75,95,678,0.373,3156.51
58,2024-01-10,электроника,3064.33,3204.97,99,539,0.321,3152.79
58,2024-01-11,электроника,3606.34,3676.08,73,150,0.274,3059.08
58,2024-01-12,электроника,3344.92,3404.58,95,176,0.394,3162.89
58,2024-01-13,электроника,3175.09,3047.59,106,279,0.175,3129.44
58,2024-01-14,электроника,3154.3,3274.78,113,317,0.357,3206.69
58,2024-01-15,электроника,3264.86,3210.54,86,548,0.256,3093.29
58,2024-01-16,электроника,3187.49,3228.39,95,214,0.319,3140.03
58,2024-01-17,электроника,2990.42,2828.02,107,679,0.136,3120.72
58,2024-01-18,электроника,2919.2,2729.11,109,111,0.19,3143.22
58,2024-01-19,электроника,2632.43,2684.28,98,123,0.316,3148.22
58,2024-01-20,электроника,2776.65,2904.27,105,810,0.276,3157.25
58,2024-01-21,электроника,3058.82,2963.96,103,237,0.175,3120.37
58,2024-01-22,электроника,2862.45,2999.33,110,149,0.348,3194.76
58,2024-01-23,электроника,2720.85,2795.19,111,887,0.222,3159.14
58,2024-01-24,электроника,2736.15,2748.09,113,51,0.221,3165.12
58,2024-01-25,электроника,2561.07,2615.77,106,829,0.193,3135.19
58,2024-01-26,электроника,2904.34,2777.85,112,521,0.34,3198.26
58,2024-01-27,электроника,2859.02,2931.32,99,636,0.133,3095.32
58,2024-01-28,электроника,2965.99,2887.41,114,518,0.152,3146.86
58,2024-01-29,электроника,2883.45,2849.77,118,609,0.196,3172.68
58,2024-01-30,электроника,2578.94,2535.11,105,438,0.14,3115.93
58,2024-01-31,электроника,3025.69,3108.89,86,502,0.324,3114.03
58,2024-02-01,электроника,3187.56,3165.26,102,508,0.257,3142.5
58,2024-02-02,электроника,3316.52,3257.85,91,528,0.4,3152.4
58,2024-02-03,электроника,3493.69,3485.57,101,74,0.324,3159.79
58,2024-02-04,электроника,3377.69,3342.18,87,34,0.383,3135.17
58,2024-02-05,электроника,3450.74,3598.86,75,488,0.398,3103.0
58,2024-02-06,электроника,3575.28,3350.48,95,549,0.172,3094.98
58,2024-02-07,электроника,3318.61,3168.49,94,64,0.247,3114.91
58,2024-02-08,электроника,3455.34,3387.07,76,808,0.137,3026.16
58,2024-02-09,электроника,3335.88,3197.03,97,56,0.303,3141.32
58,2024-02-10,электроника,3704.59,3746.08,67,160,0.178,3011.17
58,2024-02-11,электроника,3201.28,3349.4,90,561,0.307,3121.14
58,2024-02-12,электроника,3174.24,3253.48,103,219,0.291,3155.79
58,2024-02-13,электроника,3381.7,3466.48,73,672,0.375,3089.76
58,2024-02-14,электроника,3147.5,3058.96,91,530,0.358,3139.6
58,2024-02-15,электроника,3031.24,2872.58,109,452,0.273,3168.63
58,2024-02-16,электроника,2844.15,2812.24,85,657,0.286,3099.38
58,2024-02-17,электроника,3041.57,3043.58,98,886,0.222,3119.42
58,2024-02-18,электроника,2809.42,2891.82,108,82,0.145,3126.57
58,2024-02-19,электроника,2851.92,2860.31,113,59,0.305,3190.61
58,2024-02-20,электроника,2667.19,2836.03,112,763,0.204,3156.73
58,2024-02-21,электроника,2885.65,2760.59,109,864,0.342,3189.89
58,2024-02-22,электроника,2757.9,2660.58,100,477,0.124,3095.52
58,2024-02-23,электроника,2558.29,2581.79,117,189,0.284,3196.56
58,2024-02-24,электроника,2708.73,2685.39,93,871,0.112,3070.49
58,2024-02-25,электроника,2527.75,2591.56,106,410,0.319,3173.46
58,2024-02-26,электроника,2661.25,2657.29,116,513,0.256,3185.0
58,2024-02-27,электроника,2796.83,2698.42,126,539,0.184,3193.36
58,2024-02-28,электроника,3052.14,3004.41,105,898,0.369,3185.7
58,2024-02-29,электроника,2835.59,2743.77,102,193,0.143,3107.47
58,2024-03-01,электроника,3169.92,3064.78,95,661,0.198,3103.1
58,2024-03-02,электроника,3212.63,3259.29,95,518,0.161,3091.75
58,2024-03-03,электроника,3392.94,3351.48,93,267,0.289,3124.78
58,2024-03-04,электроника,3607.83,3704.08,73,944,0.127,3013.84
58,2024-03-05,электроника,2997.69,3013.93,124,906,0.21,3195.36
58,2024-03-06,электроника,3516.81,3515.61,91,473,0.103,3061.77
58,2024-03-07,электроника,3244.41,3319.61,85,239,0.237,3084.34
58,2024-03-08,электроника,3481.85,3558.48,93,749,0.133,3076.87
58,2024-03-09,электроника,3307.23,3241.4,94,414,0.117,3075.23
58,2024-03-10,электроника,3263.17,3428.08,74,597,0.279,3063.64
58,2024-03-11,электроника,3300.06,3241.76,83,23,0.103,3037.26
58,2024-03-12,электроника,3163.98,3204.43,91,688,0.199,3091.07
58,2024-03-13,электроника,3216.95,3225.61,88,844,0.255,3099.14
58,2024-03-14,электроника,3376.85,3379.9,87,275,0.398,3139.64
58,2024-03-15,электроника,3213.61,3416.28,85,515,0.225,3080.64
58,2024-03-16,электроника,3012.5,3037.4,90,69,0.181,3082.33
58,2024-03-17,электроника,2672.73,2685.53,99,465,0.257,3133.21
58,2024-03-18,электроника,2907.62,2892.04,85,574,0.327,3111.86
58,2024-03-19,электроника,2822.1,2625.08,124,426,0.276,3215.39
58,2024-03-20,электроника,2664.39,2717.79,116,275,0.159,3155.11
58,2024-03-21,электроника,2679.78,2703.19,114,224,0.205,3163.28
58,2024-03-22,электроника,3129.0,3125.39,110,45,0.127,3127.27
58,2024-03-23,электроника,2770.74,2799.13,117,351,0.258,3188.73
58,2024-03-24,электроника,2498.16,2544.91,118,821,0.172,3165.43
58,2024-03-25,электроника,2664.66,2535.68,112,258,0.318,3191.57
58,2024-03-26,электроника,2654.55,2618.38,126,470,0.35,3244.17
58,2024-03-27,электроника,2798.23,2882.25,121,131,0.126,3160.55
58,2024-03-28,электроника,3138.05,3270.23,99,731,0.282,3140.87
58,2024-03-29,электроника,2839.41,2823.89,98,586,0.301,3143.54
58,2024-03-30,электроника,2936.49,2797.47,122,306,0.138,3167.22
59,2024-01-01,бытовая техника,3246.57,3315.69,86,307,0.283,3191.75
59,2024-01-02,бытовая техника,3164.89,3238.81,95,850,0.322,3232.28
59,2024-01-03,бытовая техника,3180.43,3095.21,113,829,0.26,3269.4
59,2024-01-04,бытовая техника,3398.98,3446.62,85,995,0.172,3153.75
59,2024-01-05,бытовая техника,3382.37,3430.22,81,732,0.291,3178.63
59,2024-01-06,бытовая техника,3262.87,2951.77,117,446,0.208,3265.84
59,2024-01-07,бытовая техника,3430.93,3242.67,94,936,0.206,3192.66
59,2024-01-08,бытовая техника,3266.64,3278.19,102,237,0.236,3227.44
59,2024-01-09,бытовая техника,3491.59,3528.64,99,854,0.162,3194.48
59,2024-01-10,бытовая техника,3590.98,3480.92,82,512,0.396,3214.8
59,2024-01-11,бытовая техника,3353.34,3604.62,79,988,0.231,3153.5
59,2024-01-12,бытовая техника,3353.09,3187.4,104,648,0.378,3278.31
59,2024-01-13,бытовая техника,3523.27,3608.23,69,897,0.343,3156.99
59,2024-01-14,бытовая техника,3287.44,3256.0,79,723,0.226,3151.72
59,2024-01-15,бытовая техника,2919.17,2940.43,85,992,0.293,3191.85
59,2024-01-16,бытовая техника,3133.36,3058.21,114,534,0.112,3225.91
59,2024-01-17,бытовая техника,2815.77,2808.53,121,704,0.367,3328.25
59,2024-01-18,бытовая техника,3225.56,3271.04,96,20,0.181,3191.25
59,2024-01-19,бытовая техника,2769.15,2769.72,119,294,0.385,3327.58
59,2024-01-20,бытовая техника,2754.15,2859.51,105,793,0.278,3250.0
59,2024-01-21,бытовая техника,3126.49,3295.14,77,563,0.159,3124.38
59,2024-01-22,бытовая техника,2956.45,3056.93,101,451,0.31,3247.57
59,2024-01-23,бытовая техника,2849.06,2864.09,108,887,0.126,3211.56
59,2024-01-24,бытовая техника,2700.01,2664.89,101,279,0.164,3201.53
59,2024-01-25,бытовая техника,2682.94,2637.23,119,888,0.153,3254.6
59,2024-01-26,бытовая техника,2941.77,3142.22,95,255,0.143,3175.96
59,2024-01-27,бытовая техника,2896.76,2905.49,95,180,0.271,3216.18
59,2024-01-28,бытовая техника,2784.03,2861.51,108,397,0.265,3255.44
59,2024-01-29,бытовая техника,2992.12,2936.61,111,511,0.277,3268.5
59,2024-01-30,бытовая техника,3209.82,3400.79,94,972,0.118,3164.99
59,2024-01-31,бытовая техника,2978.03,2951.2,106,963,0.127,3205.65
59,2024-02-01,бытовая техника,3206.88,3204.84,112,655,0.271,3269.91
59,2024-02-02,бытовая техника,3510.68,3527.4,85,833,0.25,3178.09
59,2024-02-03,бытовая техника,3415.04,3428.58,72,92,0.359,3171.44
59,2024-02-04,бытовая техника,3423.77,3479.87,86,75,0.327,3205.53
59,2024-02-05,бытовая техника,3373.54,3642.34,88,972,0.13,3149.88
59,2024-02-06,бытовая техника,3410.24,3328.93,80,223,0.195,3145.25
59,2024-02-07,бытовая техника,3461.64,3486.31,99,389,0.384,3264.55
59,2024-02-08,бытовая техника,3330.07,3578.6,92,875,0.267,3205.71
59,2024-02-09,бытовая техника,3356.6,3594.46,85,649,0.278,3187.14
59,2024-02-10,бытовая техника,3240.78,3377.1,94,524,0.395,3252.01
59,2024-02-11,бытовая техника,3423.57,3394.91,103,800,0.167,3208.7
59,2024-02-12,бытовая техника,3541.52,3528.49,81,981,0.153,3135.08
59,2024-02-13,бытовая техника,3112.15,3052.5,111,741,0.164,3232.85
59,2024-02-14,бытовая техника,3163.64,3275.54,83,694,0.345,3201.93
59,2024-02-15,бытовая техника,3248.69,3144.56,124,168,0.133,3264.26
59,2024-02-16,бытовая техника,3245.52,3219.13,98,377,0.199,3203.06
59,2024-02-17,бытовая техника,3217.42,3212.78,110,509,0.294,3270.62
59,2024-02-18,бытовая техника,2863.05,2919.77,120,466,0.204,3273.71
59,2024-02-19,бытовая техника,3020.49,3094.82,93,278,0.11,3159.18
59,2024-02-20,бытовая техника,3090.45,3108.65,106,133,0.123,3204.31
59,2024-02-21,бытовая техника,2800.64,2828.32,107,921,0.2,3231.8
59,2024-02-22,бытовая техника,2827.52,2921.91,122,165,0.281,3304.47
59,2024-02-23,бытовая техника,2788.99,2601.19,106,94,0.378,3284.63
59,2024-02-24,бытовая техника,3050.88,3170.31,106,741,0.124,3204.71
59,2024-02-25,бытовая техника,2791.22,2880.93,111,624,0.157,3230.71
59,2024-02-26,бытовая техника,2936.92,2866.0,117,980,0.329,3303.9
59,2024-02-27,бытовая техника,2739.06,2754.27,104,158,0.116,3195.92
59,2024-02-28,бытовая техника,2925.18,2958.01,110,907,0.287,3268.41
59,2024-02-29,бытовая техника,3011.06,3046.53,107,346,0.146,3214.59
59,2024-03-01,бытовая техника,3323.77,3278.32,101,319,0.125,3189.21
59,2024-03-02,бытовая техника,3086.44,3152.01,92,377,0.308,3218.37
59,2024-03-03,бытовая техника,3465.1,3349.62,104,949,0.152,3207.24
59,2024-03-04,бытовая техника,3421.55,3204.23,106,599,0.198,3227.81
59,2024-03-05,бытовая техника,3425.42,3225.07,105,594,0.194,3223.51
59,2024-03-06,бытовая техника,3236.32,3200.35,95,56,0.118,3168.14
59,2024-03-07,бытовая техника,3121.81,3276.95,92,776,0.349,3231.31
59,2024-03-08,бытовая техника,3396.79,3417.09,77,756,0.142,3118.95
59,2024-03-09,бытовая техника,3733.65,3704.31,80,734,0.319,3184.08
59,2024-03-10,бытовая техника,3518.58,3647.51,72,235,0.155,3107.42
59,2024-03-11,бытовая техника,3568.34,3717.49,89,336,0.245,3189.33
59,2024-03-12,бытовая техника,3549.41,3466.81,103,587,0.179,3212.37
59,2024-03-13,бытовая техника,3400.26,3403.32,87,675,0.301,3200.41
59,2024-03-14,бытовая техника,3309.57,3267.62,100,552,0.293,3238.93
59,2024-03-15,бытовая техника,2948.26,2975.85,102,539,0.126,3192.71
59,2024-03-16,бытовая техника,2966.48,2839.49,125,457,0.214,3292.64
59,2024-03-17,бытовая техника,3321.04,3367.03,108,854,0.164,3223.42
59,2024-03-18,бытовая техника,3477.4,3351.52,100,94,0.148,3193.22
59,2024-03-19,бытовая техника,2974.09,3018.52,112,379,0.337,3290.67
59,2024-03-20,бытовая техника,2895.49,2799.73,105,887,0.366,3277.55
59,2024-03-21,бытовая техника,2972.08,2801.3,110,133,0.177,3233.9
59,2024-03-22,бытовая техника,2727.59,2763.0,123,740,0.338,3325.46
59,2024-03-23,бытовая техника,2733.84,2610.79,121,390,0.25,3291.62
59,2024-03-24,бытовая техника,2814.47,2693.16,108,980,0.175,3226.99
59,2024-03-25,бытовая техника,2709.57,2767.35,101,127,0.295,3242.59
59,2024-03-26,бытовая техника,3180.13,3289.84,109,97,0.361,3288.72
59,2024-03-27,бытовая техника,3018.89,2868.08,123,714,0.324,3320.94
59,2024-03-28,бытовая техника,2715.91,2696.02,122,460,0.227,3287.35
59,2024-03-29,бытовая техника,3082.88,3088.78,101,909,0.107,3183.54
59,2024-03-30,бытовая техника,2952.27,2985.56,108,585,0.213,3238.79
60,2024-01-01,бытовая техника,1823.25,1716.68,115,30,0.378,1969.75
60,2024-01-02,бытовая техника,1889.99,1943.15,84,464,0.136,1866.54
60,2024-01-03,бытовая техника,1976.82,1896.11,93,140,0.296,1913.16
60,2024-01-04,бытовая техника,2012.84,2017.9,105,178,0.364,1948.35
60,2024-01-05,бытовая техника,2126.03,2073.42,90,745,0.241,1897.41
60,2024-01-06,бытовая техника,2004.0,1992.98,101,382,0.124,1895.97
60,2024-01-07,бытовая техника,2053.64,2089.68,106,929,0.187,1917.22
60,2024-01-08,бытовая техника,2177.31,2230.5,93,499,0.123,1880.94
60,2024-01-09,бытовая техника,2046.91,2010.54,75,586,0.332,1886.32
60,2024-01-10,бытовая техника,2067.49,2100.33,86,271,0.206,1883.33
60,2024-01-11,бытовая техника,1839.72,1934.96,86,481,0.317,1904.01
60,2024-01-12,бытовая техника,2095.13,2104.95,112,920,0.366,1961.89
60,2024-01-13,бытовая техника,2141.25,2189.02,77,818,0.352,1893.82
60,2024-01-14,бытовая техника,1781.2,1767.67,109,692,0.144,1914.79
60,2024-01-15,бытовая техника,1969.41,1949.26,76,454,0.304,1882.84
60,2024-01-16,бытовая техника,1912.39,1815.62,106,185,0.314,1940.97
60,2024-01-17,бытовая техника,1860.48,1884.3,105,772,0.294,1935.23
60,2024-01-18,бытовая техника,1831.26,1821.4,120,661,0.337,1971.41
60,2024-01-19,бытовая техника,1717.04,1604.57,118,628,0.119,1926.81
60,2024-01-20,бытовая техника,1777.37,1722.51,129,855,0.352,1990.98
60,2024-01-21,бытовая техника,1722.61,1644.6,93,364,0.206,1896.42
60,2024-01-22,бытовая техника,1854.89,1840.17,90,72,0.165,1883.07
60,2024-01-23,бытовая техника,1691.97,1806.78,113,751,0.313,1953.8
60,2024-01-24,бытовая техника,1807.79,1775.55,130,682,0.264,1976.48
60,2024-01-25,бытовая техника,1723.65,1773.03,93,484,0.327,1919.02
60,2024-01-26,бытовая техника,1777.29,1743.07,107,575,0.337,1947.1
60,2024-01-27,бытовая техника,1836.92,1827.01,108,935,0.205,1924.21
60,2024-01-28,бытовая техника,1881.8,1996.4,103,559,0.294,1931.61
60,2024-01-29,бытовая техника,1844.86,1866.1,107,540,0.345,1948.61
60,2024-01-30,бытовая техника,1698.27,1706.73,101,174,0.136,1898.22
60,2024-01-31,бытовая техника,1704.46,1749.12,91,543,0.333,1916.41
60,2024-02-01,бытовая техника,1939.79,1923.06,96,508,0.216,1903.92
60,2024-02-02,бытовая техника,1947.2,1933.98,98,141,0.3,1923.37
60,2024-02-03,бытовая техника,2090.62,2132.01,80,251,0.392,1906.96
60,2024-02-04,бытовая техника,1963.43,1971.81,100,129,0.209,1910.14
60,2024-02-05,бытовая техника,2063.03,2180.15,75,302,0.39,1897.11
60,2024-02-06,бытовая техника,2141.22,2130.56,65,449,0.235,1849.52
60,2024-02-07,бытовая техника,2051.65,2084.29,103,610,0.163,1907.15
60,2024-02-08,бытовая техника,2254.5,2230.4,103,276,0.305,1933.72
60,2024-02-09,бытовая техника,2126.51,2112.52,97,294,0.393,1938.78
60,2024-02-10,бытовая техника,2026.94,1994.92,87,638,0.288,1900.44
60,2024-02-11,бытовая техника,2022.34,2079.72,77,595,0.273,1878.9
60,2024-02-12,бытовая техника,1908.44,1877.9,89,684,0.342,1914.32
60,2024-02-13,бытовая техника,1870.09,1804.28,102,213,0.241,1919.78
60,2024-02-14,бытовая техника,1829.32,1805.56,117,598,0.269,1953.04
60,2024-02-15,бытовая техника,1758.96,1785.19,110,504,0.358,1956.64
60,2024-02-16,бытовая техника,1794.79,1840.32,123,203,0.233,1957.65
60,2024-02-17,бытовая техника,1886.96,1928.48,75,765,0.132,1848.94
60,2024-02-18,бытовая техника,1669.88,1631.8,111,720,0.199,1928.72
60,2024-02-19,бытовая техника,1783.9,1850.89,99,589,0.234,1912.89
60,2024-02-20,бытовая техника,1676.12,1705.77,111,372,0.246,1937.63
60,2024-02-21,бытовая техника,1510.5,1542.81,122,734,0.307,1969.51
60,2024-02-22,бытовая техника,1494.11,1529.52,120,797,0.228,1950.96
60,2024-02-23,бытовая техника,1700.91,1689.08,103,766,0.153,1905.21
60,2024-02-24,бытовая техника,1586.94,1664.52,111,328,0.178,1924.76
60,2024-02-25,бытовая техника,1835.5,1856.65,93,344,0.313,1916.47
60,2024-02-26,бытовая техника,1721.71,1608.73,119,801,0.164,1937.22
60,2024-02-27,бытовая техника,1731.08,1739.58,108,444,0.225,1928.04
60,2024-02-28,бытовая техника,1872.1,1833.58,99,732,0.298,1924.86
60,2024-02-29,бытовая техника,1883.22,1877.88,112,953,0.388,1966.03
60,2024-03-01,бытовая техника,1794.86,1699.08,95,259,0.363,1929.58
60,2024-03-02,бытовая техника,1833.67,1744.36,89,919,0.195,1886.89
60,2024-03-03,бытовая техника,1808.69,1726.08,103,952,0.238,1921.05
60,2024-03-04,бытовая техника,1967.71,2008.93,109,930,0.268,1938.0
60,2024-03-05,бытовая техника,1937.59,2034.25,94,355,0.267,1909.58
60,2024-03-06,бытовая техника,1864.76,1831.86,108,282,0.168,1917.27
60,2024-03-07,бытовая техника,1974.31,1899.69,96,996,0.14,1889.73
60,2024-03-08,бытовая техника,2073.89,2188.56,79,592,0.303,1888.33
60,2024-03-09,бытовая техника,2178.06,2180.09,89,477,0.2,1887.74
60,2024-03-10,бытовая техника,2002.15,1963.76,85,532,0.2,1880.3
60,2024-03-11,бытовая техника,1834.06,1856.93,94,524,0.307,1917.1
60,2024-03-12,бытовая техника,1984.58,2015.32,91,564,0.159,1883.88
60,2024-03-13,бытовая техника,2103.36,2060.42,74,365,0.141,1848.6
60,2024-03-14,бытовая техника,1903.37,1886.65,97,161,0.33,1927.13
60,2024-03-15,бытовая техника,1985.92,2010.67,103,978,0.325,1937.31
60,2024-03-16,бытовая техника,1929.68,1941.6,93,186,0.21,1897.22
60,2024-03-17,бытовая техника,1772.57,1897.69,113,90,0.255,1943.03
60,2024-03-18,бытовая техника,1867.36,1840.21,77,811,0.251,1874.87
60,2024-03-19,бытовая техника,1678.2,1730.66,120,351,0.195,1944.82
60,2024-03-20,бытовая техника,1628.52,1635.88,108,890,0.372,1955.57
60,2024-03-21,бытовая техника,1776.04,1720.35,101,722,0.353,1938.84
60,2024-03-22,бытовая техника,1781.28,1756.94,81,168,0.137,1861.11
60,2024-03-23,бытовая техника,1612.1,1659.8,122,991,0.201,1949.81
60,2024-03-24,бытовая техника,1812.07,1763.93,106,576,0.283,1935.13
60,2024-03-25,бытовая техника,1646.93,1708.81,116,864,0.157,1930.17
60,2024-03-26,бытовая техника,1894.16,1911.84,100,847,0.109,1891.32
60,2024-03-27,бытовая техника,1643.2,1742.9,103,61,0.198,1913.67
60,2024-03-28,бытовая техника,1675.26,1696.68,91,484,0.266,1903.84
60,2024-03-29,бытовая техника,1857.49,1784.92,100,463,0.105,1890.51
60,2024-03-30,бытовая техника,1880.61,1880.69,92,181,0.293,1910.74
61,2024-01-01,бытовая техника,624.54,619.58,106,99,0.328,651.42
61,2024-01-02,бытовая техника,575.53,544.92,125,162,0.396,667.61
61,2024-01-03,бытовая техника,640.09,670.22,78,703,0.312,632.86
61,2024-01-04,бытовая техника,652.13,630.85,94,325,0.215,636.84
61,2024-01-05,бытовая техника,696.02,686.87,105,999,0.298,648.96
61,2024-01-06,бытовая техника,663.6,695.11,100,513,0.347,648.84
61,2024-01-07,бытовая техника,687.01,718.6,75,654,0.17,622.07
61,2024-01-08,бытовая техника,706.88,710.09,81,912,0.383,639.22
61,2024-01-09,бытовая техника,606.0,589.65,85,388,0.353,639.81
61,2024-01-10,бытовая техника,663.6,675.19,68,798,0.323,627.32
61,2024-01-11,бытовая техника,672.76,681.4,87,955,0.135,627.41
61,2024-01-12,бытовая техника,677.52,683.15,96,927,0.139,633.32
61,2024-01-13,бытовая техника,676.51,692.99,92,329,0.323,642.32
61,2024-01-14,бытовая техника,657.59,698.81,103,802,0.315,648.72
61,2024-01-15,бытовая техника,663.54,664.78,86,450,0.309,637.68
61,2024-01-16,бытовая техника,593.56,569.29,97,945,0.228,639.54
61,2024-01-17,бытовая техника,609.33,595.7,97,795,0.242,640.4
61,2024-01-18,бытовая техника,602.32,593.45,94,724,0.255,639.31
61,2024-01-19,бытовая техника,578.98,546.58,114,171,0.178,647.07
61,2024-01-20,бытовая техника,574.06,595.05,101,500,0.101,634.07
61,2024-01-21,бытовая техника,610.99,587.08,104,120,0.269,646.49
61,2024-01-22,бытовая техника,576.11,584.51,98,905,0.227,640.11
61,2024-01-23,бытовая техника,539.86,545.83,95,843,0.121,631.59
61,2024-01-24,бытовая техника,589.5,557.88,92,404,0.377,645.75
61,2024-01-25,бытовая техника,566.16,561.11,94,138,0.185,634.93
61,2024-01-26,бытовая техника,593.11,587.35,106,983,0.365,653.78
61,2024-01-27,бытовая техника,546.63,573.25,101,579,0.149,637.06
61,2024-01-28,бытовая техника,600.79,634.36,100,619,0.145,636.21
61,2024-01-29,бытовая техника,646.76,667.55,92,212,0.277,639.47
61,2024-01-30,бытовая техника,546.46,555.84,121,639,0.316,660.1
61,2024-01-31,бытовая техника,602.74,589.76,125,256,0.246,658.22
61,2024-02-01,бытовая техника,656.08,656.28,78,447,0.354,635.49
61,2024-02-02,бытовая техника,670.15,700.4,78,33,0.132,621.57
61,2024-02-03,бытовая техника,644.91,667.31,93,688,0.151,632.17
61,2024-02-04,бытовая техника,661.58,667.87,110,316,0.226,647.53
61,2024-02-05,бытовая техника,677.36,700.46,77,644,0.364,635.52
61,2024-02-06,бытовая техника,689.7,700.39,89,520,0.337,641.33
61,2024-02-07,бытовая техника,741.0,680.07,82,767,0.298,634.49
61,2024-02-08,бытовая техника,703.29,716.01,84,228,0.364,639.93
61,2024-02-09,бытовая техника,640.88,642.95,94,355,0.3,642.15
61,2024-02-10,бытовая техника,639.68,620.4,91,537,0.246,636.88
61,2024-02-11,бытовая техника,734.54,744.53,87,261,0.248,634.53
61,2024-02-12,бытовая техника,637.23,604.65,100,938,0.248,642.67
61,2024-02-13,бытовая техника,677.36,681.1,116,48,0.168,647.66
61,2024-02-14,бытовая техника,609.53,614.33,101,569,0.215,641.22
61,2024-02-15,бытовая техника,639.53,631.9,92,925,0.13,630.25
61,2024-02-16,бытовая техника,577.78,594.38,90,776,0.104,627.36
61,2024-02-17,бытовая техника,558.64,556.99,118,866,0.271,655.37
61,2024-02-18,бытовая техника,573.16,616.24,105,189,0.344,651.8
61,2024-02-19,бытовая техника,584.21,565.62,96,148,0.216,638.16
61,2024-02-20,бытовая техника,544.7,548.73,101,29,0.273,644.83
61,2024-02-21,бытовая техника,533.14,559.18,124,385,0.202,654.86
61,2024-02-22,бытовая техника,537.37,530.66,119,73,0.248,654.57
61,2024-02-23,бытовая техника,546.58,530.73,105,796,0.122,637.91
61,2024-02-24,бытовая техника,623.04,597.14,117,523,0.263,654.24
61,2024-02-25,бытовая техника,595.93,633.72,103,749,0.204,641.78
61,2024-02-26,бытовая техника,542.77,526.09,95,126,0.16,634.01
61,2024-02-27,бытовая техника,613.06,635.03,103,953,0.215,642.48
61,2024-02-28,бытовая техника,643.48,636.87,105,299,0.337,651.36
61,2024-02-29,бытовая техника,601.81,595.22,116,616,0.258,653.29
61,2024-03-01,бытовая техника,612.12,597.48,92,423,0.117,629.42
61,2024-03-02,бытовая техника,653.72,645.76,83,190,0.194,628.61
61,2024-03-03,бытовая техника,673.76,673.48,108,272,0.163,642.33
61,2024-03-04,бытовая техника,624.36,620.81,98,102,0.134,634.23
61,2024-03-05,бытовая техника,701.4,711.83,80,746,0.13,622.69
61,2024-03-06,бытовая техника,707.73,720.5,87,520,0.376,642.56
61,2024-03-07,бытовая техника,709.69,699.73,79,452,0.222,627.84
61,2024-03-08,бытовая техника,649.91,621.52,103,929,0.137,637.58
61,2024-03-09,бытовая техника,702.07,672.23,109,63,0.344,654.3
61,2024-03-10,бытовая техника,742.86,762.85,64,402,0.316,624.33
61,2024-03-11,бытовая техника,688.86,701.81,99,520,0.152,636.0
61,2024-03-12,бытовая техника,703.09,645.41,97,203,0.369,648.38
61,2024-03-13,бытовая техника,626.2,661.71,81,82,0.239,630.18
61,2024-03-14,бытовая техника,705.33,705.86,88,444,0.298,638.28
61,2024-03-15,бытовая техника,620.06,627.96,103,418,0.318,648.92
61,2024-03-16,бытовая техника,662.79,685.34,98,549,0.28,643.43
61,2024-03-17,бытовая техника,573.99,575.32,110,902,0.106,640.02
61,2024-03-18,бытовая техника,568.63,581.85,101,965,0.105,634.31
61,2024-03-19,бытовая техника,592.35,580.88,98,387,0.246,641.29
61,2024-03-20,бытовая техника,568.74,569.35,115,253,0.3,655.34
61,2024-03-21,бытовая техника,637.1,635.66,104,396,0.376,653.23
61,2024-03-22,бытовая техника,597.56,595.67,112,720,0.192,646.67
61,2024-03-23,бытовая техника,548.86,520.61,126,590,0.293,661.81
61,2024-03-24,бытовая техника,548.53,571.72,121,374,0.168,650.83
61,2024-03-25,бытовая техника,565.29,578.36,119,624,0.387,663.31
61,2024-03-26,бытовая техника,607.76,584.07,104,103,0.325,650.02
61,2024-03-27,бытовая техника,574.33,561.83,134,30,0.273,665.58
61,2024-03-28,бытовая техника,588.94,601.46,122,728,0.166,651.32
61,2024-03-29,бытовая техника,613.52,615.29,102,155,0.112,635.38
61,2024-03-30,бытовая техника,580.56,573.02,119,769,0.319,659.03
62,2024-01-01,электроника,2372.13,2411.6,105,767,0.37,2691.45
62,2024-01-02,электроника,2656.81,2707.18,84,34,0.353,2632.75
62,2024-01-03,электроника,2661.15,2714.26,107,816,0.356,2692.78
62,2024-01-04,электроника,2756.94,2649.98,93,955,0.187,2613.15
62,2024-01-05,электроника,2764.21,2753.7,92,171,0.213,2617.24
62,2024-01-06,электроника,2832.43,2869.83,85,411,0.184,2591.52
62,2024-01-07,электроника,2753.24,2643.99,100,173,0.183,2630.2
62,2024-01-08,электроника,2758.99,2702.26,112,186,0.223,2671.4
62,2024-01-09,электроника,3075.31,3010.46,82,692,0.304,2614.96
62,2024-01-10,электроника,2811.2,2854.25,58,525,0.371,2570.15
62,2024-01-11,электроника,2776.58,2707.14,99,709,0.179,2626.48
62,2024-01-12,электроника,2811.29,2710.66,78,233,0.168,2569.36
62,2024-01-13,электроника,2709.23,2700.81,90,43,0.234,2617.41
62,2024-01-14,электроника,2660.48,2631.34,90,838,0.168,2600.41
62,2024-01-15,электроника,2454.02,2506.44,106,685,0.353,2689.41
62,2024-01-16,электроника,2505.27,2457.68,100,658,0.393,2684.44
62,2024-01-17,электроника,2615.5,2669.5,98,936,0.25,2642.33
62,2024-01-18,электроника,2472.66,2512.01,102,576,0.372,2684.07
62,2024-01-19,электроника,2198.23,2379.34,105,103,0.316,2677.41
62,2024-01-20,электроника,2411.07,2348.17,108,751,0.371,2699.23
62,2024-01-21,электроника,2597.65,2672.97,89,524,0.127,2587.16
62,2024-01-22,электроника,2445.74,2383.8,109,540,0.174,2651.0
62,2024-01-23,электроника,2228.61,2155.72,121,752,0.366,2731.73
62,2024-01-24,электроника,2195.2,2178.61,139,293,0.139,2719.46
62,2024-01-25,электроника,2123.59,2164.2,96,689,0.12,2603.61
62,2024-01-26,электроника,2399.72,2455.93,92,522,0.182,2609.32
62,2024-01-27,электроника,2375.39,2437.61,104,294,0.254,2658.72
62,2024-01-28,электроника,2508.91,2464.55,125,736,0.22,2704.28
62,2024-01-29,электроника,2426.41,2330.81,112,596,0.115,2643.5
62,2024-01-30,электроника,2682.76,2595.07,95,632,0.144,2607.02
62,2024-01-31,электроника,2487.73,2484.47,92,39,0.156,2602.52
62,2024-02-01,электроника,2462.73,2496.3,71,130,0.373,2604.35
62,2024-02-02,электроника,2761.11,2664.31,97,694,0.192,2624.6
62,2024-02-03,электроника,2708.59,2624.16,106,31,0.13,2632.03
62,2024-02-04,электроника,2726.19,2616.85,93,782,0.312,2645.37
62,2024-02-05,электроника,2893.61,2947.34,84,952,0.304,2620.06
62,2024-02-06,электроника,2914.86,2811.71,85,180,0.347,2633.72
62,2024-02-07,электроника,2667.89,2564.6,114,329,0.289,2693.55
62,2024-02-08,электроника,2830.2,2761.77,90,974,0.385,2656.47
62,2024-02-09,электроника,2610.26,2460.56,110,965,0.386,2708.3
62,2024-02-10,электроника,2614.3,2567.24,94,15,0.3,2644.84
62,2024-02-11,электроника,3051.2,3064.91,68,54,0.348,2590.0
62,2024-02-12,электроника,2950.75,2886.23,82,480,0.306,2615.29
62,2024-02-13,электроника,2457.5,2411.2,91,623,0.131,2593.4
62,2024-02-14,электроника,2473.18,2548.96,100,594,0.303,2661.05
62,2024-02-15,электроника,2660.57,2669.99,79,552,0.164,2571.03
62,2024-02-16,электроника,2436.73,2521.1,106,189,0.302,2676.31
62,2024-02-17,электроника,2335.15,2304.63,119,335,0.144,2669.04
62,2024-02-18,электроника,2322.45,2316.97,89,33,0.346,2643.87
62,2024-02-19,электроника,2409.64,2503.16,99,342,0.275,2651.2
62,2024-02-20,электроника,2329.67,2384.02,108,716,0.397,2706.08
62,2024-02-21,электроника,2375.9,2336.07,109,736,0.116,2636.05
62,2024-02-22,электроника,2497.53,2524.45,95,558,0.148,2608.26
62,2024-02-23,электроника,2338.73,2386.53,101,845,0.141,2621.91
62,2024-02-24,электроника,2443.29,2335.96,105,279,0.334,2682.01
62,2024-02-25,электроника,2232.51,2312.1,97,830,0.2,2626.71
62,2024-02-26,электроника,2344.12,2463.75,93,677,0.296,2641.11
62,2024-02-27,электроника,2432.64,2489.07,103,668,0.328,2675.3
62,2024-02-28,электроника,2332.01,2401.0,112,753,0.273,2684.47
62,2024-02-29,электроника,2557.85,2466.52,106,193,0.156,2638.69
62,2024-03-01,электроника,2479.13,2539.0,101,836,0.362,2678.98
62,2024-03-02,электроника,2595.12,2611.92,90,46,0.304,2635.48
62,2024-03-03,электроника,2701.86,2638.31,94,152,0.226,2625.66
62,2024-03-04,электроника,2683.12,2858.73,94,385,0.199,2618.73
62,2024-03-05,электроника,2748.14,2757.52,95,825,0.264,2638.11
62,2024-03-06,электроника,2846.26,2977.48,94,621,0.137,2602.83
62,2024-03-07,электроника,2896.59,2877.81,93,249,0.324,2648.42
62,2024-03-08,электроника,2806.69,2771.94,82,361,0.385,2635.86
62,2024-03-09,электроника,2734.0,2596.86,89,394,0.336,2641.29
62,2024-03-10,электроника,2966.54,3002.12,90,789,0.188,2605.58
62,2024-03-11,электроника,2896.71,2858.18,94,63,0.325,2651.29
62,2024-03-12,электроника,2706.76,2693.17,79,795,0.239,2590.47
62,2024-03-13,электроника,2736.74,2717.33,99,463,0.237,2641.45
62,2024-03-14,электроника,2698.4,2676.37,84,587,0.367,2636.37
62,2024-03-15,электроника,2635.69,2690.42,85,443,0.192,2593.62
62,2024-03-16,электроника,2351.05,2403.31,125,760,0.239,2709.1
62,2024-03-17,электроника,2353.61,2481.5,102,440,0.22,2644.75
62,2024-03-18,электроника,2410.02,2536.2,100,883,0.29,2657.64
62,2024-03-19,электроника,2470.6,2533.49,102,86,0.315,2669.36
62,2024-03-20,электроника,2566.88,2654.46,91,743,0.229,2618.85
62,2024-03-21,электроника,2389.79,2450.86,114,301,0.151,2657.91
62,2024-03-22,электроника,2392.54,2324.53,130,251,0.222,2717.57
62,2024-03-23,электроника,2421.52,2629.41,95,845,0.285,2643.58
62,2024-03-24,электроника,2266.11,2431.28,113,507,0.312,2697.1
62,2024-03-25,электроника,2378.42,2514.91,102,130,0.124,2620.12
62,2024-03-26,электроника,2528.61,2448.74,136,837,0.387,2775.84
62,2024-03-27,электроника,2504.13,2475.72,96,548,0.304,2650.96
62,2024-03-28,электроника,2370.51,2254.7,116,655,0.269,2693.62
62,2024-03-29,электроника,2516.93,2595.0,83,687,0.12,2570.06
62,2024-03-30,электроника,2789.11,2933.2,78,467,0.362,2619.4
63,2024-01-01,аксессуары,2655.48,2634.73,103,804,0.109,2812.2
63,2024-01-02,аксессуары,2948.42,2769.31,120,125,0.123,2863.05
63,2024-01-03,аксессуары,2898.66,2866.0,91,578,0.146,2788.95
63,2024-01-04,аксессуары,2679.93,2576.92,109,389,0.248,2867.21
63,2024-01-05,аксессуары,2920.58,3013.06,79,84,0.26,2787.25
63,2024-01-06,аксессуары,2964.95,2973.75,100,943,0.277,2850.31
63,2024-01-07,аксессуары,3001.78,2961.71,91,149,0.212,2807.29
63,2024-01-08,аксессуары,2958.82,2842.92,91,626,0.384,2855.05
63,2024-01-09,аксессуары,2914.34,2828.18,102,266,0.177,2828.18
63,2024-01-10,аксессуары,2929.15,2902.14,76,535,0.398,2817.31
63,2024-01-11,аксессуары,2944.11,2815.58,105,81,0.372,2890.48
63,2024-01-12,аксессуары,3137.03,3096.96,80,130,0.388,2825.74
63,2024-01-13,аксессуары,3185.2,3101.8,92,466,0.124,2785.69
63,2024-01-14,аксессуары,2951.74,2922.06,112,988,0.339,2900.73
63,2024-01-15,аксессуары,2621.97,2637.4,94,554,0.257,2828.05
63,2024-01-16,аксессуары,2566.49,2728.25,104,758,0.308,2869.96
63,2024-01-17,аксессуары,2730.46,2635.16,92,83,0.221,2812.74
63,2024-01-18,аксессуары,2719.02,2776.24,90,979,0.11,2776.17
63,2024-01-19,аксессуары,2618.49,2562.5,115,886,0.329,2906.47
63,2024-01-20,аксессуары,2524.65,2578.78,112,800,0.323,2896.49
63,2024-01-21,аксессуары,2227.31,2298.97,129,566,0.164,2899.47
63,2024-01-22,аксессуары,2478.2,2449.86,125,698,0.176,2891.58
63,2024-01-23,аксессуары,2496.01,2546.7,103,346,0.347,2878.11
63,2024-01-24,аксессуары,2460.9,2520.02,112,777,0.384,2913.27
63,2024-01-25,аксессуары,2777.65,2694.13,115,115,0.102,2843.49
63,2024-01-26,аксессуары,2559.79,2602.95,92,278,0.107,2780.91
63,2024-01-27,аксессуары,2761.02,2736.04,92,718,0.337,2844.89
63,2024-01-28,аксессуары,2572.16,2621.39,108,268,0.34,2889.94
63,2024-01-29,аксессуары,2679.87,2659.5,105,798,0.339,2881.31
63,2024-01-30,аксессуары,2747.59,2719.79,103,724,0.248,2850.52
63,2024-01-31,аксессуары,2878.82,2854.61,89,180,0.287,2822.63
63,2024-02-01,аксессуары,2783.46,2693.29,96,677,0.349,2859.25
63,2024-02-02,аксессуары,2997.83,3076.65,101,780,0.345,2871.95
63,2024-02-03,аксессуары,2851.87,2704.44,97,434,0.38,2870.54
63,2024-02-04,аксессуары,3174.55,3186.06,90,972,0.145,2785.94
63,2024-02-05,аксессуары,3026.08,3173.24,85,369,0.258,2803.54
63,2024-02-06,аксессуары,2896.54,2849.51,118,687,0.196,2877.8
63,2024-02-07,аксессуары,3018.56,2950.89,89,231,0.309,2828.63
63,2024-02-08,аксессуары,2987.18,2966.2,70,121,0.242,2757.36
63,2024-02-09,аксессуары,2751.86,2896.22,100,385,0.332,2865.66
63,2024-02-10,аксессуары,2770.96,2712.35,98,93,0.233,2832.5
63,2024-02-11,аксессуары,2768.17,2642.38,93,934,0.334,2846.79
63,2024-02-12,аксессуары,2812.8,2730.37,88,752,0.123,2774.32
63,2024-02-13,аксессуары,2746.3,2826.33,83,237,0.347,2822.62
63,2024-02-14,аксессуары,2704.25,2648.24,122,300,0.384,2941.02
63,2024-02-15,аксессуары,2886.99,2881.09,88,848,0.367,2842.06
63,2024-02-16,аксессуары,2868.47,2820.53,108,480,0.331,2887.62
63,2024-02-17,аксессуары,2660.84,2526.37,114,911,0.115,2844.15
63,2024-02-18,аксессуары,2608.4,2568.7,99,707,0.164,2816.13
63,2024-02-19,аксессуары,2579.86,2596.02,112,357,0.299,2889.74
63,2024-02-20,аксессуары,2751.45,2669.59,90,753,0.238,2811.66
63,2024-02-21,аксессуары,2379.29,2380.73,116,687,0.233,2882.54
63,2024-02-22,аксессуары,2409.77,2446.87,106,26,0.226,2852.75
63,2024-02-23,аксессуары,2492.3,2417.25,111,571,0.233,2868.61
63,2024-02-24,аксессуары,2565.87,2457.09,85,436,0.277,2808.86
63,2024-02-25,аксессуары,2609.86,2680.53,111,751,0.127,2839.14
63,2024-02-26,аксессуары,2611.32,2594.9,116,154,0.104,2846.62
63,2024-02-27,аксессуары,2597.45,2646.34,113,35,0.324,2899.31
63,2024-02-28,аксессуары,2820.52,2999.53,106,405,0.326,2880.68
63,2024-02-29,аксессуары,2808.0,2893.77,101,645,0.317,2864.1
63,2024-03-01,аксессуары,2809.46,2811.51,109,492,0.348,2895.01
63,2024-03-02,аксессуары,2829.56,2804.92,97,181,0.246,2833.42
63,2024-03-03,аксессуары,3054.64,3045.44,92,972,0.228,2814.43
63,2024-03-04,аксессуары,3012.11,2936.61,86,219,0.148,2775.66
63,2024-03-05,аксессуары,3000.28,2855.56,111,379,0.156,2847.41
63,2024-03-06,аксессуары,2893.27,3030.66,121,599,0.193,2885.41
63,2024-03-07,аксессуары,3136.16,3272.98,72,410,0.339,2789.93
63,2024-03-08,аксессуары,2937.19,3078.78,99,528,0.396,2880.56
63,2024-03-09,аксессуары,3273.21,3372.64,71,816,0.355,2791.58
63,2024-03-10,аксессуары,2939.33,2924.52,87,50,0.272,2812.86
63,2024-03-11,аксессуары,2794.91,2729.86,91,518,0.15,2790.16
63,2024-03-12,аксессуары,2889.94,2960.61,98,559,0.384,2874.6
63,2024-03-13,аксессуары,3006.07,3083.03,83,972,0.373,2829.87
63,2024-03-14,аксессуары,2786.83,2689.68,115,411,0.215,2874.66
63,2024-03-15,аксессуары,2914.26,2795.69,99,323,0.291,2851.52
63,2024-03-16,аксессуары,2821.07,2858.49,88,971,0.381,2845.83
63,2024-03-17,аксессуары,2605.75,2705.59,91,356,0.316,2836.16
63,2024-03-18,аксессуары,2611.05,2586.61,98,405,0.293,2849.31
63,2024-03-19,аксессуары,2513.69,2565.35,109,982,0.332,2890.51
63,2024-03-20,аксессуары,2398.97,2493.92,109,870,0.302,2882.18
63,2024-03-21,аксессуары,2445.78,2496.29,122,644,0.272,2909.92
63,2024-03-22,аксессуары,2582.69,2550.6,93,495,0.273,2829.72
63,2024-03-23,аксессуары,2363.42,2404.85,121,191,0.265,2905.14
63,2024-03-24,аксессуары,2386.57,2385.28,131,888,0.181,2909.65
63,2024-03-25,аксессуары,2605.38,2587.37,101,790,0.257,2847.53
63,2024-03-26,аксессуары,2653.21,2702.73,89,180,0.173,2790.85
63,2024-03-27,аксессуары,2407.92,2493.01,108,519,0.204,2852.38
63,2024-03-28,аксессуары,2494.45,2699.68,90,410,0.289,2825.82
63,2024-03-29,аксессуары,2528.53,2391.57,119,721,0.333,2918.52
63,2024-03-30,аксессуары,2742.63,2729.63,107,857,0.358,2892.1
64,2024-01-01,бытовая техника,3944.98,3833.74,85,639,0.263,3890.96
64,2024-01-02,бытовая техника,3719.71,3770.05,94,584,0.308,3943.0
64,2024-01-03,бытовая техника,4280.0,4195.69,95,617,0.251,3924.75
64,2024-01-04,бытовая техника,4154.02,4175.56,88,954,0.149,3858.75
64,2024-01-05,бытовая техника,4118.41,4189.28,91,655,0.241,3905.78
64,2024-01-06,бытовая техника,3940.82,3918.45,103,523,0.214,3941.5
64,2024-01-07,бытовая техника,4289.81,4363.32,86,334,0.144,3849.09
64,2024-01-08,бытовая техника,4098.46,4154.55,84,822,0.201,3863.3
64,2024-01-09,бытовая техника,4216.46,4224.97,84,498,0.298,3900.84
64,2024-01-10,бытовая техника,4093.47,3813.07,99,775,0.342,3975.18
64,2024-01-11,бытовая техника,4129.8,4045.46,102,772,0.343,3987.29
64,2024-01-12,бытовая техника,4019.47,3968.33,103,933,0.246,3953.63
64,2024-01-13,бытовая техника,4150.57,4074.92,83,100,0.183,3852.53
64,2024-01-14,бытовая техника,3951.39,3838.64,102,229,0.379,4001.12
64,2024-01-15,бытовая техника,4008.16,3898.09,84,384,0.332,3913.78
64,2024-01-16,бытовая техника,3527.54,3761.22,77,752,0.237,3850.31
64,2024-01-17,бытовая техника,3515.46,3360.8,111,565,0.166,3953.81
64,2024-01-18,бытовая техника,3533.77,3399.1,123,774,0.103,3975.61
64,2024-01-19,бытовая техника,3658.88,3500.52,115,223,0.275,4011.24
64,2024-01-20,бытовая техника,3419.41,3427.35,93,406,0.165,3884.23
64,2024-01-21,бытовая техника,3335.21,3287.39,100,700,0.185,3918.89
64,2024-01-22,бытовая техника,3582.09,3588.85,123,514,0.218,4019.95
64,2024-01-23,бытовая техника,3701.79,3783.28,94,716,0.225,3910.98
64,2024-01-24,бытовая техника,2980.7,2903.06,140,771,0.35,4136.19
64,2024-01-25,бытовая техника,3744.21,3536.35,101,109,0.16,3913.03
64,2024-01-26,бытовая техника,3637.24,3884.43,108,674,0.333,4006.5
64,2024-01-27,бытовая техника,3429.24,3438.54,102,687,0.153,3914.06
64,2024-01-28,бытовая техника,3910.77,3816.82,107,197,0.258,3973.73
64,2024-01-29,бытовая техника,3835.57,3928.43,116,320,0.285,4018.72
64,2024-01-30,бытовая техника,3699.0,3691.89,80,359,0.11,3812.82
64,2024-01-31,бытовая техника,3813.8,3571.76,97,469,0.148,3892.88
64,2024-02-01,бытовая техника,3759.37,3660.95,85,383,0.338,3919.8
64,2024-02-02,бытовая техника,3987.95,3994.58,93,343,0.382,3967.67
64,2024-02-03,бытовая техника,3976.06,4123.7,89,790,0.2,3882.36
64,2024-02-04,бытовая техника,4238.87,4109.85,102,931,0.37,3997.49
64,2024-02-05,бытовая техника,4278.24,4182.52,84,88,0.133,3837.15
64,2024-02-06,бытовая техника,4102.91,4180.57,81,685,0.351,3909.53
64,2024-02-07,бытовая техника,4155.29,4008.64,99,329,0.146,3899.7
64,2024-02-08,бытовая техника,4454.59,4559.53,93,442,0.326,3946.03
64,2024-02-09,бытовая техника,4099.84,4261.46,75,880,0.17,3816.67
64,2024-02-10,бытовая техника,4132.84,4083.53,84,161,0.196,3861.29
64,2024-02-11,бытовая техника,3794.62,3888.15,97,277,0.364,3976.24
64,2024-02-12,бытовая техника,4084.25,4094.96,90,478,0.327,3934.75
64,2024-02-13,бытовая техника,4276.93,4218.19,88,855,0.329,3927.91
64,2024-02-14,бытовая техника,4175.07,4209.57,92,840,0.25,3912.78
64,2024-02-15,бытовая техника,3716.97,3439.24,116,693,0.127,3957.82
64,2024-02-16,бытовая техника,3984.33,3812.72,99,653,0.276,3949.99
64,2024-02-17,бытовая техника,3486.28,3623.97,130,679,0.289,4074.35
64,2024-02-18,бытовая техника,3707.84,3771.0,99,59,0.11,3886.08
64,2024-02-19,бытовая техника,3681.32,3583.46,109,899,0.228,3970.03
64,2024-02-20,бытовая техника,3114.29,3191.99,122,368,0.157,3992.46
64,2024-02-21,бытовая техника,3713.99,3711.48,104,419,0.159,3924.19
64,2024-02-22,бытовая техника,3330.09,3392.19,112,772,0.256,3992.38
64,2024-02-23,бытовая техника,3324.58,3294.9,105,539,0.186,3938.18
64,2024-02-24,бытовая техника,3686.64,3551.74,110,94,0.283,3994.94
64,2024-02-25,бытовая техника,3220.21,3137.95,122,637,0.383,4079.74
64,2024-02-26,бытовая техника,3486.6,3614.28,88,300,0.336,3930.71
64,2024-02-27,бытовая техника,3871.85,4068.46,98,382,0.157,3900.2
64,2024-02-28,бытовая техника,3777.98,3782.58,100,775,0.161,3909.35
64,2024-02-29,бытовая техника,4119.41,4148.11,105,308,0.154,3926.17
64,2024-03-01,бытовая техника,3670.53,3443.37,93,224,0.253,3917.88
64,2024-03-02,бытовая техника,3810.67,3720.55,84,615,0.156,3846.08
64,2024-03-03,бытовая техника,3994.23,4017.15,88,564,0.296,3915.33
64,2024-03-04,бытовая техника,4110.96,4150.7,78,279,0.273,3867.78
64,2024-03-05,бытовая техника,4558.93,4378.31,81,369,0.331,3901.87
64,2024-03-06,бытовая техника,4290.67,4422.69,81,927,0.33,3901.38
64,2024-03-07,бытовая техника,4401.62,4331.65,69,838,0.359,3866.52
64,2024-03-08,бытовая техника,4244.14,4180.19,102,472,0.295,3968.67
64,2024-03-09,бытовая техника,4531.28,4638.75,77,670,0.107,3800.3
64,2024-03-10,бытовая техника,4375.32,4426.73,100,213,0.333,3975.66
64,2024-03-11,бытовая техника,4336.64,4312.95,107,723,0.332,4002.36
64,2024-03-12,бытовая техника,4226.59,4595.4,76,650,0.321,3878.85
64,2024-03-13,бытовая техника,4132.31,4045.21,94,516,0.221,3909.67
64,2024-03-14,бытовая техника,3909.23,3833.56,98,482,0.105,3880.19
64,2024-03-15,бытовая техника,4126.73,4363.63,93,67,0.13,3870.83
64,2024-03-16,бытовая техника,3610.09,3720.83,86,782,0.11,3836.08
64,2024-03-17,бытовая техника,3795.66,3524.44,99,837,0.373,3987.37
64,2024-03-18,бытовая техника,3883.9,4009.23,105,237,0.154,3926.21
64,2024-03-19,бытовая техника,3333.59,2930.17,131,309,0.381,4113.53
64,2024-03-20,бытовая техника,3736.83,3694.26,109,522,0.329,4008.87
64,2024-03-21,бытовая техника,3734.2,3694.7,104,192,0.303,3979.61
64,2024-03-22,бытовая техника,3539.96,3473.44,97,970,0.346,3969.33
64,2024-03-23,бытовая техника,3703.68,3768.75,106,66,0.361,4009.69
64,2024-03-24,бытовая техника,3535.49,3385.22,121,173,0.254,4026.08
64,2024-03-25,бытовая техника,3519.95,3447.68,104,131,0.155,3922.67
64,2024-03-26,бытовая техника,3602.03,3521.54,143,388,0.303,4129.62
64,2024-03-27,бытовая техника,3702.91,3758.08,86,217,0.196,3869.08
64,2024-03-28,бытовая техника,3336.41,3242.2,103,868,0.204,3937.58
64,2024-03-29,бытовая техника,3731.08,3913.29,87,754,0.307,3915.72
64,2024-03-30,бытовая техника,3464.02,3344.02,116,281,0.31,4028.57
65,2024-01-01,бытовая техника,2769.54,2659.69,111,506,0.346,3053.45
65,2024-01-02,бытовая техника,2867.75,2772.4,104,140,0.151,2976.15
65,2024-01-03,бытовая техника,3224.5,3306.63,82,657,0.296,2954.22
65,2024-01-04,бытовая техника,3000.24,2984.58,113,829,0.114,2991.64
65,2024-01-05,бытовая техника,3107.86,3127.26,86,499,0.3,2966.97
65,2024-01-06,бытовая техника,3143.91,3239.34,100,571,0.163,2967.92
65,2024-01-07,бытовая техника,3010.44,3055.16,69,234,0.264,2907.02
65,2024-01-08,бытовая техника,3243.35,3265.73,68,88,0.214,2889.51
65,2024-01-09,бытовая техника,3102.53,3148.63,106,934,0.399,3054.31
65,2024-01-10,бытовая техника,3352.51,3459.05,74,547,0.284,2927.46
65,2024-01-11,бытовая техника,3054.46,3134.87,108,376,0.226,3009.77
65,2024-01-12,бытовая техника,3158.79,3178.16,76,275,0.217,2913.47
65,2024-01-13,бытовая техника,3151.88,3057.18,115,928,0.365,3070.62
65,2024-01-14,бытовая техника,3116.67,3226.46,94,79,0.344,3003.14
65,2024-01-15,бытовая техника,2893.5,3008.26,110,108,0.241,3019.88
65,2024-01-16,бытовая техника,2904.12,2973.79,111,828,0.324,3047.09
65,2024-01-17,бытовая техника,2647.76,2564.82,135,120,0.121,3057.84
65,2024-01-18,бытовая техника,2779.36,2696.19,109,704,0.224,3011.96
65,2024-01-19,бытовая техника,2721.28,2809.29,110,608,0.377,3059.56
65,2024-01-20,бытовая техника,2701.19,2750.23,103,320,0.16,2975.7
65,2024-01-21,бытовая техника,2700.85,2752.73,115,765,0.321,3057.84
65,2024-01-22,бытовая техника,2722.35,2733.06,106,800,0.309,3028.19
65,2024-01-23,бытовая техника,2713.43,2652.33,102,434,0.322,3020.3
65,2024-01-24,бытовая техника,2735.42,2752.4,104,158,0.135,2971.46
65,2024-01-25,бытовая техника,2503.28,2467.41,130,79,0.179,3060.2
65,2024-01-26,бытовая техника,2471.22,2575.01,112,177,0.267,3033.41
65,2024-01-27,бытовая техника,2721.78,2661.97,100,301,0.164,2968.13
65,2024-01-28,бытовая техника,2715.6,2794.98,109,92,0.223,3011.8
65,2024-01-29,бытовая техника,2797.78,2805.5,95,587,0.281,2987.7
65,2024-01-30,бытовая техника,3013.9,3025.28,97,251,0.19,2967.02
65,2024-01-31,бытовая техника,2777.18,2839.63,106,788,0.151,2981.84
65,2024-02-01,бытовая техника,2983.58,2983.12,101,37,0.191,2978.98
65,2024-02-02,бытовая техника,3097.07,3131.47,108,904,0.285,3026.82
65,2024-02-03,бытовая техника,3006.58,2965.64,104,693,0.265,3009.25
65,2024-02-04,бытовая техника,3086.47,3161.4,73,564,0.107,2872.58
65,2024-02-05,бытовая техника,3469.57,3492.86,99,108,0.224,2982.68
65,2024-02-06,бытовая техника,3080.97,3092.77,82,53,0.248,2940.18
65,2024-02-07,бытовая техника,3337.5,3206.11,90,830,0.363,2997.09
65,2024-02-08,бытовая техника,3229.79,3234.4,77,266,0.218,2916.86
65,2024-02-09,бытовая техника,3124.69,3124.55,81,503,0.126,2901.64
65,2024-02-10,бытовая техника,3176.68,3180.0,88,765,0.261,2961.36
65,2024-02-11,бытовая техника,3230.74,3164.7,107,565,0.327,3036.38
65,2024-02-12,бытовая техника,2813.34,2821.19,99,566,0.383,3029.27
65,2024-02-13,бытовая техника,2842.23,2838.96,111,35,0.273,3032.07
65,2024-02-14,бытовая техника,2784.95,2866.33,109,813,0.2,3005.11
65,2024-02-15,бытовая техника,2778.07,2681.97,116,596,0.191,3022.9
65,2024-02-16,бытовая техника,2965.56,3033.67,85,728,0.256,2951.25
65,2024-02-17,бытовая техника,2749.02,2671.84,100,632,0.285,3003.69
65,2024-02-18,бытовая техника,2750.44,2861.46,94,134,0.176,2954.18
65,2024-02-19,бытовая техника,2488.35,2449.68,114,71,0.226,3027.13
65,2024-02-20,бытовая техника,2683.18,2630.35,86,506,0.22,2943.8
65,2024-02-21,бытовая техника,2697.46,2660.5,130,154,0.207,3068.39
65,2024-02-22,бытовая техника,2521.8,2511.22,116,751,0.223,3032.24
65,2024-02-23,бытовая техника,2503.91,2449.94,120,272,0.358,3083.33
65,2024-02-24,бытовая техника,2438.1,2402.7,125,69,0.204,3052.81
65,2024-02-25,бытовая техника,2419.28,2297.66,123,86,0.258,3062.97
65,2024-02-26,бытовая техника,2716.9,2849.33,101,865,0.363,3029.28
65,2024-02-27,бытовая техника,2580.21,2560.63,114,185,0.165,3009.37
65,2024-02-28,бытовая техника,2807.68,2849.61,89,664,0.296,2974.57
65,2024-02-29,бытовая техника,3019.32,3010.44,94,181,0.396,3018.43
65,2024-03-01,бытовая техника,3026.19,3020.0,88,247,0.146,2927.82
65,2024-03-02,бытовая техника,3186.12,3252.53,76,969,0.304,2939.16
65,2024-03-03,бытовая техника,3013.87,2990.36,117,310,0.259,3045.61
65,2024-03-04,бытовая техника,3128.44,3183.25,99,699,0.378,3027.88
65,2024-03-05,бытовая техника,2929.82,2873.29,82,314,0.36,2972.83
65,2024-03-06,бытовая техника,3199.5,3297.38,92,387,0.334,2994.48
65,2024-03-07,бытовая техника,3227.79,3110.65,91,195,0.126,2930.81
65,2024-03-08,бытовая техника,3542.71,3572.19,62,832,0.151,2853.37
65,2024-03-09,бытовая техника,3179.76,3139.87,98,196,0.212,2976.32
65,2024-03-10,бытовая техника,3455.59,3304.12,73,106,0.118,2876.01
65,2024-03-11,бытовая техника,3084.24,3077.18,81,832,0.328,2960.48
65,2024-03-12,бытовая техника,3191.2,3121.44,94,881,0.376,3012.54
65,2024-03-13,бытовая техника,2933.07,2897.04,93,237,0.309,2990.23
65,2024-03-14,бытовая техника,2809.42,2793.59,106,704,0.37,3045.95
65,2024-03-15,бытовая техника,2929.33,2956.14,89,879,0.345,2988.99
65,2024-03-16,бытовая техника,3015.32,3018.29,94,702,0.104,2933.16
65,2024-03-17,бытовая техника,2810.68,2695.6,117,931,0.394,3085.13
65,2024-03-18,бытовая техника,2997.93,2895.18,101,744,0.283,3005.76
65,2024-03-19,бытовая техника,2824.74,2885.8,90,957,0.228,2957.65
65,2024-03-20,бытовая техника,2774.17,2820.27,97,13,0.217,2974.9
65,2024-03-21,бытовая техника,2758.48,2759.85,107,636,0.116,2974.5
65,2024-03-22,бытовая техника,2644.37,2601.39,99,262,0.392,3031.78
65,2024-03-23,бытовая техника,2615.33,2650.13,99,509,0.304,3006.03
65,2024-03-24,бытовая техника,2715.49,2760.2,98,610,0.224,2979.98
65,2024-03-25,бытовая техника,2748.6,2654.25,113,314,0.175,3009.38
65,2024-03-26,бытовая техника,2610.38,2575.42,119,805,0.13,3013.87
65,2024-03-27,бытовая техника,2400.12,2376.05,114,659,0.18,3013.83
65,2024-03-28,бытовая техника,2801.46,2839.79,108,525,0.238,3013.29
65,2024-03-29,бытовая техника,2571.61,2473.61,122,777,0.33,3080.98
65,2024-03-30,бытовая техника,2814.95,2832.26,111,832,0.226,3018.46
66,2024-01-01,аксессуары,1903.99,1930.84,89,524,0.365,1919.02
66,2024-01-02,аксессуары,1945.72,1876.56,97,342,0.177,1898.72
66,2024-01-03,аксессуары,1984.29,2013.2,81,19,0.353,1901.83
66,2024-01-04,аксессуары,2127.42,2076.19,88,891,0.159,1878.67
66,2024-01-05,аксессуары,2064.69,2034.05,99,870,0.321,1929.48
66,2024-01-06,аксессуары,2027.43,1968.23,87,37,0.191,1882.72
66,2024-01-07,аксессуары,2162.07,2138.49,78,285,0.125,1853.5
66,2024-01-08,аксессуары,2208.78,2354.26,81,420,0.182,1869.75
66,2024-01-09,аксессуары,2078.19,2099.91,91,256,0.284,1907.67
66,2024-01-10,аксессуары,1948.35,1877.31,105,677,0.152,1909.05
66,2024-01-11,аксессуары,1927.82,1953.11,97,613,0.322,1925.87
66,2024-01-12,аксессуары,2045.82,1988.05,101,402,0.288,1927.14
66,2024-01-13,аксессуары,2026.94,1983.84,75,88,0.251,1871.56
66,2024-01-14,аксессуары,1974.77,2014.76,93,622,0.24,1903.02
66,2024-01-15,аксессуары,1646.32,1612.75,96,590,0.156,1893.08
66,2024-01-16,аксессуары,1759.41,1771.52,112,310,0.195,1930.29
66,2024-01-17,аксессуары,1672.23,1709.85,104,995,0.288,1932.62
66,2024-01-18,аксессуары,1819.44,1837.61,107,732,0.156,1913.63
66,2024-01-19,аксессуары,1851.18,1821.28,115,494,0.19,1934.97
66,2024-01-20,аксессуары,1650.58,1646.54,111,392,0.15,1920.03
66,2024-01-21,аксессуары,1790.47,1717.9,107,891,0.105,1904.08
66,2024-01-22,аксессуары,1895.37,1865.46,103,402,0.194,1913.29
66,2024-01-23,аксессуары,1838.06,1780.77,94,906,0.107,1880.18
66,2024-01-24,аксессуары,1688.93,1627.36,112,734,0.103,1913.05
66,2024-01-25,аксессуары,1719.02,1709.27,104,243,0.161,1908.88
66,2024-01-26,аксессуары,1690.47,1693.1,116,970,0.274,1952.57
66,2024-01-27,аксессуары,1633.34,1543.49,119,239,0.245,1952.62
66,2024-01-28,аксессуары,1602.32,1676.82,109,644,0.193,1924.25
66,2024-01-29,аксессуары,1560.33,1527.13,106,861,0.129,1906.63
66,2024-01-30,аксессуары,1881.0,1850.86,102,850,0.183,1909.31
66,2024-01-31,аксессуары,1793.18,1763.75,108,200,0.141,1912.71
66,2024-02-01,аксессуары,2093.56,2108.58,85,446,0.3,1899.33
66,2024-02-02,аксессуары,2045.58,2088.96,96,825,0.383,1935.4
66,2024-02-03,аксессуары,1856.91,1724.33,96,177,0.293,1918.65
66,2024-02-04,аксессуары,1888.13,1915.0,99,685,0.154,1898.29
66,2024-02-05,аксессуары,2049.34,2031.91,81,824,0.228,1878.46
66,2024-02-06,аксессуары,2029.33,2028.79,108,510,0.332,1948.38
66,2024-02-07,аксессуары,2157.24,2163.03,86,712,0.299,1901.11
66,2024-02-08,аксессуары,2156.69,2158.45,97,113,0.358,1932.71
66,2024-02-09,аксессуары,1927.54,2006.29,99,226,0.221,1910.76
66,2024-02-10,аксессуары,2017.84,1996.38,97,735,0.27,1916.26
66,2024-02-11,аксессуары,1904.21,1961.98,77,381,0.346,1893.03
66,2024-02-12,аксессуары,1966.42,1893.01,109,224,0.233,1931.76
66,2024-02-13,аксессуары,1932.32,1995.91,93,773,0.251,1905.14
66,2024-02-14,аксессуары,1855.66,1860.4,93,695,0.327,1919.43
66,2024-02-15,аксессуары,1940.24,2036.7,89,616,0.32,1910.53
66,2024-02-16,аксессуары,1790.17,1704.4,109,69,0.357,1954.85
66,2024-02-17,аксессуары,1800.45,1759.91,120,324,0.246,1954.67
66,2024-02-18,аксессуары,1880.08,1797.22,110,992,0.256,1937.88
66,2024-02-19,аксессуары,1850.85,1931.72,86,716,0.158,1874.71
66,2024-02-20,аксессуары,1768.56,1764.04,87,896,0.329,1908.51
66,2024-02-21,аксессуары,1723.28,1704.92,103,640,0.182,1911.01
66,2024-02-22,аксессуары,1807.37,1752.47,97,347,0.269,1916.01
66,2024-02-23,аксессуары,1701.63,1708.71,109,331,0.312,1946.59
66,2024-02-24,аксессуары,1606.18,1638.9,114,167,0.1,1916.23
66,2024-02-25,аксессуары,1599.25,1580.75,109,635,0.353,1954.23
66,2024-02-26,аксессуары,1571.41,1710.42,102,696,0.352,1940.98
66,2024-02-27,аксессуары,1790.24,1784.13,110,924,0.127,1913.7
66,2024-02-28,аксессуары,1695.91,1618.98,115,885,0.297,1954.93
66,2024-02-29,аксессуары,1828.88,1772.61,102,376,0.255,1922.82
66,2024-03-01,аксессуары,2005.02,2038.51,87,823,0.352,1912.88
66,2024-03-02,аксессуары,2010.7,2123.67,87,12,0.311,1905.18
66,2024-03-03,аксессуары,2007.06,2038.63,106,841,0.108,1902.67
66,2024-03-04,аксессуары,2147.17,2136.97,71,695,0.352,1882.84
66,2024-03-05,аксессуары,1928.76,1907.59,110,796,0.205,1928.33
66,2024-03-06,аксессуары,2208.48,2161.04,88,524,0.197,1885.71
66,2024-03-07,аксессуары,2051.34,2037.34,102,428,0.369,1944.13
66,2024-03-08,аксессуары,2014.85,2021.35,84,262,0.292,1896.07
66,2024-03-09,аксессуары,2111.51,2074.67,94,636,0.281,1912.66
66,2024-03-10,аксессуары,2030.65,2073.28,94,153,0.305,1917.07
66,2024-03-11,аксессуары,2081.63,2144.06,79,766,0.259,1880.55
66,2024-03-12,аксессуары,2061.03,2050.08,88,631,0.339,1912.23
66,2024-03-13,аксессуары,1913.7,1903.0,81,442,0.117,1857.69
66,2024-03-14,аксессуары,1886.22,1874.76,98,885,0.217,1908.15
66,2024-03-15,аксессуары,1899.92,1756.38,101,945,0.205,1911.44
66,2024-03-16,аксессуары,1863.73,1774.57,86,683,0.312,1903.48
66,2024-03-17,аксессуары,1878.5,1939.91,81,961,0.122,1858.66
66,2024-03-18,аксессуары,1798.9,1718.68,104,304,0.37,1948.03
66,2024-03-19,аксессуары,1774.21,1720.63,127,394,0.202,1959.69
66,2024-03-20,аксессуары,1699.92,1752.86,112,368,0.259,1942.28
66,2024-03-21,аксессуары,1758.32,1752.01,109,585,0.165,1919.03
66,2024-03-22,аксессуары,1797.69,1761.87,111,157,0.222,1933.41
66,2024-03-23,аксессуары,1632.86,1573.06,125,474,0.295,1973.27
66,2024-03-24,аксессуары,1675.25,1804.4,89,762,0.129,1874.76
66,2024-03-25,аксессуары,1751.87,1716.85,102,530,0.201,1912.7
66,2024-03-26,аксессуары,1734.59,1697.17,106,925,0.258,1930.88
66,2024-03-27,аксессуары,1761.83,1846.28,84,877,0.316,1900.53
66,2024-03-28,аксессуары,1850.58,1918.85,102,916,0.165,1905.99
66,2024-03-29,аксессуары,1648.86,1597.01,104,438,0.208,1917.7
66,2024-03-30,аксессуары,1914.87,1826.29,115,881,0.359,1966.57
67,2024-01-01,бытовая техника,457.92,436.22,121,310,0.131,517.71
67,2024-01-02,бытовая техника,496.19,512.63,96,243,0.253,511.32
67,2024-01-03,бытовая техника,578.05,559.99,92,960,0.362,514.78
67,2024-01-04,бытовая техника,535.33,543.01,97,426,0.169,507.64
67,2024-01-05,бытовая техника,539.28,576.69,69,794,0.169,493.61
67,2024-01-06,бытовая техника,548.09,516.16,84,624,0.302,507.75
67,2024-01-07,бытовая техника,543.54,541.37,96,912,0.223,509.8
67,2024-01-08,бытовая техника,518.09,494.02,97,568,0.388,518.56
67,2024-01-09,бытовая техника,562.75,548.2,93,500,0.189,506.62
67,2024-01-10,бытовая техника,561.68,572.56,90,951,0.284,509.86
67,2024-01-11,бытовая техника,558.41,569.92,82,536,0.219,502.61
67,2024-01-12,бытовая техника,514.9,518.38,87,365,0.334,510.89
67,2024-01-13,бытовая техника,522.3,517.41,100,112,0.104,505.85
67,2024-01-14,бытовая техника,549.41,539.82,90,425,0.39,515.19
67,2024-01-15,бытовая техника,493.88,483.88,105,851,0.126,509.46
67,2024-01-16,бытовая техника,488.97,497.33,88,552,0.199,504.63
67,2024-01-17,бытовая техника,493.3,497.8,102,217,0.278,515.57
67,2024-01-18,бытовая техника,479.98,452.87,107,832,0.173,512.83
67,2024-01-19,бытовая техника,534.47,554.97,76,731,0.286,502.94
67,2024-01-20,бытовая техника,458.5,474.23,108,858,0.306,519.97
67,2024-01-21,бытовая техника,474.24,500.89,114,976,0.135,514.44
67,2024-01-22,бытовая техника,432.74,415.78,121,601,0.102,516.26
67,2024-01-23,бытовая техника,432.31,426.17,111,374,0.164,514.39
67,2024-01-24,бытовая техника,373.99,423.08,104,804,0.153,510.33
67,2024-01-25,бытовая техника,487.27,464.97,99,930,0.169,508.6
67,2024-01-26,бытовая техника,461.83,434.64,118,766,0.264,522.87
67,2024-01-27,бытовая техника,460.3,480.09,94,771,0.15,505.15
67,2024-01-28,бытовая техника,495.8,496.66,91,261,0.142,503.28
67,2024-01-29,бытовая техника,459.78,477.42,120,828,0.255,523.43
67,2024-01-30,бытовая техника,491.38,502.83,98,235,0.322,515.8
67,2024-01-31,бытовая техника,491.39,476.16,96,285,0.36,516.65
67,2024-02-01,бытовая техника,508.84,533.75,81,978,0.275,504.91
67,2024-02-02,бытовая техника,555.19,580.48,82,76,0.286,505.96
67,2024-02-03,бытовая техника,539.31,517.26,112,580,0.31,522.18
67,2024-02-04,бытовая техника,585.4,578.94,88,443,0.32,510.66
67,2024-02-05,бытовая техника,543.5,548.4,91,867,0.337,513.02
67,2024-02-06,бытовая техника,535.46,544.13,108,89,0.353,522.35
67,2024-02-07,бытовая техника,546.82,526.66,82,316,0.28,505.68
67,2024-02-08,бытовая техника,565.04,592.38,58,358,0.391,499.2
67,2024-02-09,бытовая техника,578.58,575.21,79,617,0.338,507.05
67,2024-02-10,бытовая техника,483.78,497.05,87,60,0.324,510.35
67,2024-02-11,бытовая техника,559.37,548.47,94,238,0.342,514.79
67,2024-02-12,бытовая техника,554.8,561.43,96,597,0.254,511.36
67,2024-02-13,бытовая техника,486.3,474.43,109,603,0.186,514.47
67,2024-02-14,бытовая техника,520.05,521.22,107,195,0.346,521.46
67,2024-02-15,бытовая техника,491.99,484.96,92,264,0.205,506.92
67,2024-02-16,бытовая техника,503.83,520.75,100,929,0.15,508.18
67,2024-02-17,бытовая техника,514.91,508.72,105,903,0.354,520.89
67,2024-02-18,бытовая техника,467.68,453.56,122,383,0.269,525.16
67,2024-02-19,бытовая техника,460.91,459.97,103,309,0.137,509.02
67,2024-02-20,бытовая техника,482.49,468.45,112,20,0.203,516.82
67,2024-02-21,бытовая техника,440.58,420.03,142,359,0.377,540.54
67,2024-02-22,бытовая техника,464.16,512.45,100,621,0.164,508.87
67,2024-02-23,бытовая техника,456.76,452.33,113,661,0.184,516.35
67,2024-02-24,бытовая техника,457.01,450.62,106,141,0.253,516.32
67,2024-02-25,бытовая техника,457.07,477.67,92,980,0.193,506.33
67,2024-02-26,бытовая техника,467.87,463.67,88,912,0.329,511.12
67,2024-02-27,бытовая техника,477.32,447.34,110,690,0.295,520.45
67,2024-02-28,бытовая техника,493.92,512.17,79,719,0.304,505.35
67,2024-02-29,бытовая техника,456.39,444.6,100,253,0.244,512.85
67,2024-03-01,бытовая техника,499.67,497.24,93,26,0.119,503.09
67,2024-03-02,бытовая техника,517.19,525.6,92,807,0.26,509.66
67,2024-03-03,бытовая техника,526.27,533.67,92,537,0.119,502.6
67,2024-03-04,бытовая техника,526.52,528.37,95,142,0.264,511.35
67,2024-03-05,бытовая техника,549.61,542.86,77,517,0.388,508.55
67,2024-03-06,бытовая техника,513.44,479.55,96,443,0.185,507.91
67,2024-03-07,бытовая техника,540.49,532.12,91,954,0.124,502.37
67,2024-03-08,бытовая техника,547.71,527.62,104,348,0.213,513.31
67,2024-03-09,бытовая техника,549.7,527.96,117,22,0.295,523.95
67,2024-03-10,бытовая техника,519.73,516.15,104,427,0.329,519.14
67,2024-03-11,бытовая техника,544.26,527.23,88,765,0.245,506.9
67,2024-03-12,бытовая техника,523.1,542.47,93,139,0.155,504.9
67,2024-03-13,бытовая техника,547.33,544.88,87,33,0.258,507.07
67,2024-03-14,бытовая техника,509.55,496.11,115,436,0.14,515.16
67,2024-03-15,бытовая техника,575.9,601.97,73,448,0.204,497.34
67,2024-03-16,бытовая техника,524.33,523.09,73,858,0.186,496.44
67,2024-03-17,бытовая техника,478.18,469.78,129,74,0.119,521.13
67,2024-03-18,бытовая техника,449.39,455.71,94,501,0.307,513.02
67,2024-03-19,бытовая техника,490.14,494.42,98,97,0.124,505.88
67,2024-03-20,бытовая техника,462.97,471.11,117,963,0.197,519.03
67,2024-03-21,бытовая техника,468.0,454.29,106,181,0.381,522.72
67,2024-03-22,бытовая техника,412.96,378.25,117,188,0.397,529.04
67,2024-03-23,бытовая техника,436.43,461.54,95,433,0.187,507.53
67,2024-03-24,бытовая техника,479.32,503.58,105,790,0.294,517.86
67,2024-03-25,бытовая техника,444.12,451.03,102,705,0.151,509.23
67,2024-03-26,бытовая техника,464.0,471.7,107,48,0.348,521.59
67,2024-03-27,бытовая техника,447.97,438.2,120,144,0.268,524.08
67,2024-03-28,бытовая техника,491.55,496.14,90,742,0.227,506.99
67,2024-03-29,бытовая техника,496.97,513.85,90,199,0.314,511.35
67,2024-03-30,бытовая техника,486.16,485.55,126,101,0.239,525.64
68,2024-01-01,аксессуары,4047.97,3989.76,104,584,0.378,4046.92
68,2024-01-02,аксессуары,4351.95,4310.38,83,502,0.328,3945.69
68,2024-01-03,аксессуары,4086.18,4081.41,78,680,0.282,3908.48
68,2024-01-04,аксессуары,3916.11,3604.84,136,780,0.308,4143.82
68,2024-01-05,аксессуары,3965.56,4084.04,100,33,0.171,3950.83
68,2024-01-06,аксессуары,4106.99,4196.82,109,907,0.345,4053.23
68,2024-01-07,аксессуары,4043.53,4063.05,92,885,0.252,3951.22
68,2024-01-08,аксессуары,4247.48,4015.35,96,419,0.126,3917.92
68,2024-01-09,аксессуары,4144.59,4143.18,76,473,0.287,3902.79
68,2024-01-10,аксессуары,4258.9,4304.52,97,497,0.242,3966.85
68,2024-01-11,аксессуары,4314.55,4427.74,94,554,0.394,4014.07
68,2024-01-12,аксессуары,4145.05,4223.09,101,501,0.251,3985.91
68,2024-01-13,аксессуары,3745.29,3567.65,84,945,0.291,3935.27
68,2024-01-14,аксессуары,4128.96,4223.77,105,409,0.365,4045.59
68,2024-01-15,аксессуары,4191.3,4152.88,78,875,0.136,3851.77
68,2024-01-16,аксессуары,3722.26,3748.42,109,710,0.156,3980.12
68,2024-01-17,аксессуары,3537.18,3344.25,107,965,0.157,3972.53
68,2024-01-18,аксессуары,3220.31,3036.92,132,195,0.159,4070.64
68,2024-01-19,аксессуары,3868.11,3797.39,97,438,0.275,3979.54
68,2024-01-20,аксессуары,3389.04,3215.74,96,630,0.346,4003.18
68,2024-01-21,аксессуары,3410.06,3361.13,110,788,0.355,4061.13
68,2024-01-22,аксессуары,3535.39,3537.73,104,235,0.277,4007.49
68,2024-01-23,аксессуары,3333.95,3499.55,122,550,0.18,4039.82
68,2024-01-24,аксессуары,3501.62,3533.14,111,200,0.106,3968.19
68,2024-01-25,аксессуары,3378.68,3413.79,113,655,0.372,4079.27
68,2024-01-26,аксессуары,3498.41,3517.94,87,444,0.312,3955.16
68,2024-01-27,аксессуары,3561.71,3553.92,101,267,0.18,3958.32
68,2024-01-28,аксессуары,3507.41,3655.08,105,206,0.203,3982.77
68,2024-01-29,аксессуары,4027.41,3890.04,94,940,0.226,3948.96
68,2024-01-30,аксессуары,3736.78,3552.66,96,367,0.26,3970.03
68,2024-01-31,аксессуары,3674.15,3724.98,101,502,0.311,4009.01
68,2024-02-01,аксессуары,3916.56,3978.39,86,609,0.239,3922.72
68,2024-02-02,аксессуары,3705.06,3678.31,114,332,0.303,4056.69
68,2024-02-03,аксессуары,4025.5,4100.85,83,214,0.268,3922.52
68,2024-02-04,аксессуары,4276.38,4392.83,97,107,0.243,3967.08
68,2024-02-05,аксессуары,4169.3,4301.37,72,333,0.243,3870.15
68,2024-02-06,аксессуары,4295.55,4397.9,74,199,0.123,3831.19
68,2024-02-07,аксессуары,4229.45,4197.18,93,115,0.238,3949.79
68,2024-02-08,аксессуары,4256.73,4246.58,81,152,0.204,3890.03
68,2024-02-09,аксессуары,4528.17,4375.25,98,489,0.238,3968.91
68,2024-02-10,аксессуары,4197.57,4214.82,96,631,0.141,3923.58
68,2024-02-11,аксессуары,4188.08,4338.64,87,234,0.277,3941.58
68,2024-02-12,аксессуары,4121.02,4247.6,115,145,0.371,4086.93
68,2024-02-13,аксессуары,4048.16,4048.05,101,590,0.31,4008.77
68,2024-02-14,аксессуары,4217.43,4189.86,105,417,0.206,3983.99
68,2024-02-15,аксессуары,3951.04,4085.57,90,391,0.332,3974.53
68,2024-02-16,аксессуары,3983.66,4074.21,96,681,0.286,3980.04
68,2024-02-17,аксессуары,3723.54,3915.33,102,364,0.344,4025.96
68,2024-02-18,аксессуары,3869.95,4171.52,80,602,0.186,3879.09
68,2024-02-19,аксессуары,3439.65,3379.45,111,442,0.267,4030.94
68,2024-02-20,аксессуары,3043.67,3168.29,129,18,0.159,4058.74
68,2024-02-21,аксессуары,3246.33,3154.15,130,795,0.184,4072.5
68,2024-02-22,аксессуары,3783.49,3797.8,88,654,0.366,3980.09
68,2024-02-23,аксессуары,3436.72,3381.35,113,593,0.302,4052.36
68,2024-02-24,аксессуары,3523.76,3353.21,117,581,0.275,4057.41
68,2024-02-25,аксессуары,3510.68,3533.55,117,700,0.347,4085.29
68,2024-02-26,аксессуары,3471.21,3384.49,109,618,0.288,4031.2
68,2024-02-27,аксессуары,3937.6,3775.04,120,439,0.343,4095.33
68,2024-02-28,аксессуары,3791.36,3695.05,104,700,0.291,4012.82
68,2024-02-29,аксессуары,3925.65,3845.33,93,854,0.23,3946.63
68,2024-03-01,аксессуары,4013.46,3593.05,110,648,0.307,4042.55
68,2024-03-02,аксессуары,3505.02,3519.11,111,81,0.27,4032.0
68,2024-03-03,аксессуары,3978.26,3927.72,113,738,0.353,4072.08
68,2024-03-04,аксессуары,3809.93,4008.94,100,560,0.324,4010.15
68,2024-03-05,аксессуары,4311.3,4279.06,84,736,0.275,3929.12
68,2024-03-06,аксессуары,4045.53,4060.7,90,736,0.143,3901.23
68,2024-03-07,аксессуары,4222.87,3998.52,73,523,0.375,3925.1
68,2024-03-08,аксессуары,4523.54,4569.32,91,989,0.184,3921.12
68,2024-03-09,аксессуары,3924.99,3788.81,101,48,0.131,3939.26
68,2024-03-10,аксессуары,4002.5,4015.97,103,682,0.139,3950.23
68,2024-03-11,аксессуары,4290.02,4186.21,95,122,0.364,4006.28
68,2024-03-12,аксессуары,4199.67,4174.36,110,808,0.287,4034.68
68,2024-03-13,аксессуары,4365.54,4316.42,87,47,0.367,3976.43
68,2024-03-14,аксессуары,4122.61,4305.7,87,830,0.196,3910.1
68,2024-03-15,аксессуары,4029.82,4039.31,109,871,0.152,3978.33
68,2024-03-16,аксессуары,4364.88,4351.81,74,293,0.262,3885.04
68,2024-03-17,аксессуары,3768.23,3622.3,100,557,0.204,3963.74
68,2024-03-18,аксессуары,3658.69,3478.29,121,155,0.267,4069.9
68,2024-03-19,аксессуары,3686.69,3584.03,109,888,0.17,3985.47
68,2024-03-20,аксессуары,3855.89,3683.31,105,954,0.102,3943.55
68,2024-03-21,аксессуары,3274.7,3209.64,115,66,0.265,4045.45
68,2024-03-22,аксессуары,3641.77,3475.8,112,821,0.187,4003.58
68,2024-03-23,аксессуары,3594.79,3815.04,103,279,0.355,4033.79
68,2024-03-24,аксессуары,3477.03,3560.76,100,187,0.163,3947.58
68,2024-03-25,аксессуары,3673.17,3685.32,93,123,0.353,3994.49
68,2024-03-26,аксессуары,3319.71,3318.9,108,289,0.247,4011.49
68,2024-03-27,аксессуары,3885.84,3906.44,84,42,0.152,3881.45
68,2024-03-28,аксессуары,3728.97,3871.69,93,216,0.256,3956.54
68,2024-03-29,аксессуары,3850.02,3751.81,96,353,0.139,3922.78
68,2024-03-30,аксессуары,3708.8,3512.23,98,453,0.27,3981.51
69,2024-01-01,бытовая техника,1519.06,1497.45,111,34,0.285,1552.95
69,2024-01-02,бытовая техника,1466.18,1418.49,91,417,0.278,1522.07
69,2024-01-03,бытовая техника,1564.86,1583.67,94,729,0.164,1509.48
69,2024-01-04,бытовая техника,1518.06,1556.77,93,226,0.397,1542.83
69,2024-01-05,бытовая техника,1612.2,1573.08,106,731,0.182,1530.12
69,2024-01-06,бытовая техника,1701.31,1673.64,89,680,0.166,1502.27
69,2024-01-07,бытовая техника,1636.34,1623.61,82,668,0.317,1514.35
69,2024-01-08,бытовая техника,1739.65,1787.1,86,547,0.313,1519.78
69,2024-01-09,бытовая техника,1699.13,1689.72,66,49,0.194,1472.1
69,2024-01-10,бытовая техника,1677.29,1634.28,91,545,0.34,1531.26
69,2024-01-11,бытовая техника,1575.17,1533.94,94,438,0.199,1514.61
69,2024-01-12,бытовая техника,1562.52,1518.45,94,586,0.198,1514.48
69,2024-01-13,бытовая техника,1549.15,1520.59,103,753,0.273,1539.14
69,2024-01-14,бытовая техника,1439.44,1347.02,122,14,0.312,1573.32
69,2024-01-15,бытовая техника,1443.69,1468.83,93,685,0.374,1539.39
69,2024-01-16,бытовая техника,1589.08,1601.49,85,476,0.116,1488.89
69,2024-01-17,бытовая техника,1418.09,1412.17,116,630,0.315,1564.9
69,2024-01-18,бытовая техника,1491.32,1586.58,102,617,0.25,1534.24
69,2024-01-19,бытовая техника,1435.18,1467.99,105,696,0.11,1517.86
69,2024-01-20,бытовая техника,1367.84,1351.91,99,759,0.239,1528.11
69,2024-01-21,бытовая техника,1330.44,1313.08,118,436,0.326,1569.45
69,2024-01-22,бытовая техника,1327.05,1284.11,124,647,0.351,1582.28
69,2024-01-23,бытовая техника,1360.46,1343.47,99,979,0.121,1510.57
69,2024-01-24,бытовая техника,1386.94,1359.33,106,236,0.398,1562.35
69,2024-01-25,бытовая техника,1476.37,1574.74,98,343,0.28,1532.8
69,2024-01-26,бытовая техника,1365.24,1313.82,101,931,0.306,1541.06
69,2024-01-27,бытовая техника,1459.17,1488.83,99,63,0.157,1515.82
69,2024-01-28,бытовая техника,1348.44,1306.11,101,859,0.274,1536.28
69,2024-01-29,бытовая техника,1421.73,1384.71,117,855,0.263,1558.61
69,2024-01-30,бытовая техника,1421.79,1365.19,120,892,0.162,1547.94
69,2024-01-31,бытовая техника,1613.01,1658.07,104,377,0.321,1547.79
69,2024-02-01,бытовая техника,1649.71,1661.0,98,397,0.138,1511.56
69,2024-02-02,бытовая техника,1644.87,1664.76,80,188,0.342,1515.08
69,2024-02-03,бытовая техника,1642.58,1605.38,78,997,0.347,1512.92
69,2024-02-04,бытовая техника,1574.04,1553.36,98,608,0.216,1523.18
69,2024-02-05,бытовая техника,1705.7,1667.29,69,822,0.293,1491.41
69,2024-02-06,бытовая техника,1708.14,1752.64,74,408,0.105,1470.71
69,2024-02-07,бытовая техника,1682.23,1768.86,64,756,0.107,1456.1
69,2024-02-08,бытовая техника,1617.21,1661.6,76,177,0.269,1498.22
69,2024-02-09,бытовая техника,1537.76,1443.25,108,611,0.391,1564.35
69,2024-02-10,бытовая техника,1648.92,1685.3,84,606,0.358,1523.48
69,2024-02-11,бытовая техника,1555.01,1504.34,100,15,0.309,1540.01
69,2024-02-12,бытовая техника,1449.57,1459.86,104,798,0.336,1550.02
69,2024-02-13,бытовая техника,1599.86,1615.89,84,702,0.359,1523.71
69,2024-02-14,бытовая техника,1530.83,1554.95,104,763,0.214,1531.81
69,2024-02-15,бытовая техника,1525.2,1554.0,106,403,0.128,1521.98
69,2024-02-16,бытовая техника,1427.44,1437.96,119,711,0.33,1571.59
69,2024-02-17,бытовая техника,1509.71,1492.0,105,183,0.202,1531.58
69,2024-02-18,бытовая техника,1569.38,1543.82,92,285,0.272,1522.57
69,2024-02-19,бытовая техника,1386.47,1377.02,117,357,0.382,1576.33
69,2024-02-20,бытовая техника,1335.77,1337.99,102,11,0.105,1512.64
69,2024-02-21,бытовая техника,1371.03,1344.45,115,173,0.195,1545.51
69,2024-02-22,бытовая техника,1261.22,1152.76,133,786,0.16,1567.1
69,2024-02-23,бытовая техника,1146.57,1138.94,103,210,0.205,1528.97
69,2024-02-24,бытовая техника,1446.03,1417.27,96,397,0.38,1544.65
69,2024-02-25,бытовая техника,1223.22,1217.15,109,924,0.389,1565.49
69,2024-02-26,бытовая техника,1358.24,1369.73,109,752,0.309,1553.46
69,2024-02-27,бытовая техника,1342.88,1281.32,115,575,0.391,1574.71
69,2024-02-28,бытовая техника,1474.94,1515.41,103,374,0.368,1553.35
69,2024-02-29,бытовая техника,1426.58,1375.21,101,923,0.394,1554.23
69,2024-03-01,бытовая техника,1621.59,1609.31,92,983,0.286,1524.62
69,2024-03-02,бытовая техника,1556.7,1618.07,94,97,0.139,1505.77
69,2024-03-03,бытовая техника,1557.68,1598.72,80,939,0.108,1480.14
69,2024-03-04,бытовая техника,1638.95,1634.87,75,80,0.336,1506.79
69,2024-03-05,бытовая техника,1638.61,1668.95,92,508,0.269,1522.09
69,2024-03-06,бытовая техника,1785.9,1833.22,99,498,0.159,1516.11
69,2024-03-07,бытовая техника,1495.41,1497.36,99,171,0.248,1529.47
69,2024-03-08,бытовая техника,1592.25,1595.98,72,838,0.36,1505.88
69,2024-03-09,бытовая техника,1726.58,1735.77,79,251,0.27,1502.84
69,2024-03-10,бытовая техника,1563.74,1557.31,123,739,0.296,1572.52
69,2024-03-11,бытовая техника,1567.49,1534.88,92,789,0.361,1535.86
69,2024-03-12,бытовая техника,1629.71,1645.9,83,369,0.105,1484.21
69,2024-03-13,бытовая техника,1567.93,1591.09,82,43,0.268,1507.08
69,2024-03-14,бытовая техника,1489.19,1474.12,103,397,0.302,1543.55
69,2024-03-15,бытовая техника,1554.43,1474.56,97,266,0.132,1509.2
69,2024-03-16,бытовая техника,1472.78,1374.53,115,54,0.399,1575.88
69,2024-03-17,бытовая техника,1445.32,1394.6,103,858,0.367,1553.15
69,2024-03-18,бытовая техника,1468.83,1443.6,109,715,0.332,1556.98
69,2024-03-19,бытовая техника,1453.15,1434.09,97,389,0.294,1533.39
69,2024-03-20,бытовая техника,1289.9,1209.28,97,812,0.366,1544.12
69,2024-03-21,бытовая техника,1467.62,1610.28,96,350,0.183,1515.23
69,2024-03-22,бытовая техника,1249.86,1287.28,111,275,0.207,1541.22
69,2024-03-23,бытовая техника,1398.13,1368.52,104,83,0.347,1551.75
69,2024-03-24,бытовая техника,1295.98,1270.22,125,753,0.385,1588.7
69,2024-03-25,бытовая техника,1410.8,1378.78,100,477,0.217,1526.4
69,2024-03-26,бытовая техника,1390.13,1417.31,95,217,0.307,1532.28
69,2024-03-27,бытовая техника,1423.41,1349.42,116,730,0.229,1551.98
69,2024-03-28,бытовая техника,1501.97,1491.6,88,530,0.29,1519.25
69,2024-03-29,бытовая техника,1390.72,1409.21,129,933,0.281,1579.2
69,2024-03-30,бытовая техника,1597.29,1613.77,94,723,0.155,1508.04
70,2024-01-01,бытовая техника,1487.59,1432.18,107,849,0.317,1461.42
70,2024-01-02,бытовая техника,1446.15,1483.29,73,156,0.254,1404.76
70,2024-01-03,бытовая техника,1394.45,1404.1,104,714,0.259,1449.02
70,2024-01-04,бытовая техника,1451.29,1479.44,108,361,0.342,1466.31
70,2024-01-05,бытовая техника,1374.05,1382.97,121,42,0.331,1483.11
70,2024-01-06,бытовая техника,1597.19,1528.71,100,207,0.11,1422.39
70,2024-01-07,бытовая техника,1620.92,1620.65,85,146,0.34,1433.7
70,2024-01-08,бытовая техника,1485.78,1488.61,100,32,0.362,1457.97
70,2024-01-09,бытовая техника,1491.97,1516.71,91,151,0.112,1410.12
70,2024-01-10,бытовая техника,1405.2,1428.17,87,327,0.245,1423.12
70,2024-01-11,бытовая техника,1562.79,1526.78,107,226,0.373,1469.25
70,2024-01-12,бытовая техника,1546.31,1528.08,94,765,0.304,1441.28
70,2024-01-13,бытовая техника,1499.91,1467.99,96,769,0.277,1440.26
70,2024-01-14,бытовая техника,1530.09,1603.38,86,97,0.366,1438.83
70,2024-01-15,бытовая техника,1470.52,1430.97,96,66,0.388,1455.99
70,2024-01-16,бытовая техника,1440.65,1497.73,95,997,0.346,1448.65
70,2024-01-17,бытовая техника,1316.26,1275.01,111,941,0.193,1449.66
70,2024-01-18,бытовая техника,1347.8,1310.74,107,173,0.227,1448.75
70,2024-01-19,бытовая техника,1318.17,1319.78,91,593,0.203,1422.82
70,2024-01-20,бытовая техника,1216.74,1264.4,118,382,0.251,1467.65
70,2024-01-21,бытовая техника,1235.25,1199.0,130,429,0.397,1505.04
70,2024-01-22,бытовая техника,1347.58,1353.17,122,50,0.247,1472.69
70,2024-01-23,бытовая техника,1195.96,1181.41,108,34,0.337,1465.63
70,2024-01-24,бытовая техника,1266.16,1252.57,104,124,0.238,1446.03
70,2024-01-25,бытовая техника,1236.03,1187.25,121,622,0.251,1471.87
70,2024-01-26,бытовая техника,1230.43,1239.94,93,359,0.262,1434.0
70,2024-01-27,бытовая техника,1429.25,1395.57,113,748,0.225,1456.91
70,2024-01-28,бытовая техника,1301.45,1254.19,111,755,0.26,1458.96
70,2024-01-29,бытовая техника,1357.57,1326.84,111,936,0.138,1441.9
70,2024-01-30,бытовая техника,1229.02,1273.03,107,794,0.133,1435.5
70,2024-01-31,бытовая техника,1441.71,1392.48,115,550,0.121,1445.15
70,2024-02-01,бытовая техника,1400.71,1396.78,87,852,0.18,1413.99
70,2024-02-02,бытовая техника,1432.27,1428.5,109,596,0.297,1461.43
70,2024-02-03,бытовая техника,1505.49,1523.72,102,187,0.141,1429.68
70,2024-02-04,бытовая техника,1435.02,1419.65,102,126,0.277,1448.74
70,2024-02-05,бытовая техника,1474.06,1589.64,73,568,0.369,1420.95
70,2024-02-06,бытовая техника,1519.86,1510.17,83,396,0.176,1407.86
70,2024-02-07,бытовая техника,1648.68,1645.42,78,693,0.19,1402.72
70,2024-02-08,бытовая техника,1498.73,1542.44,86,589,0.379,1440.59
70,2024-02-09,бытовая техника,1542.95,1509.5,106,357,0.179,1440.56
70,2024-02-10,бытовая техника,1627.01,1720.33,87,963,0.217,1419.21
70,2024-02-11,бытовая техника,1434.71,1482.65,96,369,0.276,1440.16
70,2024-02-12,бытовая техника,1497.24,1468.38,85,904,0.351,1435.25
70,2024-02-13,бытовая техника,1494.53,1480.66,86,107,0.278,1426.44
70,2024-02-14,бытовая техника,1350.29,1382.82,94,25,0.323,1443.92
70,2024-02-15,бытовая техника,1507.3,1491.32,95,71,0.395,1455.5
70,2024-02-16,бытовая техника,1489.15,1438.29,92,963,0.191,1422.64
70,2024-02-17,бытовая техника,1464.6,1514.37,102,657,0.264,1446.96
70,2024-02-18,бытовая техника,1398.38,1464.64,94,642,0.121,1415.54
70,2024-02-19,бытовая техника,1326.49,1381.57,113,336,0.218,1455.96
70,2024-02-20,бытовая техника,1359.98,1387.58,103,887,0.258,1447.55
70,2024-02-21,бытовая техника,1266.08,1259.37,105,457,0.126,1431.75
70,2024-02-22,бытовая техника,1235.74,1217.9,107,126,0.227,1448.8
70,2024-02-23,бытовая техника,1320.46,1283.19,98,437,0.309,1447.56
70,2024-02-24,бытовая техника,1169.04,1141.5,108,270,0.149,1439.22
70,2024-02-25,бытовая техника,1289.04,1352.31,96,862,0.183,1427.13
70,2024-02-26,бытовая техника,1273.91,1332.7,98,275,0.318,1448.94
70,2024-02-27,бытовая техника,1317.64,1221.09,87,566,0.14,1408.41
70,2024-02-28,бытовая техника,1332.55,1318.74,96,781,0.156,1423.28
70,2024-02-29,бытовая техника,1278.83,1258.49,111,793,0.2,1450.63
70,2024-03-01,бытовая техника,1510.33,1473.96,97,136,0.302,1445.19
70,2024-03-02,бытовая техника,1461.13,1449.52,92,975,0.335,1442.89
70,2024-03-03,бытовая техника,1622.43,1708.7,85,221,0.136,1405.05
70,2024-03-04,бытовая техника,1529.43,1487.78,96,52,0.128,1419.33
70,2024-03-05,бытовая техника,1571.12,1577.64,99,700,0.358,1455.89
70,2024-03-06,бытовая техника,1530.25,1488.58,81,265,0.214,1410.4
70,2024-03-07,бытовая техника,1572.96,1563.13,86,747,0.364,1438.44
70,2024-03-08,бытовая техника,1476.51,1505.67,96,334,0.145,1421.68
70,2024-03-09,бытовая техника,1659.2,1634.61,74,450,0.128,1388.35
70,2024-03-10,бытовая техника,1461.49,1377.4,113,352,0.325,1470.98
70,2024-03-11,бытовая техника,1493.74,1544.43,87,407,0.374,1441.33
70,2024-03-12,бытовая техника,1490.81,1405.87,118,361,0.106,1447.16
70,2024-03-13,бытовая техника,1510.49,1515.15,95,101,0.356,1450.04
70,2024-03-14,бытовая техника,1433.98,1428.79,101,566,0.378,1461.54
70,2024-03-15,бытовая техника,1485.65,1494.12,101,589,0.337,1455.73
70,2024-03-16,бытовая техника,1396.61,1396.58,107,57,0.175,1441.41
70,2024-03-17,бытовая техника,1471.19,1567.3,92,308,0.249,1430.74
70,2024-03-18,бытовая техника,1405.3,1433.71,98,981,0.311,1447.95
70,2024-03-19,бытовая техника,1171.83,1203.42,116,738,0.199,1457.5
70,2024-03-20,бытовая техника,1319.45,1319.91,93,949,0.269,1435.03
70,2024-03-21,бытовая техника,1328.14,1290.01,100,339,0.382,1460.69
70,2024-03-22,бытовая техника,1240.43,1264.77,115,403,0.101,1442.27
70,2024-03-23,бытовая техника,1272.31,1323.77,108,663,0.278,1457.32
70,2024-03-24,бытовая техника,1209.81,1230.02,107,236,0.17,1440.75
70,2024-03-25,бытовая техника,1279.93,1188.08,119,748,0.162,1456.46
70,2024-03-26,бытовая техника,1225.43,1177.47,126,752,0.147,1464.26
70,2024-03-27,бытовая техника,1353.44,1321.27,87,376,0.229,1420.91
70,2024-03-28,бытовая техника,1341.58,1289.6,125,531,0.394,1497.6
70,2024-03-29,бытовая техника,1359.34,1317.96,117,626,0.15,1451.99
70,2024-03-30,бытовая техника,1340.87,1326.07,92,203,0.218,1426.32
71,2024-01-01,бытовая техника,3926.41,3947.57,85,981,0.15,4040.67
71,2024-01-02,бытовая техника,4270.61,4222.14,99,142,0.137,4091.77
71,2024-01-03,бытовая техника,4303.46,4245.39,96,399,0.277,4136.37
71,2024-01-04,бытовая техника,4153.56,4037.85,101,39,0.31,4169.76
71,2024-01-05,бытовая техника,4343.24,4138.59,96,147,0.232,4118.01
71,2024-01-06,бытовая техника,4167.57,4227.78,88,258,0.158,4055.89
71,2024-01-07,бытовая техника,4266.95,4398.66,79,273,0.116,4002.63
71,2024-01-08,бытовая техника,4661.55,4842.32,85,402,0.159,4044.11
71,2024-01-09,бытовая техника,4531.51,4465.89,94,713,0.313,4142.61
71,2024-01-10,бытовая техника,4398.07,4502.61,92,962,0.365,4155.55
71,2024-01-11,бытовая техника,4346.74,4262.24,96,131,0.188,4100.44
71,2024-01-12,бытовая техника,4322.91,4276.32,87,836,0.319,4116.74
71,2024-01-13,бытовая техника,4230.82,4187.86,91,318,0.321,4133.73
71,2024-01-14,бытовая техника,4284.07,4230.73,93,199,0.167,4079.53
71,2024-01-15,бытовая техника,4260.35,3985.48,101,184,0.223,4134.59
71,2024-01-16,бытовая техника,3929.36,3972.93,97,55,0.143,4085.97
71,2024-01-17,бытовая техника,3863.84,3863.09,112,139,0.272,4199.09
71,2024-01-18,бытовая техника,3755.19,3729.52,82,407,0.347,4107.9
71,2024-01-19,бытовая техника,3504.13,3496.79,99,299,0.4,4197.91
71,2024-01-20,бытовая техника,3983.92,4009.02,94,557,0.233,4110.59
71,2024-01-21,бытовая техника,3648.83,3645.94,114,297,0.142,4154.46
71,2024-01-22,бытовая техника,4063.1,3928.77,89,333,0.359,4141.29
71,2024-01-23,бытовая техника,3538.99,3662.25,108,402,0.247,4172.6
71,2024-01-24,бытовая техника,3386.86,3303.06,117,803,0.134,4163.27
71,2024-01-25,бытовая техника,3689.0,3744.95,109,459,0.234,4171.53
71,2024-01-26,бытовая техника,3627.38,3450.91,113,560,0.295,4212.4
71,2024-01-27,бытовая техника,3342.66,3223.27,117,515,0.353,4251.68
71,2024-01-28,бытовая техника,3664.7,3762.37,94,116,0.142,4073.5
71,2024-01-29,бытовая техника,3902.53,3867.62,90,191,0.343,4138.72
71,2024-01-30,бытовая техника,3677.66,3792.61,95,564,0.236,4115.59
71,2024-01-31,бытовая техника,3945.73,4042.12,95,459,0.248,4120.35
71,2024-02-01,бытовая техника,4346.54,4377.44,107,725,0.126,4119.61
71,2024-02-02,бытовая техника,4130.88,4140.07,112,20,0.278,4201.15
71,2024-02-03,бытовая техника,4499.31,4536.45,75,444,0.1,3980.05
71,2024-02-04,бытовая техника,4546.0,4668.18,64,190,0.347,4035.46
71,2024-02-05,бытовая техника,4248.83,4320.79,78,160,0.372,4101.95
71,2024-02-06,бытовая техника,4389.87,4292.25,69,869,0.288,4031.8
71,2024-02-07,бытовая техника,4154.49,4254.93,93,912,0.371,4162.24
71,2024-02-08,бытовая техника,4473.35,4154.03,88,529,0.299,4112.79
71,2024-02-09,бытовая техника,4575.22,4595.56,80,991,0.245,4058.78
71,2024-02-10,бытовая техника,4773.34,4724.81,97,931,0.346,4168.15
71,2024-02-11,бытовая техника,4467.2,4242.66,91,757,0.201,4085.38
71,2024-02-12,бытовая техника,4207.25,4364.73,86,475,0.224,4074.36
71,2024-02-13,бытовая техника,4135.97,4059.11,100,106,0.168,4108.44
71,2024-02-14,бытовая техника,3772.78,3621.4,100,908,0.131,4093.62
71,2024-02-15,бытовая техника,4218.63,4353.72,79,682,0.358,4100.15
71,2024-02-16,бытовая техника,4157.36,4325.71,80,695,0.363,4106.2
71,2024-02-17,бытовая техника,3574.02,3561.07,102,677,0.155,4111.34
71,2024-02-18,бытовая техника,3792.31,3857.43,99,549,0.109,4080.34
71,2024-02-19,бытовая техника,4006.9,3891.76,92,787,0.315,4135.38
71,2024-02-20,бытовая техника,3849.5,3848.57,107,133,0.356,4212.51
71,2024-02-21,бытовая техника,3790.73,3654.55,95,395,0.329,4153.36
71,2024-02-22,бытовая техника,3670.28,3770.22,102,832,0.193,4126.37
71,2024-02-23,бытовая техника,3145.34,3022.4,138,953,0.346,4333.72
71,2024-02-24,бытовая техника,3413.59,3490.49,115,894,0.377,4253.33
71,2024-02-25,бытовая техника,3689.5,3691.4,118,935,0.156,4176.31
71,2024-02-26,бытовая техника,3716.55,3731.35,105,798,0.267,4168.6
71,2024-02-27,бытовая техника,3883.03,3940.39,111,112,0.274,4195.61
71,2024-02-28,бытовая техника,4065.97,4016.13,94,27,0.122,4065.76
71,2024-02-29,бытовая техника,3788.16,3668.25,110,423,0.304,4203.56
71,2024-03-01,бытовая техника,4068.78,4039.09,101,217,0.132,4097.72
71,2024-03-02,бытовая техника,3943.01,3944.23,113,494,0.288,4209.36
71,2024-03-03,бытовая техника,4781.98,4740.73,90,905,0.187,4075.51
71,2024-03-04,бытовая техника,4188.2,4226.08,105,809,0.254,4163.17
71,2024-03-05,бытовая техника,4305.97,4283.82,83,487,0.364,4118.79
71,2024-03-06,бытовая техника,4223.77,4222.22,116,787,0.202,4186.95
71,2024-03-07,бытовая техника,4191.37,4221.57,70,646,0.38,4072.77
71,2024-03-08,бытовая техника,4339.25,4261.68,95,361,0.394,4179.43
71,2024-03-09,бытовая техника,4723.72,4680.58,76,497,0.2,4024.37
71,2024-03-10,бытовая техника,4491.1,4417.25,90,625,0.377,4152.45
71,2024-03-11,бытовая техника,4481.15,4525.39,89,214,0.266,4103.48
71,2024-03-12,бытовая техника,4376.57,4294.79,93,352,0.216,4099.49
71,2024-03-13,бытовая техника,3989.76,4266.25,88,913,0.362,4138.17
71,2024-03-14,бытовая техника,4524.22,4549.52,89,36,0.155,4058.81
71,2024-03-15,бытовая техника,4216.3,4187.82,91,125,0.159,4068.58
71,2024-03-16,бытовая техника,3953.85,3948.14,83,198,0.285,4086.96
71,2024-03-17,бытовая техника,4175.24,4106.13,80,410,0.288,4076.01
71,2024-03-18,бытовая техника,4159.19,4188.86,98,480,0.307,4156.59
71,2024-03-19,бытовая техника,3551.81,3432.47,110,345,0.309,4205.86
71,2024-03-20,бытовая техника,3561.78,3376.28,138,292,0.294,4312.82
71,2024-03-21,бытовая техника,3847.06,3951.72,81,322,0.202,4045.54
71,2024-03-22,бытовая техника,3594.22,3622.41,108,447,0.338,4209.54
71,2024-03-23,бытовая техника,3713.23,3833.98,106,935,0.267,4172.71
71,2024-03-24,бытовая техника,3775.97,3910.39,100,796,0.122,4089.69
71,2024-03-25,бытовая техника,3934.98,3999.69,87,884,0.351,4129.84
71,2024-03-26,бытовая техника,3525.49,3772.01,113,704,0.306,4216.85
71,2024-03-27,бытовая техника,3800.23,4025.98,99,449,0.222,4126.07
71,2024-03-28,бытовая техника,3899.07,3928.92,110,191,0.305,4204.06
71,2024-03-29,бытовая техника,3791.77,3702.51,128,368,0.328,4286.15
71,2024-03-30,бытовая техника,3957.33,3841.42,126,29,0.357,4289.84
72,2024-01-01,электроника,2253.89,2294.0,121,756,0.369,2397.14
72,2024-01-02,электроника,2466.15,2398.79,93,886,0.242,2304.92
72,2024-01-03,электроника,2207.33,2160.34,111,970,0.338,2367.54
72,2024-01-04,электроника,2301.56,2342.43,92,719,0.188,2290.43
72,2024-01-05,электроника,2422.93,2303.97,79,656,0.35,2297.86
72,2024-01-06,электроника,2434.03,2483.44,85,177,0.164,2269.26
72,2024-01-07,электроника,2539.49,2504.57,89,328,0.145,2273.96
72,2024-01-08,электроника,2337.55,2228.84,89,297,0.399,2331.52
72,2024-01-09,электроника,2509.56,2537.82,81,601,0.1,2245.7
72,2024-01-10,электроника,2470.03,2472.13,105,397,0.32,2349.88
72,2024-01-11,электроника,2330.76,2420.43,99,267,0.252,2320.76
72,2024-01-12,электроника,2487.37,2515.63,83,283,0.227,2279.03
72,2024-01-13,электроника,2524.24,2553.33,105,212,0.224,2328.14
72,2024-01-14,электроника,2632.19,2683.51,86,202,0.256,2292.22
72,2024-01-15,электроника,2165.93,2151.08,89,822,0.321,2313.86
72,2024-01-16,электроника,2183.55,2230.39,106,874,0.125,2308.03
72,2024-01-17,электроника,2241.06,2354.76,85,863,0.261,2291.14
72,2024-01-18,электроника,2155.08,2069.55,109,36,0.2,2331.67
72,2024-01-19,электроника,2136.86,2162.88,109,824,0.311,2356.84
72,2024-01-20,электроника,2069.76,2070.92,93,809,0.271,2311.67
72,2024-01-21,электроника,2059.85,2058.94,111,349,0.396,2380.65
72,2024-01-22,электроника,1931.64,1996.75,94,62,0.261,2311.61
72,2024-01-23,электроника,2156.93,2331.43,76,977,0.135,2242.16
72,2024-01-24,электроника,2008.1,1879.75,125,748,0.12,2349.94
72,2024-01-25,электроника,2058.14,2161.07,116,601,0.182,2343.61
72,2024-01-26,электроника,2147.07,2190.87,90,445,0.298,2310.92
72,2024-01-27,электроника,2065.39,2022.11,111,40,0.326,2364.77
72,2024-01-28,электроника,2097.02,2043.2,118,519,0.222,2357.21
72,2024-01-29,электроника,2064.68,2043.84,100,874,0.108,2290.43
72,2024-01-30,электроника,2300.51,2207.5,97,990,0.103,2282.48
72,2024-01-31,электроника,2579.23,2708.27,77,745,0.136,2244.69
72,2024-02-01,электроника,2261.91,2324.35,85,734,0.307,2301.52
72,2024-02-02,электроника,2368.39,2335.36,105,190,0.248,2333.48
72,2024-02-03,электроника,2399.14,2363.81,92,588,0.287,2312.94
72,2024-02-04,электроника,2441.16,2290.51,77,820,0.398,2304.16
72,2024-02-05,электроника,2367.17,2319.71,112,849,0.328,2367.65
72,2024-02-06,электроника,2788.24,2830.23,75,515,0.262,2268.64
72,2024-02-07,электроника,2729.64,2677.5,77,894,0.228,2265.61
72,2024-02-08,электроника,2470.24,2560.4,95,502,0.21,2302.3
72,2024-02-09,электроника,2514.88,2563.67,85,270,0.227,2283.49
72,2024-02-10,электроника,2489.58,2506.42,86,804,0.222,2284.71
72,2024-02-11,электроника,2401.63,2432.18,104,49,0.176,2315.07
72,2024-02-12,электроника,2312.05,2355.93,73,958,0.195,2249.04
72,2024-02-13,электроника,2530.71,2585.2,77,59,0.268,2274.54
72,2024-02-14,электроника,2387.34,2588.65,71,844,0.134,2230.58
72,2024-02-15,электроника,2118.6,2149.8,98,400,0.215,2310.28
72,2024-02-16,электроника,2152.37,2142.52,102,105,0.154,2305.43
72,2024-02-17,электроника,2111.68,2202.29,71,415,0.331,2275.31
72,2024-02-18,электроника,2147.6,2186.7,100,78,0.37,2349.85
72,2024-02-19,электроника,2066.5,2107.44,120,242,0.303,2380.0
72,2024-02-20,электроника,2069.73,2055.02,126,904,0.29,2390.77
72,2024-02-21,электроника,1984.88,2071.46,98,283,0.159,2297.6
72,2024-02-22,электроника,1991.73,2018.73,101,415,0.229,2320.25
72,2024-02-23,электроника,2029.37,1927.24,94,399,0.286,2317.2
72,2024-02-24,электроника,2144.42,2109.98,101,696,0.159,2304.24
72,2024-02-25,электроника,2403.36,2337.71,103,579,0.341,2349.99
72,2024-02-26,электроника,2093.01,1984.17,127,417,0.343,2404.96
72,2024-02-27,электроника,2259.02,2352.85,104,182,0.39,2363.57
72,2024-02-28,электроника,2127.11,2175.86,115,562,0.199,2345.12
72,2024-02-29,электроника,2327.2,2449.74,79,974,0.166,2256.11
72,2024-03-01,электроника,2105.19,1970.6,120,431,0.22,2361.1
72,2024-03-02,электроника,2475.67,2448.6,86,243,0.135,2264.91
72,2024-03-03,электроника,2242.94,2184.56,97,929,0.301,2327.49
72,2024-03-04,электроника,2459.11,2516.14,96,83,0.308,2326.65
72,2024-03-05,электроника,2361.95,2348.44,83,747,0.237,2281.18
72,2024-03-06,электроника,2561.12,2511.39,82,388,0.154,2260.21
72,2024-03-07,электроника,2480.07,2443.85,112,414,0.159,2329.19
72,2024-03-08,электроника,2540.35,2489.71,100,265,0.2,2311.34
72,2024-03-09,электроника,2487.33,2551.67,79,843,0.371,2302.6
72,2024-03-10,электроника,2516.17,2485.54,91,356,0.127,2274.39
72,2024-03-11,электроника,2371.68,2475.69,79,364,0.252,2275.65
72,2024-03-12,электроника,2168.03,2137.26,83,679,0.166,2265.06
72,2024-03-13,электроника,2421.59,2345.49,103,245,0.313,2343.72
72,2024-03-14,электроника,2567.54,2698.74,57,313,0.392,2257.42
72,2024-03-15,электроника,2302.53,2288.32,78,240,0.213,2264.39
72,2024-03-16,электроника,2408.88,2347.36,92,773,0.346,2326.36
72,2024-03-17,электроника,2160.25,2280.8,98,751,0.214,2310.01
72,2024-03-18,электроника,1979.85,1942.28,102,949,0.373,2354.97
72,2024-03-19,электроника,2003.24,1995.85,107,48,0.153,2316.51
72,2024-03-20,электроника,1968.31,1995.16,106,740,0.129,2308.85
72,2024-03-21,электроника,2096.94,2137.36,111,292,0.388,2378.95
72,2024-03-22,электроника,1890.44,1888.53,113,161,0.124,2323.58
72,2024-03-23,электроника,2020.25,1992.95,95,741,0.11,2279.62
72,2024-03-24,электроника,1982.37,1925.22,110,127,0.137,2319.8
72,2024-03-25,электроника,2087.52,2094.78,122,543,0.236,2369.32
72,2024-03-26,электроника,2264.02,2260.17,84,778,0.343,2307.44
72,2024-03-27,электроника,1903.12,1914.87,113,511,0.273,2357.38
72,2024-03-28,электроника,2114.29,2098.96,92,460,0.36,2329.39
72,2024-03-29,электроника,2191.57,2191.1,110,496,0.209,2336.01
72,2024-03-30,электроника,2270.61,2355.79,110,927,0.315,2360.18
73,2024-01-01,аксессуары,1308.69,1293.88,87,53,0.304,1282.75
73,2024-01-02,аксессуары,1293.0,1372.24,97,79,0.282,1292.62
73,2024-01-03,аксессуары,1276.92,1270.55,97,310,0.128,1273.17
73,2024-01-04,аксессуары,1287.57,1302.88,102,36,0.122,1278.68
73,2024-01-05,аксессуары,1434.7,1427.05,77,147,0.105,1244.97
73,2024-01-06,аксессуары,1302.59,1256.72,115,524,0.266,1313.18
73,2024-01-07,аксессуары,1470.14,1486.79,84,404,0.351,1284.86
73,2024-01-08,аксессуары,1265.1,1298.66,110,602,0.331,1315.12
73,2024-01-09,аксессуары,1464.81,1486.7,89,863,0.287,1283.15
73,2024-01-10,аксессуары,1316.37,1300.7,102,720,0.367,1309.54
73,2024-01-11,аксессуары,1361.19,1321.49,77,418,0.198,1256.75
73,2024-01-12,аксессуары,1305.22,1330.24,78,645,0.322,1273.61
73,2024-01-13,аксессуары,1215.56,1240.71,87,625,0.192,1268.64
73,2024-01-14,аксессуары,1375.42,1400.46,101,520,0.102,1274.93
73,2024-01-15,аксессуары,1270.89,1200.08,109,122,0.28,1307.39
73,2024-01-16,аксессуары,1230.12,1298.02,107,28,0.387,1318.46
73,2024-01-17,аксессуары,1150.78,1116.45,124,158,0.296,1328.4
73,2024-01-18,аксессуары,1298.05,1359.38,91,783,0.208,1275.64
73,2024-01-19,аксессуары,1154.08,1142.08,120,697,0.251,1317.59
73,2024-01-20,аксессуары,1203.1,1227.32,115,200,0.269,1313.66
73,2024-01-21,аксессуары,1086.73,1159.26,108,86,0.379,1318.64
73,2024-01-22,аксессуары,1226.48,1264.09,114,85,0.21,1304.86
73,2024-01-23,аксессуары,1170.71,1129.42,114,77,0.149,1297.26
73,2024-01-24,аксессуары,1142.68,1099.2,116,214,0.271,1315.09
73,2024-01-25,аксессуары,1049.83,1026.11,114,713,0.269,1312.39
73,2024-01-26,аксессуары,1095.75,1046.58,100,954,0.109,1274.53
73,2024-01-27,аксессуары,1243.54,1297.73,92,956,0.287,1286.93
73,2024-01-28,аксессуары,1161.89,1131.17,116,684,0.197,1305.76
73,2024-01-29,аксессуары,1156.15,1150.93,121,816,0.164,1307.89
73,2024-01-30,аксессуары,1346.75,1437.66,77,72,0.121,1247.05
73,2024-01-31,аксессуары,1267.72,1238.61,112,620,0.371,1322.67
73,2024-02-01,аксессуары,1303.88,1301.82,85,320,0.122,1257.23
73,2024-02-02,аксессуары,1320.09,1300.65,92,835,0.397,1300.72
73,2024-02-03,аксессуары,1348.79,1382.51,75,501,0.159,1249.33
73,2024-02-04,аксессуары,1293.03,1280.98,98,334,0.256,1290.49
73,2024-02-05,аксессуары,1467.44,1471.46,75,927,0.3,1267.04
73,2024-02-06,аксессуары,1389.73,1363.28,79,968,0.385,1282.91
73,2024-02-07,аксессуары,1331.89,1305.82,89,244,0.104,1260.09
73,2024-02-08,аксессуары,1472.29,1411.92,91,496,0.18,1272.11
73,2024-02-09,аксессуары,1419.17,1446.97,84,513,0.357,1285.64
73,2024-02-10,аксессуары,1406.8,1362.03,120,329,0.332,1327.89
73,2024-02-11,аксессуары,1420.75,1466.2,79,915,0.108,1247.93
73,2024-02-12,аксессуары,1326.33,1313.15,90,962,0.194,1272.69
73,2024-02-13,аксессуары,1357.1,1435.82,92,241,0.158,1270.66
73,2024-02-14,аксессуары,1350.43,1376.34,97,100,0.368,1303.39
73,2024-02-15,аксессуары,1256.7,1222.69,109,549,0.313,1311.56
73,2024-02-16,аксессуары,1264.5,1295.4,84,464,0.159,1260.61
73,2024-02-17,аксессуары,1255.95,1267.11,107,632,0.135,1286.65
73,2024-02-18,аксессуары,1344.33,1383.84,70,515,0.244,1253.77
73,2024-02-19,аксессуары,1314.04,1303.17,94,362,0.197,1278.03
73,2024-02-20,аксессуары,1306.32,1265.33,102,559,0.383,1311.58
73,2024-02-21,аксессуары,1164.88,1140.44,103,392,0.386,1313.24
73,2024-02-22,аксессуары,1164.13,1126.82,87,942,0.153,1263.68
73,2024-02-23,аксессуары,1104.21,1012.37,114,463,0.204,1304.1
73,2024-02-24,аксессуары,1132.46,1117.81,114,760,0.235,1308.13
73,2024-02-25,аксессуары,1289.19,1232.22,108,130,0.209,1297.26
73,2024-02-26,аксессуары,1105.23,1100.11,117,827,0.249,1313.65
73,2024-02-27,аксессуары,1278.53,1288.68,103,454,0.397,1314.62
73,2024-02-28,аксессуары,1218.27,1174.63,105,565,0.37,1313.69
73,2024-02-29,аксессуары,1303.34,1292.87,85,474,0.204,1267.62
73,2024-03-01,аксессуары,1285.86,1247.83,113,963,0.166,1298.12
73,2024-03-02,аксессуары,1274.62,1210.32,105,621,0.307,1305.82
73,2024-03-03,аксессуары,1354.57,1320.63,112,421,0.318,1315.95
73,2024-03-04,аксессуары,1421.68,1307.16,83,876,0.201,1264.75
73,2024-03-05,аксессуары,1292.48,1242.77,105,158,0.325,1308.05
73,2024-03-06,аксессуары,1369.36,1316.41,105,988,0.161,1287.43
73,2024-03-07,аксессуары,1344.02,1406.05,82,94,0.195,1262.68
73,2024-03-08,аксессуары,1481.93,1436.31,86,541,0.143,1261.17
73,2024-03-09,аксессуары,1426.67,1367.83,83,422,0.149,1258.13
73,2024-03-10,аксессуары,1439.4,1512.96,86,139,0.14,1260.84
73,2024-03-11,аксессуары,1391.23,1415.51,87,195,0.297,1281.89
73,2024-03-12,аксессуары,1304.51,1370.53,91,75,0.134,1266.3
73,2024-03-13,аксессуары,1259.23,1281.08,91,276,0.351,1293.68
73,2024-03-14,аксессуары,1284.92,1288.9,88,673,0.127,1261.68
73,2024-03-15,аксессуары,1295.4,1281.08,115,816,0.334,1321.77
73,2024-03-16,аксессуары,1320.69,1324.87,82,22,0.246,1269.07
73,2024-03-17,аксессуары,1207.66,1258.32,111,84,0.25,1306.12
73,2024-03-18,аксессуары,1196.04,1159.92,132,702,0.277,1336.11
73,2024-03-19,аксессуары,1082.55,1068.99,112,716,0.344,1319.27
73,2024-03-20,аксессуары,1213.88,1218.57,126,647,0.301,1331.58
73,2024-03-21,аксессуары,1137.61,1134.3,104,655,0.333,1307.83
73,2024-03-22,аксессуары,1094.44,1101.14,137,30,0.222,1335.37
73,2024-03-23,аксессуары,1131.82,1150.63,106,342,0.214,1295.39
73,2024-03-24,аксессуары,1162.53,1127.69,116,159,0.174,1302.95
73,2024-03-25,аксессуары,1139.79,1194.98,98,548,0.35,1302.4
73,2024-03-26,аксессуары,1200.1,1232.19,92,102,0.381,1298.79
73,2024-03-27,аксессуары,1200.24,1193.9,113,647,0.163,1297.72
73,2024-03-28,аксессуары,1205.74,1220.18,102,508,0.139,1280.82
73,2024-03-29,аксессуары,1247.5,1245.54,100,744,0.253,1292.68
73,2024-03-30,аксессуары,1115.87,1100.27,108,716,0.358,1315.96
74,2024-01-01,электроника,4103.34,4294.4,89,643,0.112,4151.95
74,2024-01-02,электроника,4542.7,4379.71,105,884,0.189,4250.32
74,2024-01-03,электроника,3969.61,4120.11,101,155,0.261,4263.41
74,2024-01-04,электроника,4785.26,4797.33,83,488,0.385,4240.34
74,2024-01-05,электроника,4156.9,4037.04,97,495,0.167,4207.89
74,2024-01-06,электроника,4353.8,4304.74,96,218,0.182,4209.81
74,2024-01-07,электроника,4466.0,4559.16,93,119,0.184,4198.39
74,2024-01-08,электроника,4517.08,4631.93,74,752,0.101,4084.97
74,2024-01-09,электроника,4554.38,4528.34,96,895,0.278,4249.67
74,2024-01-10,электроника,4637.78,4651.76,90,289,0.177,4182.8
74,2024-01-11,электроника,4424.23,4470.28,111,876,0.155,4260.82
74,2024-01-12,электроника,4442.27,4441.84,91,778,0.184,4190.22
74,2024-01-13,электроника,4420.31,4362.74,95,612,0.26,4238.2
74,2024-01-14,электроника,4176.65,4402.79,92,403,0.325,4252.59
74,2024-01-15,электроника,4392.27,4313.56,88,515,0.36,4250.63
74,2024-01-16,электроника,4280.59,4131.88,92,291,0.155,4182.11
74,2024-01-17,электроника,3422.14,3564.38,116,894,0.273,4330.86
74,2024-01-18,электроника,4159.54,4255.11,105,592,0.382,4330.24
74,2024-01-19,электроника,4113.05,3967.6,105,723,0.342,4313.93
74,2024-01-20,электроника,3783.2,3531.24,120,563,0.2,4317.11
74,2024-01-21,электроника,4076.07,4015.03,100,436,0.207,4236.91
74,2024-01-22,электроника,3733.0,3494.8,99,820,0.37,4300.59
74,2024-01-23,электроника,4127.18,4122.01,81,716,0.331,4209.49
74,2024-01-24,электроника,3661.0,3687.55,96,616,0.15,4196.51
74,2024-01-25,электроника,3708.75,3569.35,108,528,0.172,4255.43
74,2024-01-26,электроника,4171.49,4248.49,106,471,0.393,4339.02
74,2024-01-27,электроника,4080.91,3898.69,107,88,0.196,4261.36
74,2024-01-28,электроника,3648.33,3525.64,103,812,0.194,4243.87
74,2024-01-29,электроника,3944.39,3947.67,103,565,0.174,4235.88
74,2024-01-30,электроника,4448.67,4658.93,94,122,0.163,4193.88
74,2024-01-31,электроника,4214.39,4033.77,90,808,0.264,4219.21
74,2024-02-01,электроника,4518.78,4598.05,90,316,0.375,4265.13
74,2024-02-02,электроника,4240.19,4280.29,105,314,0.229,4266.77
74,2024-02-03,электроника,4271.15,4410.89,98,195,0.241,4242.78
74,2024-02-04,электроника,4233.85,4415.07,91,673,0.222,4205.91
74,2024-02-05,электроника,4245.37,4005.73,94,772,0.225,4219.3
74,2024-02-06,электроника,4476.51,4296.14,98,788,0.389,4304.22
74,2024-02-07,электроника,4476.42,4438.4,91,372,0.398,4279.05
74,2024-02-08,электроника,4610.0,4798.75,82,627,0.309,4204.43
74,2024-02-09,электроника,4868.66,4943.49,81,854,0.153,4135.69
74,2024-02-10,электроника,4510.85,4418.02,95,88,0.22,4221.42
74,2024-02-11,электроника,4611.69,4745.27,78,342,0.354,4206.71
74,2024-02-12,электроника,4448.72,4346.91,96,686,0.135,4190.5
74,2024-02-13,электроника,4319.03,4441.84,96,97,0.293,4256.07
74,2024-02-14,электроника,4280.02,4236.48,93,777,0.135,4177.97
74,2024-02-15,электроника,3884.76,4023.36,104,845,0.251,4272.01
74,2024-02-16,электроника,3782.94,3969.01,97,592,0.178,4212.48
74,2024-02-17,электроника,3857.61,3759.48,110,453,0.205,4277.62
74,2024-02-18,электроника,3951.19,4240.6,120,358,0.277,4349.09
74,2024-02-19,электроника,3778.34,3752.23,114,608,0.235,4306.78
74,2024-02-20,электроника,3719.39,3651.69,102,289,0.281,4276.13
74,2024-02-21,электроника,3766.51,3766.67,104,459,0.184,4244.14
74,2024-02-22,электроника,3701.88,3656.23,102,427,0.319,4291.93
74,2024-02-23,электроника,3457.04,3539.67,107,802,0.155,4244.35
74,2024-02-24,электроника,3819.5,3912.77,96,462,0.225,4227.73
74,2024-02-25,электроника,3998.39,4278.3,91,522,0.28,4229.88
74,2024-02-26,электроника,3816.34,3843.71,108,114,0.231,4280.01
74,2024-02-27,электроника,3383.67,3306.12,110,508,0.288,4311.89
74,2024-02-28,электроника,3788.41,3791.91,111,418,0.166,4265.4
74,2024-02-29,электроника,3845.46,3814.47,103,963,0.248,4266.47
74,2024-03-01,электроника,4217.93,4227.38,93,399,0.27,4233.86
74,2024-03-02,электроника,4365.67,4202.55,84,346,0.23,4179.95
74,2024-03-03,электроника,4130.06,4149.65,93,467,0.175,4194.77
74,2024-03-04,электроника,4247.72,4177.59,88,821,0.107,4145.76
74,2024-03-05,электроника,4680.7,4732.46,78,240,0.347,4203.93
74,2024-03-06,электроника,4428.42,4538.08,95,348,0.349,4275.33
74,2024-03-07,электроника,4358.04,4476.71,84,21,0.257,4191.36
74,2024-03-08,электроника,4731.9,4550.74,80,807,0.15,4130.1
74,2024-03-09,электроника,4664.05,4710.47,90,916,0.24,4208.98
74,2024-03-10,электроника,4555.68,4709.52,100,472,0.11,4196.49
74,2024-03-11,электроника,4702.32,4660.67,85,901,0.37,4242.29
74,2024-03-12,электроника,4183.96,4121.98,97,127,0.259,4246.05
74,2024-03-13,электроника,4738.75,4759.86,97,617,0.347,4282.64
74,2024-03-14,электроника,4169.36,4403.61,91,358,0.345,4256.75
74,2024-03-15,электроника,4076.03,3907.33,93,199,0.172,4193.4
74,2024-03-16,электроника,4052.5,4121.42,86,36,0.334,4231.71
74,2024-03-17,электроника,3803.97,3803.59,116,989,0.342,4359.5
74,2024-03-18,электроника,3631.81,3608.73,124,610,0.2,4333.55
74,2024-03-19,электроника,3675.95,3519.81,129,67,0.131,4325.84
74,2024-03-20,электроника,3928.4,3826.48,96,171,0.136,4190.7
74,2024-03-21,электроника,3809.24,3849.46,117,66,0.142,4280.32
74,2024-03-22,электроника,3765.59,3788.71,108,886,0.332,4321.92
74,2024-03-23,электроника,3917.2,3787.77,96,675,0.198,4216.45
74,2024-03-24,электроника,3746.35,3790.42,106,443,0.356,4323.87
74,2024-03-25,электроника,3981.87,3938.4,104,142,0.192,4247.46
74,2024-03-26,электроника,3715.24,3708.25,104,777,0.248,4270.46
74,2024-03-27,электроника,4091.52,4105.69,78,828,0.319,4192.06
74,2024-03-28,электроника,4201.87,4134.69,116,119,0.212,4305.23
74,2024-03-29,электроника,4212.27,4388.92,107,880,0.208,4266.62
74,2024-03-30,электроника,3768.43,3865.91,91,104,0.335,4252.52
75,2024-01-01,бытовая техника,3809.23,4032.21,87,796,0.191,4130.31
75,2024-01-02,бытовая техника,4060.1,4018.01,101,864,0.313,4237.93
75,2024-01-03,бытовая техника,4175.03,4141.54,102,923,0.127,4165.79
75,2024-01-04,бытовая техника,4324.48,4407.14,90,713,0.103,4106.86
75,2024-01-05,бытовая техника,4398.96,4414.8,69,486,0.181,4052.51
75,2024-01-06,бытовая техника,4281.52,4206.78,85,806,0.233,4139.6
75,2024-01-07,бытовая техника,4526.39,4897.58,74,881,0.187,4075.66
75,2024-01-08,бытовая техника,4682.19,4884.47,72,420,0.293,4110.88
75,2024-01-09,бытовая техника,4361.39,4375.08,102,236,0.238,4211.51
75,2024-01-10,бытовая техника,4727.06,4914.58,83,279,0.146,4095.45
75,2024-01-11,бытовая техника,4599.63,4583.36,78,957,0.396,4177.89
75,2024-01-12,бытовая техника,4521.52,4538.11,87,445,0.113,4098.4
75,2024-01-13,бытовая техника,4494.86,4504.78,86,217,0.201,4130.35
75,2024-01-14,бытовая техника,4468.48,4256.89,77,363,0.11,4056.11
75,2024-01-15,бытовая техника,4436.03,4397.53,80,385,0.126,4075.03
75,2024-01-16,бытовая техника,4062.4,3935.0,113,951,0.25,4261.52
75,2024-01-17,бытовая техника,3703.74,3715.11,83,36,0.308,4162.13
75,2024-01-18,бытовая техника,4407.33,4513.46,82,488,0.27,4142.56
75,2024-01-19,бытовая техника,3350.03,3337.69,113,581,0.221,4249.44
75,2024-01-20,бытовая техника,3541.17,3521.58,110,271,0.15,4208.26
75,2024-01-21,бытовая техника,3806.02,3815.43,103,556,0.257,4223.36
75,2024-01-22,бытовая техника,3904.13,4019.65,107,613,0.348,4276.95
75,2024-01-23,бытовая техника,3512.6,3528.58,110,722,0.239,4244.5
75,2024-01-24,бытовая техника,3923.22,3962.93,101,976,0.161,4175.66
75,2024-01-25,бытовая техника,3392.2,3287.28,104,825,0.168,4190.98
75,2024-01-26,бытовая техника,3564.08,3516.18,121,332,0.27,4302.65
75,2024-01-27,бытовая техника,3720.84,3610.36,110,56,0.395,4308.48
75,2024-01-28,бытовая техника,3739.42,4049.66,102,333,0.108,4158.01
75,2024-01-29,бытовая техника,3972.95,4065.4,97,325,0.302,4217.2
75,2024-01-30,бытовая техника,3995.44,4007.81,92,345,0.398,4236.16
75,2024-01-31,бытовая техника,4025.85,3988.21,113,136,0.293,4279.3
75,2024-02-01,бытовая техника,4250.47,4268.91,105,979,0.331,4261.94
75,2024-02-02,бытовая техника,4399.54,4487.96,84,131,0.375,4193.81
75,2024-02-03,бытовая техника,4252.82,4289.47,107,488,0.117,4182.25
75,2024-02-04,бытовая техника,4469.61,4586.85,93,473,0.32,4208.14
75,2024-02-05,бытовая техника,4091.5,4201.03,86,413,0.156,4112.06
75,2024-02-06,бытовая техника,4538.44,4683.96,83,509,0.265,4144.5
75,2024-02-07,бытовая техника,4097.24,4292.14,99,426,0.204,4184.97
75,2024-02-08,бытовая техника,4626.15,4700.56,94,717,0.131,4134.69
75,2024-02-09,бытовая техника,4744.77,4451.48,80,748,0.268,4133.29
75,2024-02-10,бытовая техника,4379.5,4513.12,92,491,0.206,4157.01
75,2024-02-11,бытовая техника,4270.37,4213.23,101,705,0.208,4195.11
75,2024-02-12,бытовая техника,4655.04,4638.07,81,806,0.297,4149.56
75,2024-02-13,бытовая техника,3860.6,3724.56,112,442,0.301,4278.27
75,2024-02-14,бытовая техника,4136.48,4168.22,111,189,0.22,4240.82
75,2024-02-15,бытовая техника,3858.45,3772.2,101,826,0.294,4230.14
75,2024-02-16,бытовая техника,3953.6,3903.79,95,259,0.17,4154.55
75,2024-02-17,бытовая техника,4183.63,4178.35,86,491,0.109,4092.67
75,2024-02-18,бытовая техника,4027.98,3946.59,95,762,0.297,4206.71
75,2024-02-19,бытовая техника,3906.63,3905.05,108,597,0.272,4249.91
75,2024-02-20,бытовая техника,3737.79,3773.42,99,295,0.213,4188.83
75,2024-02-21,бытовая техника,3620.74,3714.61,96,299,0.362,4237.63
75,2024-02-22,бытовая техника,3873.88,3668.45,98,913,0.315,4226.6
75,2024-02-23,бытовая техника,3886.78,3776.7,103,432,0.133,4172.49
75,2024-02-24,бытовая техника,3290.14,3293.59,111,701,0.336,4288.66
75,2024-02-25,бытовая техника,3725.47,3674.9,106,191,0.273,4241.98
75,2024-02-26,бытовая техника,3552.22,3448.7,117,354,0.111,4220.71
75,2024-02-27,бытовая техника,3809.11,3834.15,106,704,0.133,4184.56
75,2024-02-28,бытовая техника,4249.9,4323.5,93,205,0.296,4198.19
75,2024-02-29,бытовая техника,3990.52,3947.45,90,41,0.139,4121.35
75,2024-03-01,бытовая техника,4036.74,3981.26,86,119,0.362,4196.5
75,2024-03-02,бытовая техника,4260.02,4269.95,102,412,0.394,4275.41
75,2024-03-03,бытовая техника,4620.25,4614.01,86,108,0.167,4116.42
75,2024-03-04,бытовая техника,4738.48,4920.59,83,188,0.198,4117.08
75,2024-03-05,бытовая техника,4331.78,4186.88,106,217,0.117,4177.93
75,2024-03-06,бытовая техника,4580.93,4315.73,78,204,0.209,4101.08
75,2024-03-07,бытовая техника,4314.55,4269.83,99,781,0.153,4164.09
75,2024-03-08,бытовая техника,4504.57,4560.73,92,830,0.104,4115.37
75,2024-03-09,бытовая техника,4667.18,4711.11,95,259,0.208,4170.25
75,2024-03-10,бытовая техника,4449.02,4537.99,94,248,0.164,4148.11
75,2024-03-11,бытовая техника,4452.08,4419.25,95,477,0.161,4151.02
75,2024-03-12,бытовая техника,4354.02,4556.23,99,753,0.335,4238.73
75,2024-03-13,бытовая техника,4394.31,4337.05,98,902,0.254,4201.6
75,2024-03-14,бытовая техника,4604.76,4533.67,86,823,0.238,4145.75
75,2024-03-15,бытовая техника,4143.85,4099.8,91,678,0.19,4146.62
75,2024-03-16,бытовая техника,3937.17,3970.36,114,958,0.287,4280.81
75,2024-03-17,бытовая техника,4232.98,4109.46,109,923,0.172,4213.06
75,2024-03-18,бытовая техника,3573.84,3637.94,121,125,0.262,4299.25
75,2024-03-19,бытовая техника,4167.98,4142.21,100,445,0.111,4150.83
75,2024-03-20,бытовая техника,3682.02,3628.54,96,258,0.304,4213.78
75,2024-03-21,бытовая техника,3712.85,3824.98,91,986,0.238,4166.37
75,2024-03-22,бытовая техника,3783.23,3855.28,115,543,0.344,4308.24
75,2024-03-23,бытовая техника,3764.84,3603.88,107,160,0.298,4256.49
75,2024-03-24,бытовая техника,3492.84,3315.03,110,163,0.209,4232.4
75,2024-03-25,бытовая техника,3479.7,3388.72,115,581,0.227,4260.33
75,2024-03-26,бытовая техника,3873.78,3969.83,81,543,0.174,4098.96
75,2024-03-27,бытовая техника,3600.86,3639.15,117,799,0.357,4321.94
75,2024-03-28,бытовая техника,3319.35,3407.42,117,978,0.33,4310.56
75,2024-03-29,бытовая техника,4248.65,4249.34,101,848,0.215,4198.0
75,2024-03-30,бытовая техника,3901.59,3668.42,113,937,0.357,4305.2
76,2024-01-01,бытовая техника,4115.9,4084.51,93,36,0.194,3941.9
76,2024-01-02,бытовая техника,3616.49,3603.42,115,792,0.279,4060.47
76,2024-01-03,бытовая техника,4377.85,4332.74,106,516,0.105,3957.57
76,2024-01-04,бытовая техника,4252.19,4223.39,108,479,0.193,3999.86
76,2024-01-05,бытовая техника,4105.04,3957.49,94,422,0.207,3950.73
76,2024-01-06,бытовая техника,4260.49,4325.2,87,955,0.114,3887.37
76,2024-01-07,бытовая техника,4406.8,4542.33,89,852,0.386,4000.91
76,2024-01-08,бытовая техника,4118.84,4093.31,82,872,0.23,3912.94
76,2024-01-09,бытовая техника,4482.95,4329.14,91,252,0.28,3967.44
76,2024-01-10,бытовая техника,4215.75,4503.69,95,451,0.204,3953.37
76,2024-01-11,бытовая техника,4393.18,4538.39,90,480,0.244,3949.51
76,2024-01-12,бытовая техника,4208.37,4250.6,83,257,0.298,3943.16
76,2024-01-13,бытовая техника,4182.3,4185.66,95,956,0.337,4005.32
76,2024-01-14,бытовая техника,4191.58,3906.59,82,711,0.337,3954.53
76,2024-01-15,бытовая техника,3792.05,3778.22,93,532,0.189,3939.79
76,2024-01-16,бытовая техника,3802.28,3878.76,118,129,0.362,4104.61
76,2024-01-17,бытовая техника,3833.62,4058.3,102,233,0.3,4018.26
76,2024-01-18,бытовая техника,3669.23,3628.79,113,886,0.397,4098.65
76,2024-01-19,бытовая техника,3570.82,3571.01,117,378,0.293,4073.72
76,2024-01-20,бытовая техника,3591.51,3542.37,108,614,0.196,4000.78
76,2024-01-21,бытовая техника,4125.78,4088.78,104,140,0.325,4035.67
76,2024-01-22,бытовая техника,3667.63,3732.11,109,784,0.386,4078.8
76,2024-01-23,бытовая техника,3562.69,3423.46,103,197,0.264,4008.06
76,2024-01-24,бытовая техника,3686.02,3467.97,111,603,0.186,4008.77
76,2024-01-25,бытовая техника,3605.22,3504.96,94,687,0.223,3957.06
76,2024-01-26,бытовая техника,3499.86,3531.48,89,525,0.321,3975.46
76,2024-01-27,бытовая техника,3500.93,3379.49,121,359,0.272,4081.15
76,2024-01-28,бытовая техника,3903.15,4110.32,79,139,0.123,3859.43
76,2024-01-29,бытовая техника,3676.95,3625.7,121,746,0.122,4022.65
76,2024-01-30,бытовая техника,3760.39,3817.24,86,487,0.153,3898.66
76,2024-01-31,бытовая техника,3783.82,3641.12,114,870,0.126,3996.89
76,2024-02-01,бытовая техника,4139.25,4148.84,112,281,0.361,4080.69
76,2024-02-02,бытовая техника,4068.93,4103.84,107,409,0.374,4066.55
76,2024-02-03,бытовая техника,3921.05,3887.82,111,870,0.123,3984.03
76,2024-02-04,бытовая техника,4544.13,4397.64,92,777,0.154,3922.19
76,2024-02-05,бытовая техника,4338.42,4384.13,78,979,0.341,3940.74
76,2024-02-06,бытовая техника,4214.96,4199.06,89,142,0.334,3980.88
76,2024-02-07,бытовая техника,4445.42,4204.23,78,913,0.166,3872.63
76,2024-02-08,бытовая техника,4353.76,4317.22,85,509,0.306,3954.23
76,2024-02-09,бытовая техника,4085.67,4157.66,89,561,0.143,3906.27
76,2024-02-10,бытовая техника,4090.22,4178.7,91,405,0.102,3897.99
76,2024-02-11,бытовая техника,4040.97,4095.98,90,269,0.174,3922.11
76,2024-02-12,бытовая техника,3835.03,3732.88,115,351,0.306,4070.97
76,2024-02-13,бытовая техника,4253.57,4102.61,83,973,0.14,3881.99
76,2024-02-14,бытовая техника,4446.56,4473.49,81,978,0.36,3959.79
76,2024-02-15,бытовая техника,3637.72,3399.75,119,247,0.132,4018.77
76,2024-02-16,бытовая техника,3661.31,3534.38,119,986,0.382,4116.36
76,2024-02-17,бытовая техника,3760.13,3739.1,99,711,0.125,3938.31
76,2024-02-18,бытовая техника,3638.79,3862.2,104,954,0.298,4024.89
76,2024-02-19,бытовая техника,3355.73,3117.63,124,324,0.186,4059.33
76,2024-02-20,бытовая техника,3362.23,3434.94,114,63,0.23,4037.69
76,2024-02-21,бытовая техника,3558.84,3495.37,110,278,0.1,3971.5
76,2024-02-22,бытовая техника,3434.61,3448.75,118,84,0.352,4100.68
76,2024-02-23,бытовая техника,3333.19,3218.52,115,190,0.319,4076.02
76,2024-02-24,бытовая техника,3302.1,3383.46,117,826,0.111,4003.08
76,2024-02-25,бытовая техника,3450.67,3358.1,108,268,0.373,4069.73
76,2024-02-26,бытовая техника,3678.06,3630.5,86,785,0.243,3933.5
76,2024-02-27,бытовая техника,3702.27,3578.38,106,491,0.4,4072.48
76,2024-02-28,бытовая техника,3453.74,3379.38,113,18,0.382,4092.93
76,2024-02-29,бытовая техника,3549.53,3632.64,90,89,0.233,3945.1
76,2024-03-01,бытовая техника,3868.21,3810.63,104,993,0.328,4036.75
76,2024-03-02,бытовая техника,3918.99,4042.01,78,813,0.373,3952.9
76,2024-03-03,бытовая техника,4215.53,4103.6,78,914,0.216,3892.04
76,2024-03-04,бытовая техника,4121.75,4234.82,92,866,0.232,3952.61
76,2024-03-05,бытовая техника,4342.84,4357.4,90,587,0.239,3947.77
76,2024-03-06,бытовая техника,4389.1,4311.72,78,499,0.102,3847.44
76,2024-03-07,бытовая техника,4100.74,4117.32,111,746,0.193,4011.52
76,2024-03-08,бытовая техника,4048.14,3885.58,95,446,0.365,4016.13
76,2024-03-09,бытовая техника,4247.2,4118.1,89,879,0.185,3922.51
76,2024-03-10,бытовая техника,4219.82,4029.61,107,587,0.263,4023.31
76,2024-03-11,бытовая техника,4265.73,4342.35,95,165,0.168,3939.55
76,2024-03-12,бытовая техника,4010.43,4039.6,108,773,0.391,4076.77
76,2024-03-13,бытовая техника,4420.94,4442.12,94,532,0.161,3932.93
76,2024-03-14,бытовая техника,3886.09,3761.96,98,939,0.297,4001.43
76,2024-03-15,бытовая техника,4030.79,4081.55,104,678,0.277,4016.87
76,2024-03-16,бытовая техника,3910.13,3946.12,83,71,0.132,3878.52
76,2024-03-17,бытовая техника,3793.15,3763.63,95,344,0.272,3979.82
76,2024-03-18,бытовая техника,3695.02,3693.02,110,113,0.286,4043.7
76,2024-03-19,бытовая техника,3790.4,3929.71,94,273,0.171,3936.65
76,2024-03-20,бытовая техника,3471.45,3362.17,122,343,0.289,4091.55
76,2024-03-21,бытовая техника,3634.44,3667.38,110,219,0.272,4038.34
76,2024-03-22,бытовая техника,3832.81,3971.95,86,746,0.26,3940.12
76,2024-03-23,бытовая техника,3522.48,3524.35,109,93,0.267,4032.53
76,2024-03-24,бытовая техника,3552.96,3925.98,115,627,0.4,4107.54
76,2024-03-25,бытовая техника,3549.26,3453.81,94,701,0.352,4007.15
76,2024-03-26,бытовая техника,3577.02,3510.6,110,514,0.364,4074.1
76,2024-03-27,бытовая техника,3503.61,3417.98,111,455,0.298,4052.21
76,2024-03-28,бытовая техника,3639.67,3710.18,105,53,0.103,3952.9
76,2024-03-29,бытовая техника,3978.04,4147.33,69,424,0.217,3857.28
76,2024-03-30,бытовая техника,3879.4,3893.43,92,392,0.232,3952.62
77,2024-01-01,бытовая техника,1480.31,1521.48,110,425,0.226,1510.89
77,2024-01-02,бытовая техника,1475.29,1467.51,97,323,0.174,1484.28
77,2024-01-03,бытовая техника,1463.46,1451.39,100,122,0.28,1504.26
77,2024-01-04,бытовая техника,1455.81,1540.09,101,978,0.292,1507.39
77,2024-01-05,бытовая техника,1554.29,1567.84,81,539,0.281,1476.64
77,2024-01-06,бытовая техника,1506.87,1541.66,83,960,0.279,1479.16
77,2024-01-07,бытовая техника,1601.8,1646.06,92,148,0.115,1468.33
77,2024-01-08,бытовая техника,1691.43,1648.6,85,364,0.153,1463.64
77,2024-01-09,бытовая техника,1579.88,1552.85,91,845,0.277,1490.59
77,2024-01-10,бытовая техника,1733.36,1743.66,88,239,0.192,1473.83
77,2024-01-11,бытовая техника,1509.09,1479.42,104,823,0.231,1502.86
77,2024-01-12,бытовая техника,1626.5,1625.78,90,864,0.13,1467.67
77,2024-01-13,бытовая техника,1401.03,1436.19,123,82,0.335,1545.88
77,2024-01-14,бытовая техника,1431.55,1421.56,92,704,0.375,1506.47
77,2024-01-15,бытовая техника,1451.68,1491.84,93,791,0.168,1477.6
77,2024-01-16,бытовая техника,1436.67,1415.63,125,788,0.291,1542.36
77,2024-01-17,бытовая техника,1480.38,1496.15,75,929,0.173,1451.98
77,2024-01-18,бытовая техника,1467.47,1460.84,96,676,0.389,1514.36
77,2024-01-19,бытовая техника,1397.69,1315.05,99,693,0.307,1506.67
77,2024-01-20,бытовая техника,1385.0,1473.34,101,993,0.144,1485.74
77,2024-01-21,бытовая техника,1291.09,1392.98,105,965,0.362,1523.48
77,2024-01-22,бытовая техника,1394.12,1438.49,91,676,0.275,1490.37
77,2024-01-23,бытовая техника,1225.09,1159.56,125,437,0.194,1528.29
77,2024-01-24,бытовая техника,1423.13,1450.11,108,641,0.127,1493.54
77,2024-01-25,бытовая техника,1310.55,1298.26,124,87,0.334,1547.28
77,2024-01-26,бытовая техника,1313.07,1315.72,108,567,0.205,1504.92
77,2024-01-27,бытовая техника,1394.4,1359.5,123,257,0.12,1514.41
77,2024-01-28,бытовая техника,1377.78,1421.77,105,618,0.358,1523.03
77,2024-01-29,бытовая техника,1358.6,1354.37,112,619,0.301,1524.91
77,2024-01-30,бытовая техника,1439.14,1494.57,85,74,0.197,1470.13
77,2024-01-31,бытовая техника,1514.96,1460.48,82,970,0.133,1456.32
77,2024-02-01,бытовая техника,1412.3,1463.79,94,415,0.253,1491.55
77,2024-02-02,бытовая техника,1622.51,1674.74,91,792,0.205,1480.1
77,2024-02-03,бытовая техника,1618.05,1634.35,95,736,0.352,1507.44
77,2024-02-04,бытовая техника,1601.23,1573.95,101,759,0.341,1514.65
77,2024-02-05,бытовая техника,1596.03,1670.41,77,349,0.215,1461.13
77,2024-02-06,бытовая техника,1548.82,1600.48,103,90,0.15,1489.54
77,2024-02-07,бытовая техника,1605.32,1594.68,99,359,0.2,1491.02
77,2024-02-08,бытовая техника,1619.51,1579.48,108,659,0.391,1532.13
77,2024-02-09,бытовая техника,1480.36,1459.09,112,429,0.359,1533.39
77,2024-02-10,бытовая техника,1550.31,1569.66,110,750,0.386,1534.32
77,2024-02-11,бытовая техника,1553.5,1519.07,108,501,0.12,1492.45
77,2024-02-12,бытовая техника,1590.92,1580.18,96,331,0.378,1512.76
77,2024-02-13,бытовая техника,1408.44,1456.71,103,149,0.143,1488.55
77,2024-02-14,бытовая техника,1450.24,1453.54,85,834,0.238,1476.13
77,2024-02-15,бытовая техника,1345.71,1324.26,118,745,0.342,1539.61
77,2024-02-16,бытовая техника,1469.2,1482.62,96,128,0.354,1509.18
77,2024-02-17,бытовая техника,1239.74,1182.76,106,519,0.351,1523.42
77,2024-02-18,бытовая техника,1361.35,1355.65,102,142,0.301,1510.29
77,2024-02-19,бытовая техника,1410.02,1448.85,105,312,0.139,1490.9
77,2024-02-20,бытовая техника,1305.48,1303.01,97,149,0.29,1501.28
77,2024-02-21,бытовая техника,1464.67,1432.89,105,32,0.258,1508.36
77,2024-02-22,бытовая техника,1334.96,1322.64,111,19,0.268,1518.51
77,2024-02-23,бытовая техника,1323.89,1310.12,99,502,0.105,1477.13
77,2024-02-24,бытовая техника,1315.61,1315.34,114,243,0.335,1532.76
77,2024-02-25,бытовая техника,1455.05,1393.64,104,959,0.148,1490.77
77,2024-02-26,бытовая техника,1319.18,1366.44,114,795,0.317,1530.1
77,2024-02-27,бытовая техника,1320.97,1343.7,116,750,0.355,1538.61
77,2024-02-28,бытовая техника,1351.89,1367.96,114,185,0.265,1522.54
77,2024-02-29,бытовая техника,1439.87,1350.78,116,973,0.374,1541.38
77,2024-03-01,бытовая техника,1523.88,1564.78,97,820,0.163,1482.75
77,2024-03-02,бытовая техника,1462.89,1488.42,100,536,0.309,1508.41
77,2024-03-03,бытовая техника,1554.77,1567.58,83,488,0.245,1474.19
77,2024-03-04,бытовая техника,1495.39,1503.59,99,682,0.369,1515.78
77,2024-03-05,бытовая техника,1720.92,1684.07,63,225,0.183,1435.91
77,2024-03-06,бытовая техника,1619.41,1659.95,81,256,0.278,1476.18
77,2024-03-07,бытовая техника,1539.55,1522.46,94,767,0.105,1469.83
77,2024-03-08,бытовая техника,1711.84,1705.89,81,659,0.346,1486.1
77,2024-03-09,бытовая техника,1563.6,1488.25,93,984,0.211,1483.9
77,2024-03-10,бытовая техника,1475.43,1501.08,116,564,0.291,1529.28
77,2024-03-11,бытовая техника,1468.2,1497.78,96,145,0.103,1472.48
77,2024-03-12,бытовая техника,1612.93,1613.46,98,68,0.183,1487.1
77,2024-03-13,бытовая техника,1551.34,1608.94,97,440,0.194,1487.2
77,2024-03-14,бытовая техника,1511.96,1441.96,110,54,0.108,1493.76
77,2024-03-15,бытовая техника,1531.7,1536.31,89,907,0.186,1474.39
77,2024-03-16,бытовая техника,1545.9,1592.26,99,179,0.397,1519.88
77,2024-03-17,бытовая техника,1352.39,1340.11,85,762,0.144,1462.42
77,2024-03-18,бытовая техника,1417.71,1401.04,91,183,0.25,1486.68
77,2024-03-19,бытовая техника,1262.81,1278.81,98,584,0.162,1484.07
77,2024-03-20,бытовая техника,1416.25,1412.65,110,352,0.258,1515.63
77,2024-03-21,бытовая техника,1315.98,1301.02,115,456,0.372,1539.59
77,2024-03-22,бытовая техника,1265.69,1268.76,109,823,0.323,1523.74
77,2024-03-23,бытовая техника,1388.22,1415.52,106,334,0.212,1502.99
77,2024-03-24,бытовая техника,1351.41,1358.29,111,376,0.374,1534.13
77,2024-03-25,бытовая техника,1169.79,1203.44,113,264,0.33,1530.59
77,2024-03-26,бытовая техника,1396.54,1393.36,113,40,0.342,1532.37
77,2024-03-27,бытовая техника,1382.91,1374.82,106,978,0.3,1515.94
77,2024-03-28,бытовая техника,1399.42,1421.88,96,219,0.284,1499.02
77,2024-03-29,бытовая техника,1493.36,1527.14,107,346,0.228,1506.88
77,2024-03-30,бытовая техника,1492.34,1436.98,89,712,0.109,1463.15
78,2024-01-01,аксессуары,5002.89,5010.94,93,937,0.244,5052.65
78,2024-01-02,аксессуары,5105.84,4846.28,97,863,0.242,5071.74
78,2024-01-03,аксессуары,5261.57,4983.47,91,543,0.192,5017.1
78,2024-01-04,аксессуары,5040.57,4772.86,111,415,0.292,5165.68
78,2024-01-05,аксессуары,5222.61,5456.63,82,754,0.138,4945.56
78,2024-01-06,аксессуары,5298.38,5419.16,90,762,0.339,5085.09
78,2024-01-07,аксессуары,5532.91,5361.35,92,677,0.284,5067.52
78,2024-01-08,аксессуары,5302.26,5073.68,93,946,0.203,5032.36
78,2024-01-09,аксессуары,5332.64,5423.68,92,234,0.104,4978.02
78,2024-01-10,аксессуары,5246.28,5396.51,87,716,0.144,4973.2
78,2024-01-11,аксессуары,5131.82,4988.06,116,855,0.349,5218.84
78,2024-01-12,аксессуары,5513.92,5555.57,88,954,0.189,5000.29
78,2024-01-13,аксессуары,5222.19,5116.17,85,912,0.263,5022.45
78,2024-01-14,аксессуары,5272.32,4980.75,101,449,0.337,5138.76
78,2024-01-15,аксессуары,5092.18,5157.36,103,695,0.244,5102.57
78,2024-01-16,аксессуары,5071.94,5096.01,99,405,0.363,5141.64
78,2024-01-17,аксессуары,5004.36,5073.8,93,24,0.234,5047.91
78,2024-01-18,аксессуары,4560.6,4566.24,110,629,0.306,5167.84
78,2024-01-19,аксессуары,4634.5,4522.89,124,771,0.12,5145.14
78,2024-01-20,аксессуары,4577.41,4774.76,108,30,0.199,5104.61
78,2024-01-21,аксессуары,4554.51,4272.4,114,617,0.337,5203.3
78,2024-01-22,аксессуары,4104.13,3996.52,130,682,0.397,5312.34
78,2024-01-23,аксессуары,4374.14,4421.0,118,948,0.267,5188.21
78,2024-01-24,аксессуары,4389.95,4566.46,109,300,0.242,5131.1
78,2024-01-25,аксессуары,4779.62,5020.25,103,489,0.145,5053.18
78,2024-01-26,аксессуары,4130.0,4291.45,113,933,0.35,5204.56
78,2024-01-27,аксессуары,4668.06,4663.67,105,256,0.244,5112.42
78,2024-01-28,аксессуары,4611.3,4431.56,105,735,0.365,5172.13
78,2024-01-29,аксессуары,4636.19,4570.73,104,928,0.133,5052.19
78,2024-01-30,аксессуары,5082.83,4839.15,108,516,0.3,5154.86
78,2024-01-31,аксессуары,5335.03,5334.17,93,736,0.332,5096.32
78,2024-02-01,аксессуары,4577.69,4572.55,122,634,0.182,5165.81
78,2024-02-02,аксессуары,4651.73,4701.05,98,793,0.124,5017.88
78,2024-02-03,аксессуары,5512.79,5576.05,98,767,0.309,5109.84
78,2024-02-04,аксессуары,5636.61,5827.72,77,413,0.25,4976.13
78,2024-02-05,аксессуары,5469.79,5448.12,87,193,0.388,5094.52
78,2024-02-06,аксессуары,5902.64,6177.69,70,571,0.342,4986.91
78,2024-02-07,аксессуары,5095.25,5094.03,95,12,0.354,5117.08
78,2024-02-08,аксессуары,5625.9,5657.78,80,587,0.221,4976.53
78,2024-02-09,аксессуары,5594.71,5780.49,71,419,0.107,4875.62
78,2024-02-10,аксессуары,5779.32,5797.92,90,605,0.269,5050.37
78,2024-02-11,аксессуары,5544.04,5716.0,74,378,0.279,4975.54
78,2024-02-12,аксессуары,5142.74,5270.93,91,240,0.317,5078.87
78,2024-02-13,аксессуары,5171.21,5142.18,85,431,0.107,4944.93
78,2024-02-14,аксессуары,4406.59,4317.8,99,475,0.101,5011.47
78,2024-02-15,аксессуары,4878.07,4923.97,105,434,0.218,5099.32
78,2024-02-16,аксессуары,4464.17,4549.93,107,309,0.24,5120.43
78,2024-02-17,аксессуары,5015.26,4979.04,94,256,0.202,5036.64
78,2024-02-18,аксессуары,4443.1,4419.19,117,297,0.237,5168.15
78,2024-02-19,аксессуары,4434.4,4341.2,120,465,0.371,5249.88
78,2024-02-20,аксессуары,4740.93,4746.38,94,198,0.155,5013.52
78,2024-02-21,аксессуары,4472.32,4162.88,111,830,0.294,5167.13
78,2024-02-22,аксессуары,3953.13,3968.01,126,314,0.39,5289.29
78,2024-02-23,аксессуары,4604.05,4573.36,107,114,0.265,5132.63
78,2024-02-24,аксессуары,4612.13,4623.51,113,495,0.338,5198.75
78,2024-02-25,аксессуары,4758.21,4794.46,98,507,0.166,5038.61
78,2024-02-26,аксессуары,4314.34,3935.81,128,986,0.304,5256.04
78,2024-02-27,аксессуары,4832.45,4834.77,85,676,0.396,5088.49
78,2024-02-28,аксессуары,4952.26,5090.89,99,873,0.102,5011.9
78,2024-02-29,аксессуары,4832.86,4738.17,120,781,0.372,5250.45
78,2024-03-01,аксессуары,4937.74,5110.5,96,40,0.316,5103.1
78,2024-03-02,аксессуары,4725.42,4823.06,93,413,0.138,4999.97
78,2024-03-03,аксессуары,5112.52,5107.4,113,46,0.171,5115.93
78,2024-03-04,аксессуары,4595.1,4748.73,114,262,0.297,5183.5
78,2024-03-05,аксессуары,5344.7,5278.59,76,424,0.216,4954.3
78,2024-03-06,аксессуары,5180.07,5148.18,90,634,0.199,5015.51
78,2024-03-07,аксессуары,5311.17,5316.3,87,416,0.133,4967.87
78,2024-03-08,аксессуары,5502.47,5584.73,88,131,0.279,5045.44
78,2024-03-09,аксессуары,5335.13,5451.33,104,116,0.156,5063.78
78,2024-03-10,аксессуары,5538.24,5929.76,56,391,0.383,4937.89
78,2024-03-11,аксессуары,5112.23,4897.83,103,329,0.168,5064.58
78,2024-03-12,аксессуары,5166.94,5114.99,103,302,0.236,5098.24
78,2024-03-13,аксессуары,5193.63,5337.39,104,840,0.18,5075.65
78,2024-03-14,аксессуары,5556.73,5438.26,91,339,0.224,5032.96
78,2024-03-15,аксессуары,4993.16,4728.67,101,894,0.144,5042.87
78,2024-03-16,аксессуары,4920.14,5001.54,99,871,0.336,5128.28
78,2024-03-17,аксессуары,4762.92,4721.98,106,81,0.266,5128.29
78,2024-03-18,аксессуары,4892.4,5073.37,114,708,0.379,5223.86
78,2024-03-19,аксессуары,4264.06,4561.12,102,683,0.359,5154.29
78,2024-03-20,аксессуары,4500.19,4452.33,107,986,0.114,5057.39
78,2024-03-21,аксессуары,4410.85,4798.49,108,700,0.279,5144.35
78,2024-03-22,аксессуары,4990.81,4976.12,102,808,0.337,5143.71
78,2024-03-23,аксессуары,4421.51,4560.76,122,87,0.317,5232.72
78,2024-03-24,аксессуары,4438.25,4290.22,106,313,0.324,5156.94
78,2024-03-25,аксессуары,4405.72,4474.97,119,904,0.28,5199.7
78,2024-03-26,аксессуары,4101.75,3911.46,121,985,0.168,5153.89
78,2024-03-27,аксессуары,4586.65,4495.23,104,986,0.16,5065.46
78,2024-03-28,аксессуары,4699.9,4738.6,101,879,0.375,5157.57
78,2024-03-29,аксессуары,5019.8,4788.47,110,40,0.165,5097.71
78,2024-03-30,аксессуары,4859.97,4630.83,105,254,0.334,5157.15
79,2024-01-01,аксессуары,4360.86,4368.95,109,412,0.286,4177.66
79,2024-01-02,аксессуары,4257.46,4126.25,94,634,0.116,4048.66
79,2024-01-03,аксессуары,4273.38,4260.65,97,111,0.222,4103.45
79,2024-01-04,аксессуары,3928.61,4004.39,107,209,0.333,4188.31
79,2024-01-05,аксессуары,4273.88,4066.05,84,39,0.374,4112.35
79,2024-01-06,аксессуары,4464.05,4406.54,95,30,0.19,4082.6
79,2024-01-07,аксессуары,4010.45,3883.02,97,512,0.378,4166.18
79,2024-01-08,аксессуары,4456.8,4455.14,83,694,0.109,4001.55
79,2024-01-09,аксессуары,4153.89,4251.13,71,788,0.253,4011.15
79,2024-01-10,аксессуары,4263.19,4529.38,80,241,0.305,4068.49
79,2024-01-11,аксессуары,4648.01,4746.9,81,397,0.167,4017.07
79,2024-01-12,аксессуары,4671.82,4804.35,82,31,0.256,4057.04
79,2024-01-13,аксессуары,3966.49,3907.91,129,252,0.223,4232.86
79,2024-01-14,аксессуары,4246.47,4138.53,115,412,0.213,4172.46
79,2024-01-15,аксессуары,3879.48,3948.86,90,948,0.385,4141.07
79,2024-01-16,аксессуары,3967.05,3868.3,103,604,0.179,4110.33
79,2024-01-17,аксессуары,4228.16,4346.65,86,992,0.224,4060.08
79,2024-01-18,аксессуары,3777.14,3828.96,92,456,0.388,4150.07
79,2024-01-19,аксессуары,3843.43,3827.54,119,319,0.265,4209.59
79,2024-01-20,аксессуары,3854.25,3869.78,115,465,0.305,4209.62
79,2024-01-21,аксессуары,3710.54,3545.77,128,587,0.324,4269.53
79,2024-01-22,аксессуары,3510.74,3346.52,129,717,0.111,4187.76
79,2024-01-23,аксессуары,3620.37,3797.91,104,868,0.128,4093.71
79,2024-01-24,аксессуары,3703.18,3552.14,101,550,0.326,4161.43
79,2024-01-25,аксессуары,3819.12,3878.62,83,547,0.288,4073.66
79,2024-01-26,аксессуары,3721.53,3846.43,99,998,0.115,4068.33
79,2024-01-27,аксессуары,3542.25,3748.01,85,452,0.339,4102.48
79,2024-01-28,аксессуары,3773.31,3800.79,118,797,0.131,4151.27
79,2024-01-29,аксессуары,3312.51,3553.18,105,67,0.361,4191.84
79,2024-01-30,аксессуары,3880.85,4031.31,90,160,0.337,4121.86
79,2024-01-31,аксессуары,3899.13,3858.18,100,246,0.387,4182.22
79,2024-02-01,аксессуары,4016.92,4036.49,113,442,0.21,4162.97
79,2024-02-02,аксессуары,4190.2,4310.79,80,444,0.373,4095.77
79,2024-02-03,аксессуары,4343.61,4138.28,96,720,0.287,4125.5
79,2024-02-04,аксессуары,4354.96,4474.15,88,29,0.132,4030.89
79,2024-02-05,аксессуары,4222.68,4260.59,84,10,0.334,4096.3
79,2024-02-06,аксессуары,4698.62,4320.81,94,711,0.109,4046.1
79,2024-02-07,аксессуары,4545.05,4457.04,103,630,0.214,4124.46
79,2024-02-08,аксессуары,4528.25,4572.12,76,364,0.376,4081.09
79,2024-02-09,аксессуары,4332.98,4384.33,84,704,0.181,4034.87
79,2024-02-10,аксессуары,4394.24,4490.41,87,753,0.298,4094.03
79,2024-02-11,аксессуары,4329.48,4068.36,117,904,0.19,4171.06
79,2024-02-12,аксессуары,4423.03,4343.84,82,954,0.356,4097.01
79,2024-02-13,аксессуары,4339.36,4571.17,93,626,0.281,4111.33
79,2024-02-14,аксессуары,4181.98,4231.42,75,561,0.283,4039.37
79,2024-02-15,аксессуары,4393.42,4527.82,70,615,0.283,4019.33
79,2024-02-16,аксессуары,3813.41,3796.57,92,483,0.358,4138.23
79,2024-02-17,аксессуары,3746.44,3527.25,119,947,0.282,4216.26
79,2024-02-18,аксессуары,3544.56,3482.04,124,979,0.252,4224.21
79,2024-02-19,аксессуары,3440.16,3357.35,114,430,0.344,4221.03
79,2024-02-20,аксессуары,3936.12,4040.4,69,844,0.365,4048.5
79,2024-02-21,аксессуары,3476.99,3155.62,120,578,0.346,4246.19
79,2024-02-22,аксессуары,3373.08,3440.05,102,513,0.184,4108.54
79,2024-02-23,аксессуары,3357.61,3399.7,113,730,0.14,4134.91
79,2024-02-24,аксессуары,3506.77,3278.0,118,148,0.119,4146.5
79,2024-02-25,аксессуары,4184.41,4326.91,85,343,0.186,4040.89
79,2024-02-26,аксессуары,3668.28,3602.94,106,187,0.124,4100.16
79,2024-02-27,аксессуары,3943.92,3996.68,111,401,0.356,4213.83
79,2024-02-28,аксессуары,3847.62,3676.25,100,364,0.262,4131.68
79,2024-02-29,аксессуары,3990.5,4127.81,98,199,0.187,4093.33
79,2024-03-01,аксессуары,3881.79,3824.45,119,262,0.244,4200.79
79,2024-03-02,аксессуары,4040.26,4073.96,112,546,0.33,4207.41
79,2024-03-03,аксессуары,4370.57,4361.39,100,804,0.227,4117.69
79,2024-03-04,аксессуары,4237.74,4190.59,96,117,0.373,4160.13
79,2024-03-05,аксессуары,4640.3,4770.22,80,195,0.203,4027.26
79,2024-03-06,аксессуары,4409.35,4490.89,86,507,0.127,4020.94
79,2024-03-07,аксессуары,4762.39,4589.0,90,530,0.386,4141.35
79,2024-03-08,аксессуары,4566.15,4525.19,92,136,0.334,4128.68
79,2024-03-09,аксессуары,4742.04,4834.59,68,492,0.394,4056.12
79,2024-03-10,аксессуары,4494.23,4340.13,110,846,0.17,4134.79
79,2024-03-11,аксессуары,4296.84,4449.54,89,823,0.27,4090.6
79,2024-03-12,аксессуары,4739.31,4690.34,81,479,0.205,4032.43
79,2024-03-13,аксессуары,4311.96,4351.63,82,990,0.231,4046.69
79,2024-03-14,аксессуары,4124.33,4100.76,102,252,0.304,4156.69
79,2024-03-15,аксессуары,4146.31,4076.3,89,956,0.115,4028.35
79,2024-03-16,аксессуары,3914.8,4112.64,113,837,0.394,4237.31
79,2024-03-17,аксессуары,3766.22,3775.0,116,983,0.245,4189.45
79,2024-03-18,аксессуары,3779.81,3682.26,102,628,0.122,4083.4
79,2024-03-19,аксессуары,3694.31,3560.1,115,901,0.271,4195.76
79,2024-03-20,аксессуары,3418.35,3448.4,108,280,0.301,4179.57
79,2024-03-21,аксессуары,3640.23,3740.81,112,995,0.34,4211.48
79,2024-03-22,аксессуары,3747.61,3812.57,98,383,0.102,4059.1
79,2024-03-23,аксессуары,4058.96,4019.13,90,177,0.319,4114.56
79,2024-03-24,аксессуары,3714.07,3600.62,120,534,0.205,4189.29
79,2024-03-25,аксессуары,3707.95,3690.12,98,469,0.113,4063.74
79,2024-03-26,аксессуары,3598.61,3661.79,104,320,0.324,4172.81
79,2024-03-27,аксессуары,3729.51,3911.71,91,331,0.378,4142.39
79,2024-03-28,аксессуары,3941.17,3951.03,125,587,0.225,4217.34
79,2024-03-29,аксессуары,3917.38,3748.78,119,654,0.251,4203.81
79,2024-03-30,аксессуары,3670.2,3649.24,118,885,0.296,4218.07
80,2024-01-01,бытовая техника,2325.67,2335.83,77,694,0.263,2294.03
80,2024-01-02,бытовая техника,2355.15,2393.45,95,95,0.335,2351.59
80,2024-01-03,бытовая техника,2367.19,2429.08,84,26,0.352,2330.49
80,2024-01-04,бытовая техника,2268.19,2226.16,92,706,0.312,2339.63
80,2024-01-05,бытовая техника,2361.61,2376.27,82,741,0.192,2289.36
80,2024-01-06,бытовая техника,2277.3,2305.06,107,346,0.172,2341.86
80,2024-01-07,бытовая техника,2492.79,2480.93,108,921,0.318,2377.53
80,2024-01-08,бытовая техника,2536.8,2639.65,76,422,0.154,2266.8
80,2024-01-09,бытовая техника,2772.24,2744.53,52,918,0.388,2265.58
80,2024-01-10,бытовая техника,2630.17,2736.44,95,664,0.327,2349.75
80,2024-01-11,бытовая техника,2505.67,2506.0,85,461,0.368,2336.3
80,2024-01-12,бытовая техника,2478.85,2417.09,96,173,0.393,2367.26
80,2024-01-13,бытовая техника,2289.96,2287.59,94,736,0.118,2299.72
80,2024-01-14,бытовая техника,2402.85,2463.73,77,989,0.105,2257.86
80,2024-01-15,бытовая техника,2214.11,2218.16,102,711,0.196,2335.81
80,2024-01-16,бытовая техника,2517.82,2537.73,74,591,0.202,2273.14
80,2024-01-17,бытовая техника,2325.82,2317.41,80,203,0.133,2271.08
80,2024-01-18,бытовая техника,2133.59,2167.85,111,832,0.315,2383.76
80,2024-01-19,бытовая техника,2283.6,2278.81,105,36,0.126,2326.76
80,2024-01-20,бытовая техника,2043.13,2020.74,111,205,0.13,2341.27
80,2024-01-21,бытовая техника,1979.62,2005.66,108,147,0.254,2362.91
80,2024-01-22,бытовая техника,1958.23,2085.94,121,736,0.163,2371.83
80,2024-01-23,бытовая техника,2080.33,2110.25,75,728,0.24,2284.25
80,2024-01-24,бытовая техника,2038.29,1991.13,119,484,0.133,2360.46
80,2024-01-25,бытовая техника,1831.33,1807.54,120,925,0.146,2365.71
80,2024-01-26,бытовая техника,2158.14,2151.06,105,755,0.269,2359.35
80,2024-01-27,бытовая техника,2148.28,2168.54,120,424,0.158,2368.29
80,2024-01-28,бытовая техника,2369.69,2422.05,83,868,0.25,2304.9
80,2024-01-29,бытовая техника,1969.8,1992.85,110,419,0.375,2395.08
80,2024-01-30,бытовая техника,2399.23,2284.49,103,166,0.19,2336.78
80,2024-01-31,бытовая техника,2244.74,2188.25,96,344,0.198,2322.57
80,2024-02-01,бытовая техника,2225.54,2082.42,110,840,0.321,2382.71
80,2024-02-02,бытовая техника,2496.43,2440.95,96,323,0.387,2365.78
80,2024-02-03,бытовая техника,2144.63,2154.14,105,173,0.171,2337.06
80,2024-02-04,бытовая техника,2458.62,2387.78,115,503,0.284,2385.85
80,2024-02-05,бытовая техника,2532.14,2615.85,82,754,0.271,2307.3
80,2024-02-06,бытовая техника,2544.88,2537.45,94,142,0.331,2348.51
80,2024-02-07,бытовая техника,2505.8,2533.39,75,495,0.258,2288.33
80,2024-02-08,бытовая техника,2577.1,2557.75,94,897,0.237,2326.95
80,2024-02-09,бытовая техника,2570.09,2593.35,78,836,0.361,2318.77
80,2024-02-10,бытовая техника,2427.59,2454.59,108,773,0.147,2338.32
80,2024-02-11,бытовая техника,2554.01,2519.71,109,897,0.334,2383.38
80,2024-02-12,бытовая техника,2504.62,2507.71,83,589,0.317,2320.02
80,2024-02-13,бытовая техника,2092.6,2224.34,103,67,0.179,2334.19
80,2024-02-14,бытовая техника,2498.85,2353.8,98,316,0.247,2338.3
80,2024-02-15,бытовая техника,2273.55,2309.72,79,501,0.149,2272.67
80,2024-02-16,бытовая техника,2247.25,2139.25,121,492,0.223,2385.57
80,2024-02-17,бытовая техника,1980.81,1889.24,115,170,0.219,2370.96
80,2024-02-18,бытовая техника,2309.75,2294.03,89,610,0.397,2352.07
80,2024-02-19,бытовая техника,2120.66,2243.37,105,645,0.136,2328.98
80,2024-02-20,бытовая техника,2211.85,2149.84,107,183,0.295,2370.03
80,2024-02-21,бытовая техника,2024.63,1890.58,106,87,0.289,2366.37
80,2024-02-22,бытовая техника,2203.98,2190.48,100,643,0.251,2343.98
80,2024-02-23,бытовая техника,1902.34,1887.08,121,830,0.106,2358.75
80,2024-02-24,бытовая техника,2223.24,2181.38,125,893,0.261,2403.25
80,2024-02-25,бытовая техника,2112.75,2260.99,87,561,0.264,2317.23
80,2024-02-26,бытовая техника,1988.66,2084.71,113,469,0.297,2384.18
80,2024-02-27,бытовая техника,2101.66,2239.24,93,651,0.398,2361.41
80,2024-02-28,бытовая техника,2324.02,2438.19,93,86,0.235,2324.29
80,2024-02-29,бытовая техника,2380.14,2417.7,102,108,0.316,2363.44
80,2024-03-01,бытовая техника,2364.52,2365.65,103,42,0.248,2350.09
80,2024-03-02,бытовая техника,2587.71,2396.0,92,153,0.163,2305.55
80,2024-03-03,бытовая техника,2277.75,2179.49,100,178,0.371,2371.37
80,2024-03-04,бытовая техника,2444.32,2412.44,85,472,0.298,2320.32
80,2024-03-05,бытовая техника,2447.09,2548.91,101,181,0.335,2365.36
80,2024-03-06,бытовая техника,2384.11,2440.93,95,129,0.256,2333.69
80,2024-03-07,бытовая техника,2599.93,2578.32,86,933,0.22,2304.88
80,2024-03-08,бытовая техника,2393.39,2268.05,102,782,0.297,2359.05
80,2024-03-09,бытовая техника,2464.13,2511.89,103,813,0.258,2352.45
80,2024-03-10,бытовая техника,2605.31,2599.6,79,432,0.305,2308.33
80,2024-03-11,бытовая техника,2418.15,2281.77,96,328,0.213,2326.09
80,2024-03-12,бытовая техника,2221.08,2183.44,117,797,0.204,2372.02
80,2024-03-13,бытовая техника,2589.13,2451.44,83,939,0.211,2295.8
80,2024-03-14,бытовая техника,2302.64,2295.87,92,331,0.181,2309.55
80,2024-03-15,бытовая техника,2449.61,2475.41,98,620,0.2,2327.68
80,2024-03-16,бытовая техника,2532.35,2471.36,81,303,0.129,2272.66
80,2024-03-17,бытовая техника,2264.83,2148.88,120,778,0.226,2384.02
80,2024-03-18,бытовая техника,2209.85,2154.6,105,189,0.118,2325.0
80,2024-03-19,бытовая техника,2155.47,2127.4,97,683,0.248,2336.3
80,2024-03-20,бытовая техника,1939.5,2000.93,116,523,0.276,2386.1
80,2024-03-21,бытовая техника,2323.17,2314.54,120,695,0.287,2397.97
80,2024-03-22,бытовая техника,2078.15,1984.52,117,542,0.259,2384.68
80,2024-03-23,бытовая техника,2002.13,1933.88,108,569,0.176,2345.06
80,2024-03-24,бытовая техника,2259.44,2310.24,93,272,0.247,2326.92
80,2024-03-25,бытовая техника,1896.59,1816.62,115,95,0.107,2345.31
80,2024-03-26,бытовая техника,1974.92,1962.68,111,709,0.339,2389.14
80,2024-03-27,бытовая техника,1987.3,2022.22,107,559,0.18,2343.62
80,2024-03-28,бытовая техника,2128.43,2217.42,94,44,0.388,2361.53
80,2024-03-29,бытовая техника,2187.15,2302.2,91,811,0.263,2326.06
80,2024-03-30,бытовая техника,2131.11,2193.89,110,159,0.38,2396.29
81,2024-01-01,электроника,4313.31,4225.26,91,924,0.103,4307.22
81,2024-01-02,электроника,4178.1,4126.49,106,497,0.363,4483.37
81,2024-01-03,электроника,4231.22,4385.4,100,357,0.199,4386.86
81,2024-01-04,электроника,4767.97,4653.07,95,414,0.216,4372.97
81,2024-01-05,электроника,4755.96,4768.22,78,167,0.136,4265.21
81,2024-01-06,электроника,4739.41,5075.42,89,763,0.34,4400.46
81,2024-01-07,электроника,4627.33,4477.45,99,246,0.329,4438.73
81,2024-01-08,электроника,4772.77,4633.88,105,675,0.186,4402.84
81,2024-01-09,электроника,4780.01,4771.77,87,428,0.387,4411.89
81,2024-01-10,электроника,4805.0,4898.29,80,685,0.384,4380.61
81,2024-01-11,электроника,4527.26,4697.89,87,398,0.293,4371.65
81,2024-01-12,электроника,4679.29,4496.98,113,684,0.217,4450.57
81,2024-01-13,электроника,4546.96,4652.37,104,20,0.29,4443.27
81,2024-01-14,электроника,3967.71,3950.0,114,546,0.284,4483.6
81,2024-01-15,электроника,4417.08,4445.39,87,148,0.157,4312.97
81,2024-01-16,электроника,4538.76,4494.04,90,554,0.281,4379.42
81,2024-01-17,электроника,3918.48,4041.56,105,391,0.137,4381.69
81,2024-01-18,электроника,3803.31,3676.02,110,985,0.327,4485.11
81,2024-01-19,электроника,4016.04,4217.9,102,48,0.193,4393.25
81,2024-01-20,электроника,4100.01,4187.53,105,548,0.389,4490.46
81,2024-01-21,электроника,3481.15,3431.24,137,54,0.375,4621.83
81,2024-01-22,электроника,3924.25,3788.9,118,114,0.137,4437.66
81,2024-01-23,электроника,3690.93,3742.94,103,125,0.205,4402.5
81,2024-01-24,электроника,3877.28,3939.8,99,123,0.4,4468.99
81,2024-01-25,электроника,3714.97,3700.41,117,819,0.264,4488.05
81,2024-01-26,электроника,3669.25,3565.91,138,700,0.18,4542.49
81,2024-01-27,электроника,3838.0,3776.11,121,110,0.384,4556.9
81,2024-01-28,электроника,3841.63,3800.86,116,919,0.356,4523.42
81,2024-01-29,электроника,4169.07,4226.98,104,835,0.161,4387.91
81,2024-01-30,электроника,4435.49,4556.37,91,727,0.227,4360.24
81,2024-01-31,электроника,4423.61,4420.97,80,160,0.274,4333.46
81,2024-02-01,электроника,4694.07,4567.18,90,546,0.208,4347.82
81,2024-02-02,электроника,4212.58,4298.13,81,531,0.162,4289.18
81,2024-02-03,электроника,4313.97,4221.85,108,255,0.167,4407.53
81,2024-02-04,электроника,4389.17,4518.82,105,431,0.26,4434.85
81,2024-02-05,электроника,4510.37,4324.44,106,723,0.186,4407.41
81,2024-02-06,электроника,4560.13,4562.91,91,898,0.365,4419.85
81,2024-02-07,электроника,4628.23,4424.39,84,652,0.279,4352.42
81,2024-02-08,электроника,4613.56,4420.35,92,628,0.188,4347.74
81,2024-02-09,электроника,4816.81,4621.17,75,445,0.245,4299.49
81,2024-02-10,электроника,5002.83,5070.77,71,908,0.124,4230.1
81,2024-02-11,электроника,4466.64,4348.17,109,534,0.109,4387.05
81,2024-02-12,электроника,4640.04,4614.96,90,744,0.286,4381.59
81,2024-02-13,электроника,4569.47,4752.06,68,214,0.255,4273.38
81,2024-02-14,электроника,4322.74,4303.53,95,162,0.351,4430.91
81,2024-02-15,электроника,4142.9,4341.94,91,626,0.26,4374.71
81,2024-02-16,электроника,3988.12,4162.62,90,455,0.121,4310.51
81,2024-02-17,электроника,4272.54,4318.07,105,844,0.186,4402.74
81,2024-02-18,электроника,4195.58,4034.71,124,660,0.234,4505.41
81,2024-02-19,электроника,4028.13,4195.21,87,456,0.324,4384.9
81,2024-02-20,электроника,3680.7,3740.08,128,74,0.395,4591.87
81,2024-02-21,электроника,4053.64,3951.92,104,269,0.123,4371.71
81,2024-02-22,электроника,3842.7,4112.27,97,148,0.383,4453.23
81,2024-02-23,электроника,4002.55,4261.92,89,734,0.324,4393.4
81,2024-02-24,электроника,4264.81,4333.63,103,229,0.123,4367.33
81,2024-02-25,электроника,3774.51,3977.01,122,494,0.237,4498.03
81,2024-02-26,электроника,4018.43,4043.31,119,435,0.326,4523.55
81,2024-02-27,электроника,4049.69,4035.93,121,272,0.122,4444.15
81,2024-02-28,электроника,3932.84,3949.65,112,324,0.322,4491.61
81,2024-02-29,электроника,4257.2,4244.3,97,435,0.376,4450.36
81,2024-03-01,электроника,4281.43,4351.93,100,179,0.396,4471.68
81,2024-03-02,электроника,4278.66,4472.91,93,810,0.253,4379.95
81,2024-03-03,электроника,4820.59,4811.7,84,487,0.168,4304.9
81,2024-03-04,электроника,4749.79,4809.47,88,332,0.257,4360.2
81,2024-03-05,электроника,4673.39,4759.82,84,132,0.333,4376.01
81,2024-03-06,электроника,4575.49,4578.26,90,528,0.393,4427.67
81,2024-03-07,электроника,4797.2,4676.5,90,182,0.209,4348.13
81,2024-03-08,электроника,4690.14,4710.49,98,872,0.275,4411.14
81,2024-03-09,электроника,4951.38,5001.95,86,779,0.247,4347.27
81,2024-03-10,электроника,4824.82,4935.96,97,937,0.255,4398.31
81,2024-03-11,электроника,4852.42,4748.25,93,899,0.259,4382.69
81,2024-03-12,электроника,4794.08,4774.63,94,325,0.105,4320.82
81,2024-03-13,электроника,4824.36,4910.21,80,709,0.398,4386.76
81,2024-03-14,электроника,4428.35,4340.31,111,275,0.354,4501.23
81,2024-03-15,электроника,4815.49,5019.81,63,473,0.123,4195.18
81,2024-03-16,электроника,4079.88,3887.97,100,402,0.206,4390.12
81,2024-03-17,электроника,4386.31,4409.41,102,284,0.118,4360.59
81,2024-03-18,электроника,4218.97,4329.15,85,751,0.296,4364.1
81,2024-03-19,электроника,4407.04,4225.5,86,18,0.31,4374.47
81,2024-03-20,электроника,3777.07,3775.74,120,671,0.35,4537.92
81,2024-03-21,электроника,3579.58,3568.01,128,195,0.22,4516.48
81,2024-03-22,электроника,4088.25,4203.35,130,218,0.188,4511.16
81,2024-03-23,электроника,4024.72,3905.82,116,260,0.372,4530.39
81,2024-03-24,электроника,4217.63,4099.29,130,846,0.244,4535.34
81,2024-03-25,электроника,3819.63,3701.55,111,608,0.162,4418.32
81,2024-03-26,электроника,3942.81,3858.82,105,667,0.24,4426.04
81,2024-03-27,электроника,3968.58,3942.24,104,69,0.164,4389.12
81,2024-03-28,электроника,4196.08,4339.17,114,50,0.139,4421.28
81,2024-03-29,электроника,4095.96,3906.07,103,822,0.389,4481.79
81,2024-03-30,электроника,4075.54,4422.32,103,216,0.248,4421.18
82,2024-01-01,электроника,4149.35,4345.77,108,396,0.271,4361.13
82,2024-01-02,электроника,4207.03,4168.08,92,976,0.125,4232.35
82,2024-01-03,электроника,4392.38,4490.4,82,508,0.187,4216.33
82,2024-01-04,электроника,4563.37,4763.74,74,861,0.35,4251.31
82,2024-01-05,электроника,4186.45,4213.37,101,343,0.346,4363.51
82,2024-01-06,электроника,4479.52,4301.09,100,781,0.104,4257.04
82,2024-01-07,электроника,4477.66,4552.11,78,330,0.142,4180.57
82,2024-01-08,электроника,5087.25,4977.52,63,811,0.112,4104.78
82,2024-01-09,электроника,4715.88,4733.37,85,879,0.339,4293.02
82,2024-01-10,электроника,4933.82,4960.79,69,305,0.22,4175.27
82,2024-01-11,электроника,4680.31,4782.82,92,179,0.254,4286.68
82,2024-01-12,электроника,4554.33,4595.76,85,186,0.326,4287.46
82,2024-01-13,электроника,4465.76,4455.28,108,987,0.274,4362.5
82,2024-01-14,электроника,4775.27,4927.08,84,389,0.135,4202.68
82,2024-01-15,электроника,4390.67,4276.96,115,335,0.156,4342.23
82,2024-01-16,электроника,4205.1,4101.41,113,305,0.104,4312.03
82,2024-01-17,электроника,4161.45,4091.78,103,11,0.267,4338.38
82,2024-01-18,электроника,4138.66,4109.71,99,78,0.394,4375.3
82,2024-01-19,электроника,4038.48,4070.38,121,801,0.255,4409.21
82,2024-01-20,электроника,3877.35,4059.13,115,334,0.117,4325.96
82,2024-01-21,электроника,3732.97,3699.99,110,828,0.235,4354.55
82,2024-01-22,электроника,3674.03,3718.87,104,271,0.23,4327.2
82,2024-01-23,электроника,3828.27,3773.5,92,255,0.212,4269.0
82,2024-01-24,электроника,3793.92,3841.72,107,474,0.352,4391.11
82,2024-01-25,электроника,4069.36,4034.28,103,177,0.159,4293.08
82,2024-01-26,электроника,3629.97,3728.81,124,542,0.291,4436.94
82,2024-01-27,электроника,4220.15,4127.43,116,561,0.107,4325.84
82,2024-01-28,электроника,4074.11,3990.79,113,328,0.331,4407.64
82,2024-01-29,электроника,3959.15,3855.36,112,953,0.343,4408.64
82,2024-01-30,электроника,4075.71,4018.49,110,948,0.169,4326.66
82,2024-01-31,электроника,3845.96,3854.34,123,798,0.275,4425.97
82,2024-02-01,электроника,4139.56,4106.56,110,448,0.317,4389.21
82,2024-02-02,электроника,4253.33,4208.32,104,274,0.382,4391.25
82,2024-02-03,электроника,4642.77,4643.18,95,466,0.153,4256.7
82,2024-02-04,электроника,4475.67,4564.71,110,682,0.173,4328.59
82,2024-02-05,электроника,4505.27,4553.69,103,822,0.178,4300.9
82,2024-02-06,электроника,4857.71,4856.64,55,316,0.177,4098.36
82,2024-02-07,электроника,4204.66,4126.94,88,924,0.157,4228.74
82,2024-02-08,электроника,4276.75,4310.44,113,316,0.23,4364.88
82,2024-02-09,электроника,4620.99,4700.57,80,82,0.334,4269.93
82,2024-02-10,электроника,4644.36,4543.87,86,475,0.212,4243.69
82,2024-02-11,электроника,4540.86,4449.01,95,314,0.35,4339.67
82,2024-02-12,электроника,4514.65,4535.21,84,376,0.298,4271.58
82,2024-02-13,электроника,4539.07,4518.05,95,261,0.12,4242.79
82,2024-02-14,электроника,4406.8,4414.45,96,340,0.158,4263.09
82,2024-02-15,электроника,4017.53,4003.44,104,558,0.192,4311.15
82,2024-02-16,электроника,4500.23,4516.82,79,641,0.115,4173.31
82,2024-02-17,электроника,4030.31,4051.01,100,936,0.296,4337.99
82,2024-02-18,электроника,4239.47,4088.59,106,423,0.243,4340.89
82,2024-02-19,электроника,4036.15,4152.46,83,422,0.345,4286.95
82,2024-02-20,электроника,3564.77,3700.52,112,962,0.336,4405.38
82,2024-02-21,электроника,3435.23,3566.97,122,169,0.115,4354.43
82,2024-02-22,электроника,3772.15,3742.75,92,56,0.247,4283.8
82,2024-02-23,электроника,3592.81,3575.29,118,240,0.151,4352.74
82,2024-02-24,электроника,3787.93,3824.33,107,810,0.257,4351.12
82,2024-02-25,электроника,4172.64,4039.92,113,517,0.13,4322.98
82,2024-02-26,электроника,3899.64,3850.93,95,310,0.36,4344.03
82,2024-02-27,электроника,4072.43,3939.41,109,535,0.245,4354.63
82,2024-02-28,электроника,4384.23,4045.98,82,633,0.227,4233.21
82,2024-02-29,электроника,4148.15,3867.54,103,65,0.212,4315.44
82,2024-03-01,электроника,3674.2,3572.06,121,555,0.299,4427.81
82,2024-03-02,электроника,4539.39,4373.61,94,584,0.212,4277.59
82,2024-03-03,электроника,4483.81,4503.49,103,91,0.354,4375.29
82,2024-03-04,электроника,4520.1,4431.9,98,551,0.28,4323.1
82,2024-03-05,электроника,4591.68,4481.0,96,446,0.115,4245.0
82,2024-03-06,электроника,4663.18,4605.35,81,371,0.358,4283.95
82,2024-03-07,электроника,4502.85,4366.04,77,450,0.148,4178.93
82,2024-03-08,электроника,4585.61,4669.04,97,741,0.126,4253.76
82,2024-03-09,электроника,4857.01,5104.2,74,256,0.223,4197.9
82,2024-03-10,электроника,4339.78,4384.43,92,599,0.294,4303.56
82,2024-03-11,электроника,4769.33,4969.16,76,739,0.323,4248.34
82,2024-03-12,электроника,4447.12,4356.9,74,540,0.387,4266.98
82,2024-03-13,электроника,4670.63,4632.48,78,488,0.216,4211.56
82,2024-03-14,электроника,4500.4,4456.38,108,516,0.246,4350.75
82,2024-03-15,электроника,4273.86,4405.53,83,622,0.177,4216.43
82,2024-03-16,электроника,4370.73,4439.56,91,768,0.272,4290.24
82,2024-03-17,электроника,4193.22,4102.61,107,374,0.181,4319.3
82,2024-03-18,электроника,3275.79,3468.31,107,329,0.249,4347.97
82,2024-03-19,электроника,4042.06,4233.15,94,263,0.35,4335.34
82,2024-03-20,электроника,4062.95,3951.86,88,948,0.4,4331.23
82,2024-03-21,электроника,3775.75,3933.76,118,827,0.378,4448.67
82,2024-03-22,электроника,3676.38,3721.82,107,720,0.4,4411.24
82,2024-03-23,электроника,4035.68,3994.78,95,662,0.392,4357.35
82,2024-03-24,электроника,3612.71,3668.33,105,243,0.368,4389.69
82,2024-03-25,электроника,4123.57,4175.46,96,863,0.12,4247.04
82,2024-03-26,электроника,3822.59,3870.18,123,36,0.297,4435.36
82,2024-03-27,электроника,3890.38,3867.21,110,502,0.295,4379.95
82,2024-03-28,электроника,3892.03,3862.09,94,172,0.336,4329.52
82,2024-03-29,электроника,3806.68,3616.22,104,573,0.297,4355.31
82,2024-03-30,электроника,3797.06,3589.55,127,331,0.271,4441.12
83,2024-01-01,бытовая техника,2755.99,2755.44,96,310,0.216,2840.07
83,2024-01-02,бытовая техника,2806.28,2813.1,99,19,0.143,2827.98
83,2024-01-03,бытовая техника,3120.65,3115.14,99,800,0.101,2816.33
83,2024-01-04,бытовая техника,2940.98,2994.24,90,220,0.264,2836.62
83,2024-01-05,бытовая техника,3171.58,3237.43,77,527,0.157,2770.51
83,2024-01-06,бытовая техника,2872.79,2897.32,74,91,0.241,2785.64
83,2024-01-07,бытовая техника,3012.3,3028.39,79,375,0.392,2841.59
83,2024-01-08,бытовая техника,3074.33,2968.97,94,200,0.2,2830.07
83,2024-01-09,бытовая техника,3047.01,2932.4,106,903,0.332,2900.21
83,2024-01-10,бытовая техника,2872.75,2766.83,110,691,0.39,2927.74
83,2024-01-11,бытовая техника,3043.69,2999.36,95,417,0.293,2858.72
83,2024-01-12,бытовая техника,2902.75,2770.44,101,195,0.192,2847.12
83,2024-01-13,бытовая техника,2985.13,2884.35,79,605,0.197,2787.25
83,2024-01-14,бытовая техника,3202.83,3173.07,79,327,0.23,2796.54
83,2024-01-15,бытовая техника,2583.34,2573.38,102,683,0.284,2875.72
83,2024-01-16,бытовая техника,2714.94,2718.45,122,276,0.193,2906.04
83,2024-01-17,бытовая техника,2748.86,2822.49,96,130,0.359,2879.97
83,2024-01-18,бытовая техника,2510.79,2658.06,96,47,0.332,2872.33
83,2024-01-19,бытовая техника,2467.41,2489.57,93,380,0.39,2880.24
83,2024-01-20,бытовая техника,2598.87,2639.52,99,814,0.353,2886.57
83,2024-01-21,бытовая техника,2574.72,2507.95,93,124,0.137,2809.62
83,2024-01-22,бытовая техника,2775.0,2736.12,105,946,0.132,2841.75
83,2024-01-23,бытовая техника,2181.6,2148.16,127,673,0.178,2915.99
83,2024-01-24,бытовая техника,2857.98,2947.72,98,481,0.291,2866.4
83,2024-01-25,бытовая техника,2512.39,2456.41,126,869,0.207,2921.27
83,2024-01-26,бытовая техника,2574.85,2603.72,108,73,0.334,2906.31
83,2024-01-27,бытовая техника,2376.34,2471.02,115,431,0.336,2926.6
83,2024-01-28,бытовая техника,2617.22,2520.13,105,773,0.37,2908.18
83,2024-01-29,бытовая техника,2793.58,2829.25,97,276,0.317,2871.08
83,2024-01-30,бытовая техника,2761.54,2748.33,79,478,0.22,2793.71
83,2024-01-31,бытовая техника,2744.1,2736.5,119,128,0.161,2888.7
83,2024-02-01,бытовая техника,2808.22,2658.38,107,293,0.214,2870.04
83,2024-02-02,бытовая техника,3255.69,3229.63,92,926,0.308,2854.55
83,2024-02-03,бытовая техника,3132.1,3155.61,89,261,0.173,2808.44
83,2024-02-04,бытовая техника,2883.72,2858.49,104,155,0.103,2830.88
83,2024-02-05,бытовая техника,2876.96,2889.3,92,796,0.103,2797.24
83,2024-02-06,бытовая техника,3033.75,2967.37,94,919,0.376,2879.17
83,2024-02-07,бытовая техника,3074.41,3046.99,97,206,0.391,2891.74
83,2024-02-08,бытовая техника,2967.69,2876.65,99,686,0.385,2895.66
83,2024-02-09,бытовая техника,3115.65,3184.18,84,721,0.388,2854.51
83,2024-02-10,бытовая техника,3178.77,3175.12,72,915,0.134,2750.02
83,2024-02-11,бытовая техника,3093.73,3077.76,81,329,0.196,2792.62
83,2024-02-12,бытовая техника,2917.46,2997.79,93,496,0.192,2824.85
83,2024-02-13,бытовая техника,2631.59,2667.59,91,958,0.353,2864.21
83,2024-02-14,бытовая техника,2733.84,2667.89,123,480,0.381,2961.49
83,2024-02-15,бытовая техника,2769.75,2816.58,108,523,0.177,2862.53
83,2024-02-16,бытовая техника,2837.02,2696.28,102,415,0.182,2847.21
83,2024-02-17,бытовая техника,2642.43,2422.04,117,870,0.224,2900.95
83,2024-02-18,бытовая техника,2702.74,2646.55,100,740,0.226,2854.02
83,2024-02-19,бытовая техника,2638.21,2747.0,102,394,0.258,2868.46
83,2024-02-20,бытовая техника,2566.39,2617.77,98,153,0.114,2817.2
83,2024-02-21,бытовая техника,2531.26,2629.91,91,874,0.388,2873.96
83,2024-02-22,бытовая техника,2550.77,2419.52,123,565,0.133,2892.26
83,2024-02-23,бытовая техника,2191.63,2054.11,121,297,0.364,2951.11
83,2024-02-24,бытовая техника,2431.11,2421.53,102,794,0.194,2850.46
83,2024-02-25,бытовая техника,2532.58,2451.06,115,932,0.399,2944.05
83,2024-02-26,бытовая техника,2367.17,2394.77,115,595,0.194,2886.78
83,2024-02-27,бытовая техника,2787.38,2885.81,99,42,0.293,2869.92
83,2024-02-28,бытовая техника,2763.48,2831.94,85,263,0.141,2788.28
83,2024-02-29,бытовая техника,2813.71,2827.34,98,71,0.284,2864.68
83,2024-03-01,бытовая техника,2881.98,2931.37,98,984,0.219,2846.31
83,2024-03-02,бытовая техника,2602.94,2587.12,117,590,0.148,2879.67
83,2024-03-03,бытовая техника,2922.07,2861.23,100,282,0.353,2889.41
83,2024-03-04,бытовая техника,2869.22,2851.97,87,143,0.134,2791.94
83,2024-03-05,бытовая техника,3235.93,3102.74,89,323,0.366,2862.36
83,2024-03-06,бытовая техника,2966.82,3169.28,95,388,0.111,2807.76
83,2024-03-07,бытовая техника,3337.9,3181.0,87,47,0.139,2793.45
83,2024-03-08,бытовая техника,3020.77,3078.1,78,829,0.184,2780.78
83,2024-03-09,бытовая техника,3098.07,3067.0,96,908,0.385,2887.06
83,2024-03-10,бытовая техника,3078.13,3083.35,96,104,0.342,2875.19
83,2024-03-11,бытовая техника,2759.15,2734.61,119,415,0.102,2872.48
83,2024-03-12,бытовая техника,3210.21,3304.56,85,381,0.252,2819.38
83,2024-03-13,бытовая техника,2695.15,2743.08,90,906,0.396,2873.35
83,2024-03-14,бытовая техника,2782.29,2763.09,115,955,0.132,2869.69
83,2024-03-15,бытовая техника,2649.83,2690.85,113,997,0.227,2890.57
83,2024-03-16,бытовая техника,2704.21,2718.84,105,767,0.265,2878.88
83,2024-03-17,бытовая техника,2746.45,2820.45,95,467,0.166,2823.36
83,2024-03-18,бытовая техника,2567.6,2641.26,116,129,0.231,2900.0
83,2024-03-19,бытовая техника,2372.52,2458.31,114,66,0.131,2866.6
83,2024-03-20,бытовая техника,2589.04,2715.57,103,582,0.121,2832.98
83,2024-03-21,бытовая техника,2779.6,2793.81,105,933,0.182,2855.66
83,2024-03-22,бытовая техника,2436.14,2351.31,119,937,0.106,2873.36
83,2024-03-23,бытовая техника,2526.61,2518.82,110,393,0.363,2920.21
83,2024-03-24,бытовая техника,2608.12,2689.52,100,640,0.33,2883.1
83,2024-03-25,бытовая техника,2554.53,2310.61,103,750,0.351,2897.32
83,2024-03-26,бытовая техника,2663.74,2628.48,112,436,0.199,2879.85
83,2024-03-27,бытовая техника,2530.61,2534.41,102,452,0.348,2893.61
83,2024-03-28,бытовая техника,2699.84,2764.91,111,884,0.192,2875.25
83,2024-03-29,бытовая техника,2432.57,2420.55,121,284,0.27,2924.91
83,2024-03-30,бытовая техника,2819.6,2830.4,99,568,0.378,2893.7
84,2024-01-01,бытовая техника,1595.71,1660.68,91,774,0.391,1693.43
84,2024-01-02,бытовая техника,1809.35,1789.93,79,379,0.26,1652.13
84,2024-01-03,бытовая техника,1644.66,1662.93,113,181,0.214,1700.51
84,2024-01-04,бытовая техника,1876.93,1783.39,90,203,0.144,1651.17
84,2024-01-05,бытовая техника,1947.57,1917.48,85,540,0.384,1682.36
84,2024-01-06,бытовая техника,1805.36,1686.3,101,374,0.384,1708.65
84,2024-01-07,бытовая техника,1638.32,1587.71,104,514,0.296,1699.11
84,2024-01-08,бытовая техника,1794.62,1781.34,97,22,0.168,1666.63
84,2024-01-09,бытовая техника,1915.67,1907.1,86,482,0.157,1646.67
84,2024-01-10,бытовая техника,1835.51,1918.12,87,431,0.218,1658.44
84,2024-01-11,бытовая техника,1895.63,1774.71,91,579,0.253,1670.68
84,2024-01-12,бытовая техника,1959.2,1912.67,109,99,0.388,1722.48
84,2024-01-13,бытовая техника,1627.92,1593.78,114,450,0.366,1727.15
84,2024-01-14,бытовая техника,1841.43,1871.69,87,933,0.197,1654.93
84,2024-01-15,бытовая техника,1702.48,1734.24,106,560,0.205,1687.49
84,2024-01-16,бытовая техника,1604.4,1669.82,96,762,0.178,1666.66
84,2024-01-17,бытовая техника,1583.15,1531.88,118,391,0.236,1712.35
84,2024-01-18,бытовая техника,1518.91,1474.26,89,43,0.327,1679.59
84,2024-01-19,бытовая техника,1546.0,1584.88,108,753,0.319,1709.55
84,2024-01-20,бытовая техника,1583.45,1571.04,85,189,0.338,1674.9
84,2024-01-21,бытовая техника,1540.4,1672.33,88,526,0.141,1647.3
84,2024-01-22,бытовая техника,1612.65,1675.5,81,706,0.28,1658.75
84,2024-01-23,бытовая техника,1381.28,1376.1,110,790,0.35,1717.91
84,2024-01-24,бытовая техника,1454.22,1409.88,114,642,0.288,1714.31
84,2024-01-25,бытовая техника,1458.26,1491.81,98,224,0.244,1680.82
84,2024-01-26,бытовая техника,1434.93,1474.46,85,39,0.147,1643.44
84,2024-01-27,бытовая техника,1519.19,1551.91,103,751,0.124,1669.3
84,2024-01-28,бытовая техника,1520.89,1445.39,129,612,0.267,1735.43
84,2024-01-29,бытовая техника,1539.0,1528.85,114,912,0.294,1715.27
84,2024-01-30,бытовая техника,1711.52,1792.73,72,976,0.259,1640.47
84,2024-01-31,бытовая техника,1789.4,1805.88,96,986,0.172,1665.56
84,2024-02-01,бытовая техника,1767.12,1790.08,97,728,0.113,1657.64
84,2024-02-02,бытовая техника,1552.71,1479.35,103,801,0.243,1688.87
84,2024-02-03,бытовая техника,1747.62,1756.65,73,819,0.382,1662.37
84,2024-02-04,бытовая техника,1675.66,1707.57,87,71,0.113,1641.1
84,2024-02-05,бытовая техника,1782.4,1710.25,92,495,0.237,1669.75
84,2024-02-06,бытовая техника,2078.57,2027.03,80,796,0.105,1628.35
84,2024-02-07,бытовая техника,1768.21,1750.16,79,359,0.375,1671.12
84,2024-02-08,бытовая техника,1723.51,1751.95,101,619,0.35,1703.03
84,2024-02-09,бытовая техника,1814.75,1798.66,83,227,0.176,1644.84
84,2024-02-10,бытовая техника,1850.6,1794.49,88,746,0.309,1674.96
84,2024-02-11,бытовая техника,1704.2,1707.82,104,268,0.139,1673.3
84,2024-02-12,бытовая техника,1723.42,1748.25,94,993,0.267,1677.91
84,2024-02-13,бытовая техника,1713.01,1660.83,91,215,0.356,1687.61
84,2024-02-14,бытовая техника,1608.09,1697.01,85,54,0.245,1659.52
84,2024-02-15,бытовая техника,1656.74,1719.28,79,444,0.21,1643.97
84,2024-02-16,бытовая техника,1507.45,1511.77,112,618,0.262,1706.76
84,2024-02-17,бытовая техника,1712.14,1785.38,85,972,0.377,1681.17
84,2024-02-18,бытовая техника,1649.99,1662.2,90,397,0.394,1692.3
84,2024-02-19,бытовая техника,1507.37,1483.31,108,576,0.201,1690.16
84,2024-02-20,бытовая техника,1563.57,1486.02,105,112,0.382,1714.99
84,2024-02-21,бытовая техника,1514.24,1487.63,94,187,0.378,1696.19
84,2024-02-22,бытовая техника,1674.99,1620.58,110,404,0.156,1686.09
84,2024-02-23,бытовая техника,1422.3,1371.17,120,437,0.168,1704.42
84,2024-02-24,бытовая техника,1489.83,1407.47,107,854,0.262,1698.47
84,2024-02-25,бытовая техника,1486.24,1510.63,96,56,0.13,1658.68
84,2024-02-26,бытовая техника,1523.69,1589.3,125,45,0.387,1748.68
84,2024-02-27,бытовая техника,1755.3,1708.36,99,497,0.277,1687.76
84,2024-02-28,бытовая техника,1506.81,1572.7,97,422,0.2,1671.82
84,2024-02-29,бытовая техника,1556.0,1559.49,121,500,0.245,1718.69
84,2024-03-01,бытовая техника,1615.05,1536.04,99,161,0.197,1674.73
84,2024-03-02,бытовая техника,1631.19,1651.46,103,771,0.332,1703.45
84,2024-03-03,бытовая техника,1710.84,1777.7,86,767,0.383,1683.84
84,2024-03-04,бытовая техника,1759.05,1716.32,108,437,0.114,1675.86
84,2024-03-05,бытовая техника,1713.0,1650.66,103,589,0.115,1667.78
84,2024-03-06,бытовая техника,1753.45,1803.93,92,815,0.275,1676.02
84,2024-03-07,бытовая техника,1777.73,1676.93,94,441,0.278,1679.82
84,2024-03-08,бытовая техника,1908.81,1894.96,73,404,0.384,1662.63
84,2024-03-09,бытовая техника,1813.56,1849.15,101,927,0.212,1680.4
84,2024-03-10,бытовая техника,1784.26,1774.79,99,784,0.366,1702.43
84,2024-03-11,бытовая техника,1760.12,1811.55,104,820,0.202,1683.75
84,2024-03-12,бытовая техника,1710.49,1710.61,91,326,0.339,1684.79
84,2024-03-13,бытовая техника,1629.27,1618.97,93,520,0.164,1659.41
84,2024-03-14,бытовая техника,1804.34,1722.63,89,894,0.234,1664.32
84,2024-03-15,бытовая техника,1440.9,1423.94,124,351,0.112,1701.72
84,2024-03-16,бытовая техника,1488.52,1464.53,123,190,0.162,1708.29
84,2024-03-17,бытовая техника,1584.79,1646.07,117,600,0.295,1720.4
84,2024-03-18,бытовая техника,1405.97,1398.13,119,341,0.158,1701.21
84,2024-03-19,бытовая техника,1477.08,1450.29,116,694,0.277,1715.74
84,2024-03-20,бытовая техника,1641.26,1558.39,102,493,0.252,1688.67
84,2024-03-21,бытовая техника,1420.42,1387.98,119,912,0.156,1700.85
84,2024-03-22,бытовая техника,1534.13,1555.77,92,308,0.214,1665.96
84,2024-03-23,бытовая техника,1402.05,1367.12,128,884,0.238,1729.11
84,2024-03-24,бытовая техника,1476.54,1436.32,119,409,0.369,1735.74
84,2024-03-25,бытовая техника,1394.08,1380.32,126,15,0.19,1717.93
84,2024-03-26,бытовая техника,1553.36,1524.19,112,436,0.145,1687.55
84,2024-03-27,бытовая техника,1411.87,1386.52,130,542,0.397,1758.44
84,2024-03-28,бытовая техника,1544.72,1447.23,109,920,0.181,1688.49
84,2024-03-29,бытовая техника,1648.7,1583.07,91,932,0.396,1694.22
84,2024-03-30,бытовая техника,1590.26,1479.77,99,103,0.349,1699.7
85,2024-01-01,бытовая техника,3304.19,3461.52,108,599,0.353,3690.49
85,2024-01-02,бытовая техника,3619.51,3638.25,95,416,0.128,3564.94
85,2024-01-03,бытовая техника,3979.45,3892.84,86,564,0.185,3553.26
85,2024-01-04,бытовая техника,3920.93,3840.75,78,751,0.204,3531.94
85,2024-01-05,бытовая техника,3712.94,3551.53,94,951,0.337,3635.3
85,2024-01-06,бытовая техника,3682.67,3595.4,106,125,0.132,3605.43
85,2024-01-07,бытовая техника,3862.19,3934.18,75,240,0.123,3492.38
85,2024-01-08,бытовая техника,3931.39,4157.71,71,433,0.308,3543.87
85,2024-01-09,бытовая техника,3975.12,4085.54,99,992,0.364,3662.78
85,2024-01-10,бытовая техника,4191.73,4201.18,72,738,0.2,3509.09
85,2024-01-11,бытовая техника,3566.92,3549.7,108,50,0.158,3621.61
85,2024-01-12,бытовая техника,3995.57,4118.87,84,555,0.354,3606.28
85,2024-01-13,бытовая техника,3736.72,3665.52,122,166,0.136,3663.36
85,2024-01-14,бытовая техника,3519.18,3445.98,100,524,0.396,3677.73
85,2024-01-15,бытовая техника,3464.77,3592.41,92,785,0.372,3640.73
85,2024-01-16,бытовая техника,3455.79,3448.57,106,927,0.188,3625.39
85,2024-01-17,бытовая техника,3500.05,3468.96,120,293,0.164,3666.37
85,2024-01-18,бытовая техника,3463.17,3515.98,98,51,0.244,3616.64
85,2024-01-19,бытовая техника,3357.23,3331.43,107,686,0.369,3692.82
85,2024-01-20,бытовая техника,3013.59,3096.77,142,151,0.192,3754.02
85,2024-01-21,бытовая техника,3216.03,2911.17,107,215,0.212,3637.4
85,2024-01-22,бытовая техника,3448.87,3387.73,122,176,0.172,3676.19
85,2024-01-23,бытовая техника,3301.32,3356.57,123,899,0.263,3711.94
85,2024-01-24,бытовая техника,2874.48,2872.39,135,44,0.335,3779.9
85,2024-01-25,бытовая техника,3212.77,3174.91,117,220,0.244,3684.02
85,2024-01-26,бытовая техника,3036.23,3017.14,126,236,0.104,3666.26
85,2024-01-27,бытовая техника,3013.38,2881.77,111,349,0.255,3666.64
85,2024-01-28,бытовая техника,3554.67,3522.26,100,545,0.267,3632.04
85,2024-01-29,бытовая техника,3064.24,3188.98,105,117,0.284,3655.64
85,2024-01-30,бытовая техника,3428.4,3365.2,119,582,0.277,3702.83
85,2024-01-31,бытовая техника,3528.74,3467.85,117,18,0.295,3702.15
85,2024-02-01,бытовая техника,3222.89,3189.4,119,117,0.377,3737.98
85,2024-02-02,бытовая техника,3671.4,3775.96,119,207,0.113,3644.78
85,2024-02-03,бытовая техника,4080.07,3992.8,81,957,0.214,3545.86
85,2024-02-04,бытовая техника,3820.79,3815.04,84,672,0.148,3533.27
85,2024-02-05,бытовая техника,3742.46,3741.65,94,288,0.164,3574.2
85,2024-02-06,бытовая техника,4057.59,4217.31,83,458,0.355,3602.85
85,2024-02-07,бытовая техника,3766.9,3618.12,76,960,0.294,3556.72
85,2024-02-08,бытовая техника,3844.01,3755.4,95,349,0.396,3660.05
85,2024-02-09,бытовая техника,3653.55,3664.44,72,656,0.128,3483.62
85,2024-02-10,бытовая техника,3504.61,3363.2,106,777,0.269,3653.92
85,2024-02-11,бытовая техника,3862.93,3747.32,85,537,0.229,3565.6
85,2024-02-12,бытовая техника,3617.25,3605.05,93,805,0.23,3593.98
85,2024-02-13,бытовая техника,3729.99,3730.38,102,734,0.241,3629.98
85,2024-02-14,бытовая техника,3420.68,3405.96,117,633,0.376,3730.62
85,2024-02-15,бытовая техника,3229.51,3135.28,112,460,0.166,3638.76
85,2024-02-16,бытовая техника,3447.0,3358.33,101,526,0.163,3598.82
85,2024-02-17,бытовая техника,3519.97,3490.51,96,983,0.109,3562.02
85,2024-02-18,бытовая техника,3207.26,3164.97,108,372,0.182,3630.32
85,2024-02-19,бытовая техника,3110.04,3220.5,109,464,0.32,3682.68
85,2024-02-20,бытовая техника,3082.01,2987.86,119,492,0.142,3654.77
85,2024-02-21,бытовая техника,3496.27,3484.25,88,328,0.355,3620.73
85,2024-02-22,бытовая техника,3245.4,3233.16,115,132,0.176,3652.78
85,2024-02-23,бытовая техника,3127.25,3102.93,131,254,0.111,3686.46
85,2024-02-24,бытовая техника,2992.41,2965.43,96,576,0.262,3616.02
85,2024-02-25,бытовая техника,3594.66,3557.53,88,602,0.293,3598.57
85,2024-02-26,бытовая техника,3205.16,3301.72,95,15,0.35,3643.45
85,2024-02-27,бытовая техника,3323.81,3554.2,100,365,0.111,3576.7
85,2024-02-28,бытовая техника,3357.89,3430.85,86,308,0.238,3572.07
85,2024-02-29,бытовая техника,3347.77,3269.75,114,828,0.334,3705.32
85,2024-03-01,бытовая техника,3796.55,3665.02,107,223,0.392,3700.74
85,2024-03-02,бытовая техника,3439.73,3360.18,114,887,0.366,3716.62
85,2024-03-03,бытовая техника,3363.83,3502.74,105,309,0.216,3631.5
85,2024-03-04,бытовая техника,3644.23,3751.74,100,175,0.257,3628.49
85,2024-03-05,бытовая техника,3857.15,3749.42,77,910,0.189,3522.96
85,2024-03-06,бытовая техника,3815.25,3885.02,70,585,0.318,3543.68
85,2024-03-07,бытовая техника,3437.73,3453.99,110,597,0.277,3670.75
85,2024-03-08,бытовая техника,4168.82,4191.37,82,898,0.356,3599.62
85,2024-03-09,бытовая техника,4075.25,4098.89,70,70,0.338,3550.76
85,2024-03-10,бытовая техника,4211.39,4335.4,84,707,0.24,3565.82
85,2024-03-11,бытовая техника,3886.73,3921.39,84,307,0.17,3541.17
85,2024-03-12,бытовая техника,3833.39,3553.93,96,831,0.383,3658.75
85,2024-03-13,бытовая техника,3551.78,3661.6,98,225,0.379,3664.6
85,2024-03-14,бытовая техника,3640.77,3703.52,91,78,0.117,3547.08
85,2024-03-15,бытовая техника,3347.45,3206.97,120,832,0.395,3748.1
85,2024-03-16,бытовая техника,3793.75,3669.27,111,595,0.302,3683.31
85,2024-03-17,бытовая техника,3621.03,3625.36,98,656,0.299,3636.11
85,2024-03-18,бытовая техника,3473.44,3541.72,112,147,0.377,3713.24
85,2024-03-19,бытовая техника,3242.06,3322.48,106,211,0.142,3608.86
85,2024-03-20,бытовая техника,3285.16,3282.65,112,130,0.369,3710.37
85,2024-03-21,бытовая техника,3347.99,3401.39,96,643,0.257,3614.35
85,2024-03-22,бытовая техника,3319.55,3415.62,92,24,0.298,3614.44
85,2024-03-23,бытовая техника,3001.62,2890.59,99,569,0.266,3628.1
85,2024-03-24,бытовая техника,2982.8,2943.52,115,584,0.232,3672.49
85,2024-03-25,бытовая техника,3020.77,2904.83,99,753,0.13,3580.03
85,2024-03-26,бытовая техника,3319.78,3347.6,119,69,0.154,3659.08
85,2024-03-27,бытовая техника,3175.29,3168.42,118,318,0.313,3711.96
85,2024-03-28,бытовая техника,3322.34,3154.08,122,134,0.123,3658.91
85,2024-03-29,бытовая техника,3693.95,3712.23,91,275,0.308,3614.65
85,2024-03-30,бытовая техника,3418.48,3361.78,99,108,0.315,3645.32
86,2024-01-01,аксессуары,3717.44,3733.4,109,942,0.355,3852.93
86,2024-01-02,аксессуары,3766.89,3704.81,108,590,0.2,3792.15
86,2024-01-03,аксессуары,3735.37,3678.04,90,44,0.184,3719.68
86,2024-01-04,аксессуары,3931.43,3970.87,84,650,0.162,3689.5
86,2024-01-05,аксессуары,3880.84,3906.31,93,846,0.266,3761.23
86,2024-01-06,аксессуары,4295.54,4209.84,93,747,0.368,3798.88
86,2024-01-07,аксессуары,4018.44,4257.52,82,776,0.252,3715.4
86,2024-01-08,аксессуары,3812.79,3903.94,81,425,0.399,3765.85
86,2024-01-09,аксессуары,3784.08,3946.75,79,878,0.234,3697.66
86,2024-01-10,аксессуары,4189.67,4157.49,97,662,0.325,3797.54
86,2024-01-11,аксессуары,4091.06,3886.69,96,378,0.193,3745.34
86,2024-01-12,аксессуары,4050.94,4024.89,100,280,0.112,3730.02
86,2024-01-13,аксессуары,3509.08,3538.69,93,229,0.157,3720.94
86,2024-01-14,аксессуары,3919.92,3924.03,102,760,0.109,3736.33
86,2024-01-15,аксессуары,3399.21,3245.04,96,208,0.313,3789.45
86,2024-01-16,аксессуары,3767.35,3757.62,108,338,0.303,3830.15
86,2024-01-17,аксессуары,3434.39,3440.83,124,732,0.174,3841.39
86,2024-01-18,аксессуары,3639.02,3518.64,127,630,0.171,3851.38
86,2024-01-19,аксессуары,3231.87,3290.98,111,546,0.104,3767.86
86,2024-01-20,аксессуары,3238.9,3358.21,124,53,0.388,3920.3
86,2024-01-21,аксессуары,3470.36,3316.89,116,971,0.376,3886.51
86,2024-01-22,аксессуары,3266.6,3170.63,124,602,0.253,3870.46
86,2024-01-23,аксессуары,3483.0,3553.82,104,774,0.317,3820.39
86,2024-01-24,аксессуары,3522.16,3579.77,92,49,0.178,3725.0
86,2024-01-25,аксессуары,3381.4,3157.16,114,710,0.236,3827.52
86,2024-01-26,аксессуары,3629.13,3623.17,105,756,0.159,3766.06
86,2024-01-27,аксессуары,3444.75,3559.67,90,191,0.213,3730.33
86,2024-01-28,аксессуары,3239.92,3223.08,105,869,0.294,3815.57
86,2024-01-29,аксессуары,3743.23,3582.9,116,39,0.211,3825.46
86,2024-01-30,аксессуары,3786.23,3813.64,125,362,0.144,3834.19
86,2024-01-31,аксессуары,3340.75,3309.44,129,26,0.374,3933.56
86,2024-02-01,аксессуары,3619.7,3749.11,80,191,0.226,3698.42
86,2024-02-02,аксессуары,3872.4,3914.36,83,943,0.297,3735.73
86,2024-02-03,аксессуары,3807.22,3642.94,100,476,0.17,3751.34
86,2024-02-04,аксессуары,4105.3,4003.15,83,576,0.339,3751.06
86,2024-02-05,аксессуары,4112.07,4160.95,89,267,0.296,3757.32
86,2024-02-06,аксессуары,4038.36,3973.22,76,762,0.262,3696.89
86,2024-02-07,аксессуары,4067.14,4025.7,88,504,0.332,3766.96
86,2024-02-08,аксессуары,4242.08,4261.14,101,37,0.179,3758.6
86,2024-02-09,аксессуары,3816.39,3820.85,79,733,0.342,3737.4
86,2024-02-10,аксессуары,4183.39,4037.08,81,275,0.339,3743.78
86,2024-02-11,аксессуары,4073.2,4079.95,108,937,0.347,3846.12
86,2024-02-12,аксессуары,3589.41,3567.56,101,739,0.113,3734.09
86,2024-02-13,аксессуары,3909.86,3963.67,82,446,0.152,3678.57
86,2024-02-14,аксессуары,3658.53,3707.33,101,529,0.308,3805.94
86,2024-02-15,аксессуары,3801.6,3929.09,88,93,0.165,3705.49
86,2024-02-16,аксессуары,3679.78,3630.3,98,822,0.139,3732.78
86,2024-02-17,аксессуары,3359.06,3308.45,121,794,0.162,3826.09
86,2024-02-18,аксессуары,3560.48,3604.39,107,170,0.122,3759.71
86,2024-02-19,аксессуары,3318.32,3262.68,102,822,0.106,3735.37
86,2024-02-20,аксессуары,3525.23,3537.12,106,845,0.163,3771.03
86,2024-02-21,аксессуары,3155.82,2949.97,117,69,0.215,3830.63
86,2024-02-22,аксессуары,3501.48,3575.53,102,133,0.14,3747.84
86,2024-02-23,аксессуары,3308.26,3374.04,119,803,0.107,3798.41
86,2024-02-24,аксессуары,3333.33,3273.28,119,107,0.16,3817.9
86,2024-02-25,аксессуары,2997.67,2941.78,127,21,0.222,3870.39
86,2024-02-26,аксессуары,3485.06,3545.09,82,866,0.338,3746.99
86,2024-02-27,аксессуары,3752.46,3763.03,78,804,0.139,3658.87
86,2024-02-28,аксессуары,3651.34,3666.35,82,485,0.286,3727.72
86,2024-02-29,аксессуары,3687.17,3659.64,102,886,0.198,3769.04
86,2024-03-01,аксессуары,3691.57,3754.69,78,255,0.28,3711.0
86,2024-03-02,аксессуары,3673.42,3811.36,82,216,0.221,3704.04
86,2024-03-03,аксессуары,3702.22,3758.57,90,316,0.327,3772.62
86,2024-03-04,аксессуары,3556.81,3632.8,104,934,0.197,3776.16
86,2024-03-05,аксессуары,4425.9,4251.95,98,644,0.322,3800.21
86,2024-03-06,аксессуары,3921.87,3970.11,73,328,0.124,3634.96
86,2024-03-07,аксессуары,4036.98,4104.17,91,596,0.307,3768.92
86,2024-03-08,аксессуары,3843.46,3797.85,77,408,0.101,3641.17
86,2024-03-09,аксессуары,4024.52,4011.29,101,13,0.137,3742.84
86,2024-03-10,аксессуары,4114.41,4050.05,92,476,0.242,3748.42
86,2024-03-11,аксессуары,3719.36,3721.65,107,827,0.38,3854.75
86,2024-03-12,аксессуары,4019.71,4054.77,86,132,0.226,3720.51
86,2024-03-13,аксессуары,3900.26,3965.23,99,474,0.212,3763.29
86,2024-03-14,аксессуары,3629.39,3495.4,110,869,0.339,3850.73
86,2024-03-15,аксессуары,3723.4,3861.46,100,552,0.339,3813.66
86,2024-03-16,аксессуары,3967.86,4039.62,88,963,0.333,3767.3
86,2024-03-17,аксессуары,3753.57,3893.41,94,811,0.391,3810.81
86,2024-03-18,аксессуары,3755.75,3750.45,101,888,0.335,3816.01
86,2024-03-19,аксессуары,3497.06,3489.36,112,532,0.319,3850.59
86,2024-03-20,аксессуары,3748.51,3836.32,93,108,0.348,3791.26
86,2024-03-21,аксессуары,3344.49,3379.05,122,572,0.313,3885.34
86,2024-03-22,аксессуары,3225.12,3303.1,88,309,0.328,3765.43
86,2024-03-23,аксессуары,3580.68,3448.3,104,300,0.233,3789.62
86,2024-03-24,аксессуары,3249.74,3269.87,108,339,0.341,3843.92
86,2024-03-25,аксессуары,3326.51,3162.55,115,339,0.252,3837.24
86,2024-03-26,аксессуары,3229.9,3175.18,111,302,0.341,3855.07
86,2024-03-27,аксессуары,3607.05,3819.66,88,497,0.332,3766.93
86,2024-03-28,аксессуары,3552.86,3687.87,96,771,0.291,3781.36
86,2024-03-29,аксессуары,3471.04,3546.47,109,163,0.343,3848.69
86,2024-03-30,аксессуары,3883.25,3764.45,85,762,0.245,3723.71
87,2024-01-01,электроника,2777.8,2685.94,100,991,0.189,2749.82
87,2024-01-02,электроника,2809.67,2838.96,88,180,0.293,2745.44
87,2024-01-03,электроника,2984.64,2925.73,81,978,0.16,2690.78
87,2024-01-04,электроника,2761.16,2811.8,91,602,0.369,2774.18
87,2024-01-05,электроника,2854.65,2961.82,97,811,0.24,2755.59
87,2024-01-06,электроника,2845.8,2730.74,117,233,0.331,2834.19
87,2024-01-07,электроника,3004.06,3077.37,88,532,0.282,2742.48
87,2024-01-08,электроника,2787.97,2928.46,98,77,0.125,2727.13
87,2024-01-09,электроника,3037.57,2792.58,86,329,0.287,2738.61
87,2024-01-10,электроника,2717.87,2800.16,114,465,0.362,2834.47
87,2024-01-11,электроника,3074.66,3006.3,89,530,0.146,2708.59
87,2024-01-12,электроника,3235.4,3155.59,82,452,0.388,2755.0
87,2024-01-13,электроника,2840.76,2768.81,77,139,0.196,2689.74
87,2024-01-14,электроника,2653.52,2636.8,100,753,0.38,2801.48
87,2024-01-15,электроника,2824.39,2761.93,85,573,0.116,2689.74
87,2024-01-16,электроника,2458.11,2367.83,121,189,0.297,2835.74
87,2024-01-17,электроника,2548.2,2603.72,118,904,0.335,2837.76
87,2024-01-18,электроника,2714.14,2662.31,104,636,0.253,2777.97
87,2024-01-19,электроника,2713.12,2874.56,85,678,0.164,2702.73
87,2024-01-20,электроника,2380.88,2392.23,116,610,0.115,2773.1
87,2024-01-21,электроника,2424.43,2256.16,111,891,0.226,2789.51
87,2024-01-22,электроника,2571.14,2515.54,115,102,0.251,2807.17
87,2024-01-23,электроника,2298.77,2273.27,139,910,0.142,2842.51
87,2024-01-24,электроника,2365.11,2461.43,116,14,0.174,2789.08
87,2024-01-25,электроника,2543.81,2532.23,102,44,0.312,2788.36
87,2024-01-26,электроника,2285.85,2298.91,103,595,0.331,2796.28
87,2024-01-27,электроника,2395.46,2365.58,110,874,0.398,2833.28
87,2024-01-28,электроника,2626.53,2607.53,113,13,0.196,2786.89
87,2024-01-29,электроника,3019.16,2865.36,103,76,0.386,2811.19
87,2024-01-30,электроника,2679.5,2532.04,121,950,0.255,2824.46
87,2024-01-31,электроника,2708.94,2674.52,90,679,0.312,2756.09
87,2024-02-01,электроника,2865.97,2852.26,89,480,0.36,2766.24
87,2024-02-02,электроника,2690.54,2577.6,79,367,0.344,2735.13
87,2024-02-03,электроника,3093.9,3124.3,82,816,0.126,2684.36
87,2024-02-04,электроника,2795.26,2905.1,98,117,0.392,2799.33
87,2024-02-05,электроника,2848.84,2877.38,98,146,0.185,2743.39
87,2024-02-06,электроника,3031.55,2961.94,78,605,0.224,2699.95
87,2024-02-07,электроника,2786.24,2764.97,97,374,0.312,2774.92
87,2024-02-08,электроника,3016.1,3201.94,74,913,0.121,2661.32
87,2024-02-09,электроника,2930.22,2865.53,102,322,0.339,2795.83
87,2024-02-10,электроника,2916.24,3058.35,96,510,0.112,2718.4
87,2024-02-11,электроника,3095.33,3175.33,95,765,0.302,2767.01
87,2024-02-12,электроника,2805.08,2744.32,94,975,0.115,2713.75
87,2024-02-13,электроника,2882.58,2881.0,95,279,0.216,2743.59
87,2024-02-14,электроника,2844.27,2824.61,87,941,0.205,2719.02
87,2024-02-15,электроника,2447.94,2369.11,130,656,0.101,2806.97
87,2024-02-16,электроника,2650.3,2658.43,95,806,0.197,2738.42
87,2024-02-17,электроника,2836.95,2783.1,83,563,0.21,2709.6
87,2024-02-18,электроника,2358.05,2451.02,106,37,0.377,2816.88
87,2024-02-19,электроника,2709.2,2746.13,94,310,0.168,2727.91
87,2024-02-20,электроника,2378.38,2375.62,113,61,0.282,2810.16
87,2024-02-21,электроника,2576.61,2548.83,116,555,0.161,2785.44
87,2024-02-22,электроника,2296.84,2329.85,124,808,0.31,2847.32
87,2024-02-23,электроника,2480.05,2464.63,90,762,0.385,2775.69
87,2024-02-24,электроника,2361.79,2488.72,102,831,0.283,2780.56
87,2024-02-25,электроника,2396.51,2586.43,103,281,0.397,2813.99
87,2024-02-26,электроника,2447.9,2460.86,124,156,0.226,2824.51
87,2024-02-27,электроника,2522.54,2515.92,104,816,0.166,2754.53
87,2024-02-28,электроника,2607.94,2735.05,94,76,0.355,2778.54
87,2024-02-29,электроника,2546.11,2587.94,124,687,0.249,2830.88
87,2024-03-01,электроника,2783.46,2637.42,121,188,0.303,2837.25
87,2024-03-02,электроника,2709.35,2571.29,113,394,0.212,2791.2
87,2024-03-03,электроника,2676.96,2732.27,119,682,0.281,2825.87
87,2024-03-04,электроника,2657.81,2594.42,99,704,0.27,2769.09
87,2024-03-05,электроника,3157.5,3253.88,88,313,0.295,2745.97
87,2024-03-06,электроника,2823.76,2740.3,84,328,0.148,2695.71
87,2024-03-07,электроника,2926.33,2981.68,88,617,0.122,2699.32
87,2024-03-08,электроника,3027.63,3165.4,86,300,0.127,2695.32
87,2024-03-09,электроника,3000.19,3077.88,94,962,0.125,2716.48
87,2024-03-10,электроника,2947.17,2932.92,97,34,0.37,2790.52
87,2024-03-11,электроника,3052.54,2998.71,85,204,0.291,2736.85
87,2024-03-12,электроника,2935.58,2796.38,78,600,0.344,2732.34
87,2024-03-13,электроника,3061.61,3159.32,92,269,0.216,2735.64
87,2024-03-14,электроника,2915.14,2808.12,98,988,0.3,2774.54
87,2024-03-15,электроника,3085.19,3043.58,102,150,0.271,2777.32
87,2024-03-16,электроника,2748.26,2832.59,79,276,0.395,2748.78
87,2024-03-17,электроника,2508.81,2507.45,118,650,0.38,2849.91
87,2024-03-18,электроника,2703.32,2662.51,123,768,0.269,2833.5
87,2024-03-19,электроника,2823.36,2718.65,79,317,0.228,2703.73
87,2024-03-20,электроника,2500.93,2629.01,90,245,0.346,2765.26
87,2024-03-21,электроника,2583.28,2691.95,111,279,0.114,2759.35
87,2024-03-22,электроника,2306.11,2607.93,111,638,0.158,2771.32
87,2024-03-23,электроника,2627.74,2627.96,81,338,0.246,2714.09
87,2024-03-24,электроника,2352.58,2344.13,122,113,0.369,2857.82
87,2024-03-25,электроника,2311.76,2229.36,122,184,0.196,2811.06
87,2024-03-26,электроника,2108.01,2185.21,133,98,0.117,2819.46
87,2024-03-27,электроника,2399.81,2445.88,107,184,0.302,2799.4
87,2024-03-28,электроника,2629.04,2649.33,100,322,0.171,2745.09
87,2024-03-29,электроника,2951.75,2978.24,92,515,0.101,2704.66
87,2024-03-30,электроника,2480.31,2638.75,91,323,0.34,2766.46
88,2024-01-01,аксессуары,2146.06,2063.43,80,159,0.374,1818.34
88,2024-01-02,аксессуары,1850.13,1877.53,97,799,0.151,1808.86
88,2024-01-03,аксессуары,1769.41,1729.84,115,314,0.387,1883.23
88,2024-01-04,аксессуары,2053.9,2108.84,83,275,0.242,1800.05
88,2024-01-05,аксессуары,2064.45,2012.47,90,414,0.319,1826.34
88,2024-01-06,аксессуары,1959.78,2045.05,75,318,0.277,1792.07
88,2024-01-07,аксессуары,1932.29,1896.75,90,873,0.341,1830.31
88,2024-01-08,аксессуары,2171.06,2168.41,70,571,0.374,1800.52
88,2024-01-09,аксессуары,1959.98,1954.35,81,78,0.141,1778.54
88,2024-01-10,аксессуары,1905.63,1878.87,87,839,0.129,1787.02
88,2024-01-11,аксессуары,1939.74,1906.48,98,968,0.279,1833.43
88,2024-01-12,аксессуары,1903.15,1886.01,97,147,0.174,1813.02
88,2024-01-13,аксессуары,1872.55,1786.99,115,837,0.383,1882.54
88,2024-01-14,аксессуары,1821.81,1790.22,98,748,0.232,1825.2
88,2024-01-15,аксессуары,1812.42,1891.99,80,580,0.294,1804.05
88,2024-01-16,аксессуары,1714.04,1633.69,107,86,0.39,1869.45
88,2024-01-17,аксессуары,1846.34,1901.7,107,967,0.179,1831.66
88,2024-01-18,аксессуары,1696.45,1722.84,98,897,0.168,1813.59
88,2024-01-19,аксессуары,1534.0,1474.89,126,26,0.222,1873.29
88,2024-01-20,аксессуары,1803.47,1845.6,105,967,0.121,1817.73
88,2024-01-21,аксессуары,1466.88,1532.95,97,241,0.197,1817.03
88,2024-01-22,аксессуары,1839.56,1726.13,104,257,0.372,1860.89
88,2024-01-23,аксессуары,1526.32,1576.75,114,992,0.396,1883.01
88,2024-01-24,аксессуары,1635.62,1688.47,131,918,0.394,1913.11
88,2024-01-25,аксессуары,1607.47,1614.88,104,695,0.333,1853.91
88,2024-01-26,аксессуары,1603.94,1600.39,116,757,0.324,1873.8
88,2024-01-27,аксессуары,1574.2,1577.35,127,767,0.143,1861.09
88,2024-01-28,аксессуары,1540.56,1487.5,130,784,0.293,1893.17
88,2024-01-29,аксессуары,1564.13,1568.6,94,23,0.133,1800.2
88,2024-01-30,аксессуары,1714.86,1723.63,94,621,0.101,1794.64
88,2024-01-31,аксессуары,1709.4,1690.74,105,691,0.189,1829.91
88,2024-02-01,аксессуары,1850.03,1897.25,84,589,0.371,1825.01
88,2024-02-02,аксессуары,1644.59,1643.37,132,446,0.3,1898.1
88,2024-02-03,аксессуары,1938.35,1891.87,99,343,0.396,1856.22
88,2024-02-04,аксессуары,1958.22,1989.65,94,631,0.384,1845.1
88,2024-02-05,аксессуары,1878.1,1856.79,98,736,0.115,1804.12
88,2024-02-06,аксессуары,1862.46,1918.08,82,381,0.257,1800.99
88,2024-02-07,аксессуары,1896.59,1954.69,68,681,0.261,1776.64
88,2024-02-08,аксессуары,2005.76,2014.83,83,127,0.157,1784.98
88,2024-02-09,аксессуары,2075.31,2176.06,68,87,0.341,1791.05
88,2024-02-10,аксессуары,1911.05,2030.34,104,630,0.198,1829.84
88,2024-02-11,аксессуары,1932.85,1980.98,90,992,0.163,1798.46
88,2024-02-12,аксессуары,1747.77,1839.36,89,157,0.239,1810.31
88,2024-02-13,аксессуары,1742.38,1797.82,101,165,0.288,1840.44
88,2024-02-14,аксессуары,1803.76,1881.18,92,125,0.351,1835.58
88,2024-02-15,аксессуары,1698.55,1712.53,96,158,0.141,1805.32
88,2024-02-16,аксессуары,1669.92,1651.63,117,129,0.317,1874.19
88,2024-02-17,аксессуары,1648.18,1654.77,103,164,0.204,1829.1
88,2024-02-18,аксессуары,1657.1,1709.19,108,57,0.357,1865.28
88,2024-02-19,аксессуары,1658.74,1650.43,104,690,0.293,1846.69
88,2024-02-20,аксессуары,1606.94,1583.38,105,964,0.141,1821.34
88,2024-02-21,аксессуары,1621.7,1666.13,95,40,0.247,1822.39
88,2024-02-22,аксессуары,1643.56,1576.01,111,339,0.308,1861.91
88,2024-02-23,аксессуары,1464.32,1437.32,112,394,0.148,1835.12
88,2024-02-24,аксессуары,1391.09,1366.13,117,27,0.171,1848.16
88,2024-02-25,аксессуары,1713.25,1779.34,100,764,0.372,1853.74
88,2024-02-26,аксессуары,1701.87,1634.36,81,334,0.117,1774.21
88,2024-02-27,аксессуары,1682.09,1757.38,90,446,0.312,1825.08
88,2024-02-28,аксессуары,1711.37,1777.92,94,305,0.131,1799.91
88,2024-02-29,аксессуары,1831.91,1952.38,85,516,0.306,1815.16
88,2024-03-01,аксессуары,1839.11,1820.68,101,601,0.126,1811.49
88,2024-03-02,аксессуары,1872.01,1829.15,97,604,0.206,1818.61
88,2024-03-03,аксессуары,1752.9,1666.84,112,863,0.23,1849.76
88,2024-03-04,аксессуары,1968.52,1894.99,104,725,0.329,1853.24
88,2024-03-05,аксессуары,1961.31,2023.38,91,156,0.261,1817.82
88,2024-03-06,аксессуары,1892.49,1944.51,92,106,0.103,1791.35
88,2024-03-07,аксессуары,1997.87,1986.16,74,45,0.397,1811.69
88,2024-03-08,аксессуары,2101.64,2113.88,81,907,0.292,1805.46
88,2024-03-09,аксессуары,2016.24,1968.57,80,543,0.332,1810.9
88,2024-03-10,аксессуары,2075.88,2110.31,89,564,0.224,1807.57
88,2024-03-11,аксессуары,1758.01,1779.3,108,147,0.164,1830.88
88,2024-03-12,аксессуары,2051.24,2068.36,69,418,0.348,1794.0
88,2024-03-13,аксессуары,2000.66,2039.82,92,851,0.276,1822.2
88,2024-03-14,аксессуары,1848.99,1888.41,86,170,0.133,1785.91
88,2024-03-15,аксессуары,1816.29,1899.77,76,527,0.252,1789.29
88,2024-03-16,аксессуары,1791.02,1678.04,102,510,0.244,1834.4
88,2024-03-17,аксессуары,1768.57,1880.44,91,169,0.164,1800.45
88,2024-03-18,аксессуары,1800.26,1796.05,127,963,0.306,1890.14
88,2024-03-19,аксессуары,1757.05,1747.3,91,755,0.392,1841.24
88,2024-03-20,аксессуары,1686.1,1631.14,126,91,0.325,1891.78
88,2024-03-21,аксессуары,1522.1,1560.0,126,484,0.378,1901.26
88,2024-03-22,аксессуары,1653.4,1627.75,108,608,0.254,1846.98
88,2024-03-23,аксессуары,1687.92,1652.94,100,300,0.286,1838.36
88,2024-03-24,аксессуары,1611.0,1587.78,117,819,0.388,1886.95
88,2024-03-25,аксессуары,1634.57,1716.26,91,173,0.151,1798.08
88,2024-03-26,аксессуары,1713.4,1648.57,115,805,0.142,1839.42
88,2024-03-27,аксессуары,1665.89,1747.61,86,367,0.145,1788.15
88,2024-03-28,аксессуары,1603.46,1673.85,115,198,0.288,1865.47
88,2024-03-29,аксессуары,1790.44,1843.48,91,421,0.121,1792.76
88,2024-03-30,аксессуары,1798.94,1865.34,78,618,0.138,1772.63
89,2024-01-01,бытовая техника,1269.58,1317.16,104,81,0.199,1349.82
89,2024-01-02,бытовая техника,1302.91,1264.79,116,915,0.351,1385.66
89,2024-01-03,бытовая техника,1407.86,1478.94,91,274,0.366,1354.61
89,2024-01-04,бытовая техника,1521.58,1513.8,72,591,0.301,1320.98
89,2024-01-05,бытовая техника,1495.6,1444.51,91,253,0.282,1343.63
89,2024-01-06,бытовая техника,1480.04,1447.74,87,624,0.285,1338.64
89,2024-01-07,бытовая техника,1344.26,1331.09,93,531,0.349,1355.08
89,2024-01-08,бытовая техника,1537.8,1489.39,88,265,0.288,1340.43
89,2024-01-09,бытовая техника,1521.03,1449.59,89,897,0.16,1324.81
89,2024-01-10,бытовая техника,1397.75,1383.26,106,482,0.308,1366.8
89,2024-01-11,бытовая техника,1454.21,1469.3,108,909,0.156,1349.42
89,2024-01-12,бытовая техника,1363.62,1343.99,98,278,0.345,1361.14
89,2024-01-13,бытовая техника,1454.55,1449.3,104,640,0.386,1374.46
89,2024-01-14,бытовая техника,1507.46,1533.33,75,103,0.387,1336.28
89,2024-01-15,бытовая техника,1386.62,1393.4,78,588,0.328,1332.44
89,2024-01-16,бытовая техника,1261.75,1214.35,118,426,0.143,1360.82
89,2024-01-17,бытовая техника,1336.78,1355.11,95,424,0.171,1334.21
89,2024-01-18,бытовая техника,1216.55,1187.94,111,599,0.296,1371.82
89,2024-01-19,бытовая техника,1166.41,1138.95,108,171,0.107,1342.95
89,2024-01-20,бытовая техника,1245.95,1277.46,101,794,0.147,1338.99
89,2024-01-21,бытовая техника,1225.41,1175.98,100,797,0.343,1363.46
89,2024-01-22,бытовая техника,1073.69,1142.52,114,607,0.24,1368.31
89,2024-01-23,бытовая техника,1114.0,1044.04,115,665,0.281,1375.12
89,2024-01-24,бытовая техника,1172.1,1151.57,105,807,0.283,1362.21
89,2024-01-25,бытовая техника,1185.43,1198.22,124,907,0.258,1383.96
89,2024-01-26,бытовая техника,1158.09,1229.83,123,121,0.392,1400.3
89,2024-01-27,бытовая техника,1204.81,1255.07,86,727,0.103,1313.42
89,2024-01-28,бытовая техника,1246.82,1226.23,105,477,0.138,1343.0
89,2024-01-29,бытовая техника,1132.6,1149.88,117,814,0.156,1361.2
89,2024-01-30,бытовая техника,1340.82,1348.53,111,895,0.125,1349.28
89,2024-01-31,бытовая техника,1332.43,1324.73,85,715,0.29,1336.76
89,2024-02-01,бытовая техника,1383.03,1403.72,103,421,0.237,1353.5
89,2024-02-02,бытовая техника,1403.25,1397.45,77,656,0.27,1323.47
89,2024-02-03,бытовая техника,1328.12,1315.53,100,234,0.128,1335.08
89,2024-02-04,бытовая техника,1355.67,1286.09,108,918,0.309,1369.56
89,2024-02-05,бытовая техника,1435.22,1442.99,87,624,0.187,1325.75
89,2024-02-06,бытовая техника,1467.88,1446.72,75,426,0.365,1333.42
89,2024-02-07,бытовая техника,1450.5,1447.88,87,152,0.276,1337.49
89,2024-02-08,бытовая техника,1389.04,1349.81,112,511,0.268,1369.44
89,2024-02-09,бытовая техника,1526.44,1550.42,68,837,0.38,1326.21
89,2024-02-10,бытовая техника,1409.47,1455.86,92,522,0.296,1346.7
89,2024-02-11,бытовая техника,1357.21,1338.87,104,364,0.121,1339.44
89,2024-02-12,бытовая техника,1424.42,1375.5,90,389,0.389,1356.36
89,2024-02-13,бытовая техника,1376.04,1363.47,104,254,0.181,1347.36
89,2024-02-14,бытовая техника,1349.84,1334.65,100,554,0.382,1368.61
89,2024-02-15,бытовая техника,1395.8,1402.46,96,644,0.259,1347.18
89,2024-02-16,бытовая техника,1273.66,1262.95,91,579,0.216,1334.85
89,2024-02-17,бытовая техника,1211.37,1282.48,72,44,0.393,1333.12
89,2024-02-18,бытовая техника,1314.99,1305.49,106,497,0.144,1345.15
89,2024-02-19,бытовая техника,1157.64,1134.19,135,363,0.359,1411.77
89,2024-02-20,бытовая техника,1128.55,1100.01,104,592,0.265,1358.41
89,2024-02-21,бытовая техника,1189.87,1223.48,88,326,0.215,1330.84
89,2024-02-22,бытовая техника,1200.08,1218.03,112,654,0.396,1386.31
89,2024-02-23,бытовая техника,1250.26,1181.39,123,305,0.152,1368.64
89,2024-02-24,бытовая техника,1259.11,1299.13,102,265,0.229,1351.06
89,2024-02-25,бытовая техника,1423.93,1384.28,92,582,0.208,1335.19
89,2024-02-26,бытовая техника,1262.94,1301.78,104,130,0.114,1338.5
89,2024-02-27,бытовая техника,1294.55,1303.73,93,738,0.154,1329.38
89,2024-02-28,бытовая техника,1296.56,1281.94,73,367,0.134,1300.33
89,2024-02-29,бытовая техника,1232.12,1245.95,124,142,0.232,1380.49
89,2024-03-01,бытовая техника,1300.88,1341.64,98,330,0.184,1339.83
89,2024-03-02,бытовая техника,1268.59,1303.35,65,170,0.391,1323.6
89,2024-03-03,бытовая техника,1325.38,1319.55,88,277,0.365,1350.49
89,2024-03-04,бытовая техника,1495.15,1445.73,95,703,0.328,1354.85
89,2024-03-05,бытовая техника,1299.28,1290.17,91,143,0.383,1356.88
89,2024-03-06,бытовая техника,1348.84,1358.08,82,216,0.363,1342.44
89,2024-03-07,бытовая техника,1416.15,1424.12,91,44,0.252,1339.63
89,2024-03-08,бытовая техника,1513.26,1549.06,83,326,0.171,1318.43
89,2024-03-09,бытовая техника,1505.2,1474.64,73,198,0.352,1329.13
89,2024-03-10,бытовая техника,1394.08,1425.9,84,227,0.199,1323.46
89,2024-03-11,бытовая техника,1407.41,1425.88,87,988,0.149,1320.75
89,2024-03-12,бытовая техника,1485.83,1469.23,66,683,0.133,1290.92
89,2024-03-13,бытовая техника,1289.08,1359.8,98,822,0.252,1348.81
89,2024-03-14,бытовая техника,1319.45,1265.08,88,820,0.388,1353.61
89,2024-03-15,бытовая техника,1260.5,1309.84,97,207,0.305,1354.53
89,2024-03-16,бытовая техника,1183.25,1196.73,108,259,0.288,1366.82
89,2024-03-17,бытовая техника,1183.8,1256.79,116,886,0.317,1381.17
89,2024-03-18,бытовая техника,1298.51,1242.38,114,485,0.13,1353.81
89,2024-03-19,бытовая техника,1267.09,1247.91,118,84,0.115,1357.09
89,2024-03-20,бытовая техника,1235.79,1220.55,96,776,0.257,1346.86
89,2024-03-21,бытовая техника,1232.96,1261.62,87,407,0.102,1314.53
89,2024-03-22,бытовая техника,1211.46,1158.53,115,168,0.213,1366.08
89,2024-03-23,бытовая техника,1210.03,1223.41,108,487,0.146,1348.0
89,2024-03-24,бытовая техника,1175.81,1149.75,111,78,0.118,1348.3
89,2024-03-25,бытовая техника,1160.24,1149.47,134,329,0.321,1405.44
89,2024-03-26,бытовая техника,1234.2,1244.19,108,637,0.189,1353.78
89,2024-03-27,бытовая техника,1094.88,1180.01,129,423,0.255,1390.16
89,2024-03-28,бытовая техника,1354.48,1364.29,86,294,0.108,1314.02
89,2024-03-29,бытовая техника,1436.36,1460.26,89,992,0.347,1349.5
89,2024-03-30,бытовая техника,1255.57,1201.33,102,488,0.338,1365.5
90,2024-01-01,бытовая техника,1953.79,1989.7,80,475,0.286,1914.97
90,2024-01-02,бытовая техника,2102.57,2152.96,87,106,0.339,1938.37
90,2024-01-03,бытовая техника,1983.86,1981.36,107,728,0.293,1967.68
90,2024-01-04,бытовая техника,2023.84,2046.73,107,764,0.257,1960.82
90,2024-01-05,бытовая техника,1946.76,1939.49,91,364,0.367,1951.21
90,2024-01-06,бытовая техника,2100.03,2038.61,104,765,0.196,1943.51
90,2024-01-07,бытовая техника,2487.39,2421.71,71,533,0.347,1909.48
90,2024-01-08,бытовая техника,1869.13,1915.66,89,308,0.117,1899.95
90,2024-01-09,бытовая техника,2021.03,2086.57,89,662,0.118,1900.15
90,2024-01-10,бытовая техника,2216.84,2296.82,73,129,0.158,1877.43
90,2024-01-11,бытовая техника,1898.28,1915.69,83,958,0.351,1933.11
90,2024-01-12,бытовая техника,2100.7,2063.38,101,275,0.281,1954.02
90,2024-01-13,бытовая техника,2042.03,2016.74,97,620,0.317,1953.22
90,2024-01-14,бытовая техника,1946.72,1919.69,84,111,0.123,1891.65
90,2024-01-15,бытовая техника,1951.04,2084.59,100,425,0.298,1955.34
90,2024-01-16,бытовая техника,1822.62,1841.6,112,340,0.141,1948.22
90,2024-01-17,бытовая техника,1950.22,1815.16,103,188,0.111,1925.56
90,2024-01-18,бытовая техника,1689.25,1662.0,134,322,0.161,1993.9
90,2024-01-19,бытовая техника,1759.33,1637.1,111,537,0.165,1950.85
90,2024-01-20,бытовая техника,1805.55,1791.77,107,375,0.321,1972.87
90,2024-01-21,бытовая техника,1812.64,1948.16,99,232,0.246,1943.52
90,2024-01-22,бытовая техника,1823.21,1921.05,87,325,0.318,1934.32
90,2024-01-23,бытовая техника,1834.81,1739.33,104,54,0.198,1943.92
90,2024-01-24,бытовая техника,1855.55,1890.97,99,81,0.256,1945.5
90,2024-01-25,бытовая техника,1734.58,1807.25,83,902,0.255,1914.76
90,2024-01-26,бытовая техника,1652.53,1674.38,116,805,0.224,1971.56
90,2024-01-27,бытовая техника,1645.04,1629.28,125,116,0.361,2014.66
90,2024-01-28,бытовая техника,1816.33,1852.27,92,11,0.223,1925.81
90,2024-01-29,бытовая техника,1677.47,1762.9,115,339,0.139,1953.5
90,2024-01-30,бытовая техника,1798.06,1689.08,114,956,0.307,1983.59
90,2024-01-31,бытовая техника,1794.88,1855.27,115,774,0.398,2002.84
90,2024-02-01,бытовая техника,2031.1,2091.45,91,846,0.237,1926.59
90,2024-02-02,бытовая техника,1974.69,1851.69,113,361,0.259,1972.62
90,2024-02-03,бытовая техника,2058.77,2105.16,82,740,0.263,1914.38
90,2024-02-04,бытовая техника,2060.91,2070.81,95,680,0.169,1921.35
90,2024-02-05,бытовая техника,1987.79,1964.85,89,285,0.393,1952.5
90,2024-02-06,бытовая техника,2013.27,2131.79,84,868,0.282,1921.88
90,2024-02-07,бытовая техника,2105.1,2085.66,92,399,0.386,1956.87
90,2024-02-08,бытовая техника,2019.73,1998.16,105,512,0.174,1941.33
90,2024-02-09,бытовая техника,2260.22,2216.75,81,385,0.366,1932.14
90,2024-02-10,бытовая техника,2028.67,2015.86,92,16,0.156,1913.1
90,2024-02-11,бытовая техника,1858.3,1821.93,99,123,0.127,1920.88
90,2024-02-12,бытовая техника,2064.72,2031.12,99,103,0.377,1968.47
90,2024-02-13,бытовая техника,2002.56,1915.72,99,14,0.117,1919.02
90,2024-02-14,бытовая техника,1914.94,1949.22,97,639,0.221,1935.06
90,2024-02-15,бытовая техника,1867.81,1851.73,101,219,0.37,1970.92
90,2024-02-16,бытовая техника,1890.37,1890.27,115,795,0.105,1947.18
90,2024-02-17,бытовая техника,1829.24,1843.53,113,120,0.133,1948.55
90,2024-02-18,бытовая техника,1793.43,1798.23,107,199,0.364,1981.05
90,2024-02-19,бытовая техника,1562.64,1527.59,129,865,0.125,1977.43
90,2024-02-20,бытовая техника,1613.28,1570.16,106,397,0.329,1972.48
90,2024-02-21,бытовая техника,1647.67,1653.8,104,76,0.282,1959.87
90,2024-02-22,бытовая техника,1696.77,1628.96,96,437,0.274,1943.07
90,2024-02-23,бытовая техника,1786.71,1794.51,116,923,0.143,1956.18
90,2024-02-24,бытовая техника,1671.52,1638.17,118,54,0.248,1979.87
90,2024-02-25,бытовая техника,1580.48,1691.33,114,770,0.264,1975.45
90,2024-02-26,бытовая техника,1616.26,1648.55,112,350,0.237,1966.53
90,2024-02-27,бытовая техника,1939.96,2028.93,90,890,0.332,1942.76
90,2024-02-28,бытовая техника,1701.91,1760.94,109,919,0.243,1961.89
90,2024-02-29,бытовая техника,1831.98,1802.91,94,245,0.101,1906.42
90,2024-03-01,бытовая техника,2011.3,2085.11,84,223,0.189,1904.22
90,2024-03-02,бытовая техника,2018.95,2062.95,105,397,0.293,1963.76
90,2024-03-03,бытовая техника,1950.43,1847.55,116,582,0.4,2005.03
90,2024-03-04,бытовая техника,2022.21,1985.87,103,433,0.139,1930.82
90,2024-03-05,бытовая техника,1968.74,1910.31,103,641,0.151,1933.01
90,2024-03-06,бытовая техника,1995.57,1993.82,81,630,0.226,1905.44
90,2024-03-07,бытовая техника,2092.01,2091.15,71,297,0.268,1894.49
90,2024-03-08,бытовая техника,2154.75,2083.74,96,298,0.167,1922.83
90,2024-03-09,бытовая техника,2135.44,2070.22,84,476,0.323,1929.74
90,2024-03-10,бытовая техника,2050.04,2058.42,74,681,0.123,1872.61
90,2024-03-11,бытовая техника,2267.97,2354.14,82,33,0.243,1910.74
90,2024-03-12,бытовая техника,2089.56,2100.92,82,533,0.251,1912.09
90,2024-03-13,бытовая техника,2163.44,2220.35,83,716,0.206,1905.52
90,2024-03-14,бытовая техника,2103.09,2146.44,93,616,0.326,1947.32
90,2024-03-15,бытовая техника,1813.82,1813.81,103,535,0.133,1929.65
90,2024-03-16,бытовая техника,1801.87,1765.11,103,356,0.178,1938.14
90,2024-03-17,бытовая техника,1856.22,1954.35,110,657,0.336,1981.47
90,2024-03-18,бытовая техника,1953.94,1926.48,96,699,0.164,1922.25
90,2024-03-19,бытовая техника,1600.99,1681.66,110,44,0.223,1960.1
90,2024-03-20,бытовая техника,2013.34,1995.53,90,578,0.356,1947.32
90,2024-03-21,бытовая техника,1782.26,1648.4,111,789,0.178,1953.4
90,2024-03-22,бытовая техника,1657.97,1630.22,119,305,0.395,2009.71
90,2024-03-23,бытовая техника,1640.38,1668.66,128,67,0.293,2007.49
90,2024-03-24,бытовая техника,1752.67,1839.99,98,231,0.116,1916.94
90,2024-03-25,бытовая техника,1844.05,1841.43,93,497,0.206,1924.52
90,2024-03-26,бытовая техника,1844.53,1740.61,98,591,0.378,1966.7
90,2024-03-27,бытовая техника,1733.58,1781.18,108,219,0.274,1965.86
90,2024-03-28,бытовая техника,1893.19,1871.87,96,45,0.379,1963.1
90,2024-03-29,бытовая техника,1788.84,1793.03,119,102,0.234,1979.18
90,2024-03-30,бытовая техника,1878.17,1929.3,94,767,0.154,1916.48
91,2024-01-01,аксессуары,2406.31,2448.42,78,761,0.325,2447.53
91,2024-01-02,аксессуары,2588.99,2580.04,86,45,0.12,2417.17
91,2024-01-03,аксессуары,2444.71,2497.78,103,92,0.14,2463.22
91,2024-01-04,аксессуары,2446.99,2472.87,99,36,0.239,2477.46
91,2024-01-05,аксессуары,2630.17,2661.97,86,809,0.141,2422.36
91,2024-01-06,аксессуары,2525.98,2598.64,83,165,0.219,2434.06
91,2024-01-07,аксессуары,2825.87,2858.5,78,251,0.259,2431.55
91,2024-01-08,аксессуары,2474.21,2592.33,80,608,0.396,2469.47
91,2024-01-09,аксессуары,2435.84,2321.58,94,590,0.324,2485.91
91,2024-01-10,аксессуары,2640.63,2590.09,90,739,0.158,2436.09
91,2024-01-11,аксессуары,2578.15,2585.65,90,360,0.357,2484.42
91,2024-01-12,аксессуары,2363.37,2429.73,93,666,0.289,2475.2
91,2024-01-13,аксессуары,2516.07,2497.38,105,338,0.268,2499.03
91,2024-01-14,аксессуары,2572.92,2594.33,94,496,0.155,2445.05
91,2024-01-15,аксессуары,2662.03,2704.99,89,419,0.328,2474.94
91,2024-01-16,аксессуары,2297.68,2328.19,114,218,0.24,2514.22
91,2024-01-17,аксессуары,2237.57,2261.03,118,278,0.27,2531.2
91,2024-01-18,аксессуары,2203.59,2079.46,95,134,0.135,2442.59
91,2024-01-19,аксессуары,2074.0,2059.39,115,488,0.344,2541.69
91,2024-01-20,аксессуары,2259.16,2377.23,102,952,0.29,2497.24
91,2024-01-21,аксессуары,2084.57,2253.42,99,395,0.118,2448.17
91,2024-01-22,аксессуары,2098.19,2165.83,84,792,0.112,2410.47
91,2024-01-23,аксессуары,2072.97,2187.73,124,732,0.377,2571.61
91,2024-01-24,аксессуары,2033.63,2062.73,116,202,0.241,2519.15
91,2024-01-25,аксессуары,2051.85,2042.55,97,756,0.285,2483.92
91,2024-01-26,аксессуары,2284.67,2321.08,97,385,0.305,2488.77
91,2024-01-27,аксессуары,2132.13,2068.8,126,329,0.3,2557.68
91,2024-01-28,аксессуары,2303.69,2184.57,111,189,0.378,2540.25
91,2024-01-29,аксессуары,2399.25,2355.68,91,514,0.272,2466.18
91,2024-01-30,аксессуары,2430.76,2487.3,105,47,0.245,2493.46
91,2024-01-31,аксессуары,2537.29,2558.48,92,374,0.136,2435.63
91,2024-02-01,аксессуары,2521.03,2494.08,78,57,0.227,2423.9
91,2024-02-02,аксессуары,2649.56,2625.61,85,372,0.281,2453.78
91,2024-02-03,аксессуары,2466.07,2534.51,97,36,0.232,2470.97
91,2024-02-04,аксессуары,2921.39,2959.81,80,187,0.215,2425.8
91,2024-02-05,аксессуары,2768.35,2715.85,78,550,0.122,2398.31
91,2024-02-06,аксессуары,2968.86,2905.35,73,485,0.297,2428.57
91,2024-02-07,аксессуары,2684.76,2652.3,92,875,0.389,2496.89
91,2024-02-08,аксессуары,2584.63,2517.92,98,970,0.23,2472.89
91,2024-02-09,аксессуары,2806.65,2748.79,80,284,0.178,2416.67
91,2024-02-10,аксессуары,2766.32,2739.66,82,118,0.182,2422.65
91,2024-02-11,аксессуары,2501.92,2497.39,90,38,0.383,2490.58
91,2024-02-12,аксессуары,2448.73,2434.35,86,618,0.336,2469.63
91,2024-02-13,аксессуары,2503.94,2330.89,92,282,0.338,2484.47
91,2024-02-14,аксессуары,2665.81,2600.91,81,610,0.348,2460.31
91,2024-02-15,аксессуары,2377.38,2438.99,109,119,0.323,2522.06
91,2024-02-16,аксессуары,2379.47,2471.02,79,517,0.37,2460.86
91,2024-02-17,аксессуары,2353.78,2338.64,97,816,0.232,2471.11
91,2024-02-18,аксессуары,2421.73,2520.58,96,770,0.182,2456.47
91,2024-02-19,аксессуары,2281.31,2193.14,115,28,0.173,2500.42
91,2024-02-20,аксессуары,2295.5,2238.02,126,891,0.135,2517.68
91,2024-02-21,аксессуары,2086.37,2072.61,117,397,0.36,2550.42
91,2024-02-22,аксессуары,2516.55,2682.41,81,264,0.305,2449.94
91,2024-02-23,аксессуары,2149.75,2210.05,105,763,0.206,2484.0
91,2024-02-24,аксессуары,2292.5,2278.59,91,941,0.338,2482.13
91,2024-02-25,аксессуары,2311.86,2323.12,100,203,0.219,2475.15
91,2024-02-26,аксессуары,2075.73,2143.81,120,506,0.141,2504.73
91,2024-02-27,аксессуары,2295.24,2256.89,99,73,0.117,2447.88
91,2024-02-28,аксессуары,2175.07,2115.49,117,34,0.38,2555.39
91,2024-02-29,аксессуары,2456.12,2416.96,115,590,0.275,2525.01
91,2024-03-01,аксессуары,2248.07,2363.18,104,756,0.396,2527.74
91,2024-03-02,аксессуары,2540.35,2457.55,101,381,0.169,2465.46
91,2024-03-03,аксессуары,2324.9,2441.09,96,129,0.391,2507.19
91,2024-03-04,аксессуары,2430.11,2501.99,81,142,0.264,2440.01
91,2024-03-05,аксессуары,2720.38,2716.61,76,591,0.12,2393.07
91,2024-03-06,аксессуары,2652.39,2731.94,94,275,0.237,2464.9
91,2024-03-07,аксессуары,2577.81,2501.16,104,776,0.159,2470.34
91,2024-03-08,аксессуары,2775.84,2806.3,73,305,0.197,2404.29
91,2024-03-09,аксессуары,2498.07,2615.35,81,908,0.203,2425.3
91,2024-03-10,аксессуары,2723.57,2614.71,98,823,0.175,2459.55
91,2024-03-11,аксессуары,2656.07,2592.09,107,268,0.108,2465.28
91,2024-03-12,аксессуары,2547.09,2633.22,89,965,0.346,2479.26
91,2024-03-13,аксессуары,2513.18,2457.4,99,935,0.345,2503.11
91,2024-03-14,аксессуары,2595.87,2552.06,106,943,0.341,2519.29
91,2024-03-15,аксессуары,2623.22,2758.32,80,364,0.33,2453.56
91,2024-03-16,аксессуары,2438.42,2412.32,92,69,0.392,2497.71
91,2024-03-17,аксессуары,2356.62,2321.86,95,976,0.121,2439.21
91,2024-03-18,аксессуары,2224.56,2070.55,94,657,0.324,2486.14
91,2024-03-19,аксессуары,2327.32,2359.38,117,979,0.336,2544.53
91,2024-03-20,аксессуары,2144.16,1993.36,119,29,0.105,2493.51
91,2024-03-21,аксессуары,2379.2,2460.42,83,690,0.129,2412.11
91,2024-03-22,аксессуары,2223.18,2156.36,98,857,0.329,2496.82
91,2024-03-23,аксессуары,2116.47,2043.15,114,838,0.202,2504.87
91,2024-03-24,аксессуары,1892.83,1823.62,114,330,0.103,2480.87
91,2024-03-25,аксессуары,2325.26,2272.01,121,387,0.354,2558.62
91,2024-03-26,аксессуары,2213.0,2229.56,93,54,0.265,2469.23
91,2024-03-27,аксессуары,2262.26,2291.94,94,167,0.199,2455.77
91,2024-03-28,аксессуары,2264.39,2339.72,92,433,0.196,2450.1
91,2024-03-29,аксессуары,2086.44,2029.89,133,767,0.287,2571.46
91,2024-03-30,аксессуары,2427.31,2420.0,97,561,0.217,2467.36
92,2024-01-01,электроника,980.35,972.55,113,655,0.343,1042.63
92,2024-01-02,электроника,997.43,1031.5,105,975,0.349,1035.21
92,2024-01-03,электроника,929.03,907.71,98,626,0.244,1017.82
92,2024-01-04,электроника,1045.62,1022.18,102,92,0.267,1024.11
92,2024-01-05,электроника,1073.84,1070.29,83,710,0.166,995.15
92,2024-01-06,электроника,1085.58,1055.99,98,775,0.331,1026.51
92,2024-01-07,электроника,1127.0,1177.82,97,447,0.325,1024.92
92,2024-01-08,электроника,1056.57,1026.98,98,418,0.136,1007.1
92,2024-01-09,электроника,1159.59,1146.89,86,158,0.226,1004.06
92,2024-01-10,электроника,1119.93,1105.74,97,494,0.301,1022.56
92,2024-01-11,электроника,1139.65,1178.97,82,473,0.146,992.17
92,2024-01-12,электроника,1099.7,1063.24,105,575,0.267,1027.1
92,2024-01-13,электроника,1015.87,969.32,89,341,0.209,1005.35
92,2024-01-14,электроника,1078.98,1078.14,87,560,0.322,1014.67
92,2024-01-15,электроника,1039.24,1010.7,93,35,0.351,1023.54
92,2024-01-16,электроника,965.12,980.42,118,80,0.21,1034.37
92,2024-01-17,электроника,991.23,965.17,115,668,0.316,1041.89
92,2024-01-18,электроника,1016.99,1002.85,93,155,0.167,1005.16
92,2024-01-19,электроника,962.4,981.39,116,84,0.334,1044.76
92,2024-01-20,электроника,956.18,928.58,110,618,0.133,1018.78
92,2024-01-21,электроника,831.84,853.92,110,164,0.121,1017.55
92,2024-01-22,электроника,856.88,870.71,124,975,0.104,1029.75
92,2024-01-23,электроника,933.11,956.83,89,340,0.141,998.57
92,2024-01-24,электроника,911.91,985.7,82,396,0.158,993.39
92,2024-01-25,электроника,897.72,827.22,130,830,0.178,1043.11
92,2024-01-26,электроника,847.67,792.69,115,936,0.259,1036.27
92,2024-01-27,электроника,986.01,977.24,103,425,0.314,1029.82
92,2024-01-28,электроника,982.48,936.82,117,737,0.179,1030.26
92,2024-01-29,электроника,826.42,786.45,122,105,0.378,1055.11
92,2024-01-30,электроника,970.44,986.96,91,597,0.315,1017.93
92,2024-01-31,электроника,1070.43,1118.72,90,678,0.196,1005.1
92,2024-02-01,электроника,969.9,946.33,110,552,0.306,1035.94
92,2024-02-02,электроника,1055.39,1065.08,84,166,0.16,995.5
92,2024-02-03,электроника,1056.58,1069.61,110,933,0.288,1034.14
92,2024-02-04,электроника,1104.89,1096.89,81,238,0.157,992.28
92,2024-02-05,электроника,1123.86,1117.16,90,648,0.323,1017.79
92,2024-02-06,электроника,1109.5,1064.22,95,430,0.174,1007.93
92,2024-02-07,электроника,1064.23,1092.62,67,819,0.243,986.92
92,2024-02-08,электроника,1141.72,1134.82,73,817,0.374,1005.91
92,2024-02-09,электроника,995.64,1033.87,94,198,0.2,1009.48
92,2024-02-10,электроника,1126.75,1188.64,93,97,0.147,1003.18
92,2024-02-11,электроника,1133.5,1159.47,90,291,0.305,1015.93
92,2024-02-12,электроника,987.53,1002.01,98,871,0.39,1032.33
92,2024-02-13,электроника,1086.38,1072.98,91,545,0.355,1021.96
92,2024-02-14,электроника,1059.11,1058.79,96,983,0.214,1012.85
92,2024-02-15,электроника,960.6,983.7,91,947,0.293,1015.77
92,2024-02-16,электроника,962.38,965.16,95,987,0.234,1013.87
92,2024-02-17,электроника,949.96,990.51,84,555,0.152,994.71
92,2024-02-18,электроника,998.74,986.43,95,69,0.359,1026.32
92,2024-02-19,электроника,900.63,868.58,126,484,0.358,1057.09
92,2024-02-20,электроника,859.79,888.56,101,548,0.214,1017.79
92,2024-02-21,электроника,836.08,880.54,117,818,0.223,1034.63
92,2024-02-22,электроника,884.45,903.28,115,133,0.105,1020.92
92,2024-02-23,электроника,975.57,957.04,101,911,0.256,1022.04
92,2024-02-24,электроника,852.54,866.87,123,297,0.248,1043.09
92,2024-02-25,электроника,923.39,937.8,111,882,0.161,1022.53
92,2024-02-26,электроника,917.97,921.17,120,151,0.395,1054.79
92,2024-02-27,электроника,990.41,1027.92,104,891,0.36,1035.35
92,2024-02-28,электроника,935.56,917.54,98,873,0.363,1029.71
92,2024-02-29,электроника,1003.53,964.38,96,499,0.335,1024.92
92,2024-03-01,электроника,965.0,967.37,88,873,0.167,1000.2
92,2024-03-02,электроника,1020.33,1028.88,96,299,0.273,1018.74
92,2024-03-03,электроника,1042.42,1031.57,95,858,0.356,1026.03
92,2024-03-04,электроника,1141.32,1166.12,88,700,0.197,1003.22
92,2024-03-05,электроника,1050.86,1049.54,98,863,0.27,1020.43
92,2024-03-06,электроника,1043.3,1051.33,111,638,0.288,1035.16
92,2024-03-07,электроника,1132.26,1133.72,88,867,0.22,1005.49
92,2024-03-08,электроника,1191.74,1159.06,73,904,0.124,980.95
92,2024-03-09,электроника,1056.64,1063.01,100,237,0.194,1014.84
92,2024-03-10,электроника,1136.19,1053.49,80,18,0.11,986.55
92,2024-03-11,электроника,996.51,1030.17,91,956,0.354,1021.81
92,2024-03-12,электроника,1054.56,1092.51,100,814,0.341,1029.5
92,2024-03-13,электроника,1074.74,1033.7,106,712,0.148,1016.28
92,2024-03-14,электроника,1197.88,1181.4,92,686,0.115,999.01
92,2024-03-15,электроника,1086.22,1065.78,94,968,0.235,1012.92
92,2024-03-16,электроника,1049.67,1084.76,95,293,0.275,1017.92
92,2024-03-17,электроника,1028.98,1047.67,96,732,0.175,1008.98
92,2024-03-18,электроника,935.0,950.99,98,94,0.316,1024.96
92,2024-03-19,электроника,894.09,902.48,107,933,0.281,1030.47
92,2024-03-20,электроника,945.86,963.18,94,13,0.366,1026.0
92,2024-03-21,электроника,929.1,920.38,115,440,0.325,1042.87
92,2024-03-22,электроника,878.19,809.44,108,436,0.195,1022.95
92,2024-03-23,электроника,908.36,904.8,101,751,0.152,1011.66
92,2024-03-24,электроника,958.27,934.74,127,77,0.245,1046.85
92,2024-03-25,электроника,863.16,869.65,132,879,0.241,1051.4
92,2024-03-26,электроника,933.05,927.35,110,567,0.37,1042.36
92,2024-03-27,электроника,943.23,965.47,94,418,0.355,1024.92
92,2024-03-28,электроника,860.73,873.47,124,278,0.238,1043.08
92,2024-03-29,электроника,941.42,930.3,119,757,0.243,1038.67
92,2024-03-30,электроника,1013.76,944.51,105,585,0.239,1024.32
93,2024-01-01,бытовая техника,1303.48,1311.29,110,963,0.345,1349.38
93,2024-01-02,бытовая техника,1329.73,1343.84,102,12,0.181,1317.84
93,2024-01-03,бытовая техника,1315.86,1360.03,109,82,0.141,1321.66
93,2024-01-04,бытовая техника,1372.87,1321.16,90,490,0.378,1327.81
93,2024-01-05,бытовая техника,1302.17,1255.01,109,967,0.227,1332.74
93,2024-01-06,бытовая техника,1364.12,1360.63,86,633,0.215,1301.57
93,2024-01-07,бытовая техника,1457.15,1497.43,64,186,0.198,1270.89
93,2024-01-08,бытовая техника,1394.86,1435.27,82,326,0.118,1283.81
93,2024-01-09,бытовая техника,1382.8,1358.42,87,828,0.171,1297.09
93,2024-01-10,бытовая техника,1455.62,1421.67,107,743,0.333,1343.85
93,2024-01-11,бытовая техника,1350.78,1379.93,87,732,0.219,1303.36
93,2024-01-12,бытовая техника,1398.67,1334.94,94,84,0.357,1330.28
93,2024-01-13,бытовая техника,1333.53,1290.8,92,920,0.349,1326.6
93,2024-01-14,бытовая техника,1254.63,1214.83,104,847,0.297,1335.33
93,2024-01-15,бытовая техника,1263.21,1258.56,97,128,0.269,1322.77
93,2024-01-16,бытовая техника,1139.37,1174.12,108,998,0.304,1341.49
93,2024-01-17,бытовая техника,1323.95,1412.8,92,426,0.247,1313.45
93,2024-01-18,бытовая техника,1217.19,1150.89,110,656,0.398,1356.15
93,2024-01-19,бытовая техника,1146.57,1210.35,95,413,0.169,1307.23
93,2024-01-20,бытовая техника,1192.37,1159.73,120,798,0.384,1367.34
93,2024-01-21,бытовая техника,1086.09,1140.92,114,986,0.374,1358.31
93,2024-01-22,бытовая техника,1137.2,1142.59,110,763,0.209,1331.78
93,2024-01-23,бытовая техника,1193.86,1231.77,101,462,0.398,1344.59
93,2024-01-24,бытовая техника,1196.19,1212.79,96,619,0.343,1331.01
93,2024-01-25,бытовая техника,1076.04,1072.53,115,524,0.269,1345.92
93,2024-01-26,бытовая техника,1267.55,1280.76,80,227,0.364,1312.97
93,2024-01-27,бытовая техника,1168.08,1166.16,109,711,0.19,1327.97
93,2024-01-28,бытовая техника,1201.58,1258.9,91,613,0.391,1330.69
93,2024-01-29,бытовая техника,1201.43,1193.25,116,479,0.185,1336.44
93,2024-01-30,бытовая техника,1223.45,1218.93,104,585,0.202,1323.09
93,2024-01-31,бытовая техника,1422.04,1408.55,95,477,0.203,1311.65
93,2024-02-01,бытовая техника,1300.35,1278.65,99,14,0.112,1305.02
93,2024-02-02,бытовая техника,1442.14,1400.27,94,676,0.33,1326.75
93,2024-02-03,бытовая техника,1450.77,1437.12,83,267,0.272,1305.03
93,2024-02-04,бытовая техника,1421.33,1359.46,75,625,0.269,1294.24
93,2024-02-05,бытовая техника,1331.89,1351.59,111,732,0.138,1323.91
93,2024-02-06,бытовая техника,1343.47,1290.83,107,819,0.373,1349.09
93,2024-02-07,бытовая техника,1391.07,1349.45,92,590,0.26,1315.13
93,2024-02-08,бытовая техника,1387.97,1404.01,103,660,0.196,1321.07
93,2024-02-09,бытовая техника,1455.43,1389.93,86,462,0.125,1289.87
93,2024-02-10,бытовая техника,1374.94,1353.0,109,230,0.156,1323.64
93,2024-02-11,бытовая техника,1390.78,1401.2,84,909,0.37,1318.93
93,2024-02-12,бытовая техника,1286.07,1284.32,86,622,0.314,1314.36
93,2024-02-13,бытовая техника,1378.39,1394.37,77,142,0.286,1299.11
93,2024-02-14,бытовая техника,1325.87,1345.3,101,435,0.177,1316.07
93,2024-02-15,бытовая техника,1303.36,1330.19,105,410,0.164,1319.48
93,2024-02-16,бытовая техника,1183.36,1176.42,102,746,0.164,1315.59
93,2024-02-17,бытовая техника,1197.24,1178.51,106,779,0.131,1316.58
93,2024-02-18,бытовая техника,1196.68,1241.07,115,793,0.32,1352.54
93,2024-02-19,бытовая техника,1219.97,1227.82,102,735,0.332,1337.36
93,2024-02-20,бытовая техника,1170.2,1101.21,115,782,0.286,1348.15
93,2024-02-21,бытовая техника,1176.78,1186.83,105,600,0.316,1339.14
93,2024-02-22,бытовая техника,1186.38,1196.04,94,828,0.14,1302.16
93,2024-02-23,бытовая техника,1105.61,1126.41,111,591,0.158,1326.45
93,2024-02-24,бытовая техника,1193.12,1203.21,109,726,0.11,1317.73
93,2024-02-25,бытовая техника,1265.35,1275.95,96,730,0.237,1317.24
93,2024-02-26,бытовая техника,1135.02,1114.43,101,904,0.226,1322.4
93,2024-02-27,бытовая техника,1212.32,1239.43,117,122,0.334,1357.0
93,2024-02-28,бытовая техника,1282.76,1284.18,91,263,0.171,1302.34
93,2024-02-29,бытовая техника,1306.35,1325.35,105,456,0.109,1312.37
93,2024-03-01,бытовая техника,1350.7,1314.64,70,805,0.248,1285.12
93,2024-03-02,бытовая техника,1353.44,1397.72,86,72,0.109,1287.86
93,2024-03-03,бытовая техника,1211.62,1202.72,131,542,0.347,1376.71
93,2024-03-04,бытовая техника,1383.73,1312.75,106,189,0.108,1313.49
93,2024-03-05,бытовая техника,1425.87,1388.55,99,853,0.327,1332.84
93,2024-03-06,бытовая техника,1514.08,1504.67,93,532,0.292,1320.52
93,2024-03-07,бытовая техника,1510.93,1507.19,93,349,0.383,1332.26
93,2024-03-08,бытовая техника,1398.21,1379.08,88,784,0.295,1314.46
93,2024-03-09,бытовая техника,1379.41,1342.98,107,17,0.232,1330.81
93,2024-03-10,бытовая техника,1411.4,1388.42,99,240,0.363,1337.45
93,2024-03-11,бытовая техника,1376.09,1409.84,86,760,0.387,1323.74
93,2024-03-12,бытовая техника,1385.04,1382.06,63,667,0.271,1279.08
93,2024-03-13,бытовая техника,1410.23,1466.71,83,969,0.288,1307.04
93,2024-03-14,бытовая техника,1323.37,1263.81,104,196,0.118,1312.3
93,2024-03-15,бытовая техника,1282.14,1311.74,108,92,0.292,1339.89
93,2024-03-16,бытовая техника,1429.72,1453.32,81,297,0.337,1310.78
93,2024-03-17,бытовая техника,1271.24,1297.95,86,465,0.128,1290.33
93,2024-03-18,бытовая техника,1181.24,1218.04,139,633,0.231,1372.05
93,2024-03-19,бытовая техника,1181.57,1162.76,106,273,0.18,1322.85
93,2024-03-20,бытовая техника,1235.54,1315.14,110,568,0.332,1347.69
93,2024-03-21,бытовая техника,1056.83,1091.75,122,780,0.145,1338.96
93,2024-03-22,бытовая техника,1134.59,1073.17,115,476,0.241,1342.37
93,2024-03-23,бытовая техника,1077.32,1086.82,114,664,0.237,1340.58
93,2024-03-24,бытовая техника,1131.44,1110.78,111,382,0.302,1345.13
93,2024-03-25,бытовая техника,1192.71,1181.48,115,101,0.332,1354.12
93,2024-03-26,бытовая техника,1172.11,1135.85,136,873,0.298,1376.9
93,2024-03-27,бытовая техника,1134.95,1088.23,101,512,0.206,1319.79
93,2024-03-28,бытовая техника,1218.3,1222.68,109,399,0.194,1328.55
93,2024-03-29,бытовая техника,1336.49,1341.43,129,883,0.257,1362.53
93,2024-03-30,бытовая техника,1233.58,1204.69,115,192,0.2,1337.09
94,2024-01-01,бытовая техника,2599.65,2676.93,79,386,0.377,2678.6
94,2024-01-02,бытовая техника,2631.24,2598.75,91,319,0.176,2657.38
94,2024-01-03,бытовая техника,2922.61,2822.79,94,561,0.106,2646.73
94,2024-01-04,бытовая техника,2963.13,3008.75,71,885,0.277,2631.23
94,2024-01-05,бытовая техника,2928.27,2999.2,88,201,0.106,2631.07
94,2024-01-06,бытовая техника,2917.39,2934.09,101,507,0.377,2736.76
94,2024-01-07,бытовая техника,2718.79,2745.09,90,242,0.218,2665.83
94,2024-01-08,бытовая техника,3176.03,3298.94,77,578,0.286,2649.38
94,2024-01-09,бытовая техника,2712.09,2693.12,112,192,0.107,2694.42
94,2024-01-10,бытовая техника,3143.83,3061.77,103,661,0.179,2689.8
94,2024-01-11,бытовая техника,2714.96,2806.29,72,180,0.396,2665.25
94,2024-01-12,бытовая техника,2840.87,2893.43,105,667,0.166,2691.54
94,2024-01-13,бытовая техника,2630.76,2657.04,95,965,0.198,2673.8
94,2024-01-14,бытовая техника,2908.02,2768.79,98,444,0.319,2713.41
94,2024-01-15,бытовая техника,2859.88,2963.95,84,117,0.324,2677.97
94,2024-01-16,бытовая техника,2628.8,2745.49,105,259,0.149,2687.06
94,2024-01-17,бытовая техника,2751.77,2791.83,81,450,0.37,2682.22
94,2024-01-18,бытовая техника,2677.09,2695.66,110,442,0.337,2749.9
94,2024-01-19,бытовая техника,2459.18,2458.14,123,284,0.229,2755.54
94,2024-01-20,бытовая техника,2261.55,2207.86,102,47,0.347,2731.33
94,2024-01-21,бытовая техника,2325.45,2311.17,110,437,0.129,2695.04
94,2024-01-22,бытовая техника,2502.77,2631.4,101,804,0.181,2685.11
94,2024-01-23,бытовая техника,2104.36,2222.17,108,654,0.106,2683.56
94,2024-01-24,бытовая техника,2374.45,2359.81,94,932,0.147,2657.51
94,2024-01-25,бытовая техника,2382.71,2242.97,103,978,0.284,2717.4
94,2024-01-26,бытовая техника,2062.83,1902.52,143,699,0.29,2824.43
94,2024-01-27,бытовая техника,2328.96,2365.52,109,591,0.134,2693.64
94,2024-01-28,бытовая техника,2519.19,2588.43,97,395,0.107,2654.88
94,2024-01-29,бытовая техника,2662.3,2646.26,108,624,0.298,2734.28
94,2024-01-30,бытовая техника,2253.55,2300.91,133,925,0.124,2754.38
94,2024-01-31,бытовая техника,2615.01,2588.09,93,910,0.254,2683.13
94,2024-02-01,бытовая техника,2776.89,2792.66,92,503,0.373,2711.98
94,2024-02-02,бытовая техника,2966.36,3156.05,86,693,0.288,2673.66
94,2024-02-03,бытовая техника,2837.72,2816.34,103,942,0.138,2679.08
94,2024-02-04,бытовая техника,2859.06,2998.06,101,243,0.124,2669.98
94,2024-02-05,бытовая техника,2663.3,2578.18,95,376,0.388,2723.81
94,2024-02-06,бытовая техника,2907.95,2919.15,88,254,0.308,2684.1
94,2024-02-07,бытовая техника,2900.05,2853.76,97,358,0.338,2715.9
94,2024-02-08,бытовая техника,2759.26,2836.4,97,616,0.195,2678.09
94,2024-02-09,бытовая техника,2800.46,2721.06,97,310,0.275,2699.15
94,2024-02-10,бытовая техника,2831.85,2856.67,98,304,0.224,2688.56
94,2024-02-11,бытовая техника,2656.52,2558.04,99,774,0.344,2722.7
94,2024-02-12,бытовая техника,2777.39,2773.74,88,720,0.153,2643.5
94,2024-02-13,бытовая техника,2744.9,2635.25,118,288,0.134,2717.28
94,2024-02-14,бытовая техника,2698.48,2685.35,95,267,0.131,2656.08
94,2024-02-15,бытовая техника,2664.46,2548.01,101,581,0.351,2729.74
94,2024-02-16,бытовая техника,2622.95,2544.81,104,796,0.118,2676.28
94,2024-02-17,бытовая техника,2436.89,2539.84,88,329,0.209,2658.05
94,2024-02-18,бытовая техника,2464.05,2425.17,112,431,0.347,2757.62
94,2024-02-19,бытовая техника,2445.34,2431.14,106,650,0.28,2724.2
94,2024-02-20,бытовая техника,2583.71,2588.54,96,960,0.227,2683.86
94,2024-02-21,бытовая техника,2194.58,2226.24,121,855,0.34,2779.55
94,2024-02-22,бытовая техника,2455.37,2487.31,106,78,0.374,2748.97
94,2024-02-23,бытовая техника,2322.47,2251.75,115,554,0.249,2739.93
94,2024-02-24,бытовая техника,2015.94,2061.43,127,883,0.323,2790.94
94,2024-02-25,бытовая техника,2351.08,2322.06,130,748,0.151,2753.38
94,2024-02-26,бытовая техника,2337.8,2383.46,94,160,0.132,2653.55
94,2024-02-27,бытовая техника,2479.13,2372.73,102,601,0.21,2695.19
94,2024-02-28,бытовая техника,2391.54,2473.07,121,937,0.377,2789.43
94,2024-02-29,бытовая техника,2535.34,2652.84,107,110,0.28,2726.87
94,2024-03-01,бытовая техника,2501.51,2484.47,103,938,0.363,2738.17
94,2024-03-02,бытовая техника,2705.47,2552.47,92,75,0.352,2706.24
94,2024-03-03,бытовая техника,2911.66,2900.81,89,58,0.312,2687.84
94,2024-03-04,бытовая техника,2726.83,2647.4,99,158,0.328,2718.37
94,2024-03-05,бытовая техника,2903.77,2893.43,99,291,0.391,2735.03
94,2024-03-06,бытовая техника,2917.28,2919.49,78,988,0.341,2666.49
94,2024-03-07,бытовая техника,2710.51,2674.72,104,886,0.293,2722.53
94,2024-03-08,бытовая техника,3095.8,3150.64,86,646,0.278,2671.02
94,2024-03-09,бытовая техника,3003.57,3018.59,82,320,0.348,2679.01
94,2024-03-10,бытовая техника,3160.4,3189.37,59,969,0.346,2617.79
94,2024-03-11,бытовая техника,2688.08,2684.95,80,425,0.204,2635.84
94,2024-03-12,бытовая техника,3029.41,3077.29,81,879,0.323,2669.81
94,2024-03-13,бытовая техника,2681.64,2696.92,86,219,0.213,2653.83
94,2024-03-14,бытовая техника,2782.3,2703.51,107,313,0.307,2734.12
94,2024-03-15,бытовая техника,2589.58,2579.73,96,792,0.222,2682.72
94,2024-03-16,бытовая техника,2684.78,2671.36,105,391,0.354,2741.21
94,2024-03-17,бытовая техника,2608.46,2659.83,100,827,0.145,2672.76
94,2024-03-18,бытовая техника,2328.38,2279.74,113,419,0.317,2752.47
94,2024-03-19,бытовая техника,2589.47,2626.22,98,832,0.291,2706.15
94,2024-03-20,бытовая техника,2341.15,2330.71,117,938,0.36,2774.3
94,2024-03-21,бытовая техника,2669.27,2819.06,104,175,0.203,2698.64
94,2024-03-22,бытовая техника,2202.77,2005.67,121,564,0.315,2772.95
94,2024-03-23,бытовая техника,2322.8,2408.12,107,324,0.388,2755.22
94,2024-03-24,бытовая техника,2385.82,2299.54,105,608,0.2,2700.49
94,2024-03-25,бытовая техника,2465.33,2533.92,93,200,0.246,2681.18
94,2024-03-26,бытовая техника,2237.38,2128.01,130,239,0.286,2789.08
94,2024-03-27,бытовая техника,2319.66,2319.43,118,711,0.367,2778.68
94,2024-03-28,бытовая техника,2355.19,2350.64,123,594,0.242,2759.01
94,2024-03-29,бытовая техника,2500.07,2473.68,105,100,0.335,2736.01
94,2024-03-30,бытовая техника,2876.82,3032.17,98,367,0.272,2701.09
95,2024-01-01,электроника,1921.36,1986.45,79,49,0.146,1936.29
95,2024-01-02,электроника,2035.29,2083.01,92,192,0.264,1984.62
95,2024-01-03,электроника,2038.37,2014.85,91,118,0.273,1984.41
95,2024-01-04,электроника,1941.83,1902.73,118,973,0.228,2028.32
95,2024-01-05,электроника,2241.87,2329.45,91,467,0.378,2004.85
95,2024-01-06,электроника,2319.73,2379.08,84,901,0.131,1943.06
95,2024-01-07,электроника,2129.81,2077.7,96,129,0.336,2006.5
95,2024-01-08,электроника,2214.83,2258.43,99,375,0.335,2012.05
95,2024-01-09,электроника,2154.34,2088.93,89,421,0.256,1977.13
95,2024-01-10,электроника,2233.1,2194.51,89,107,0.381,2001.57
95,2024-01-11,электроника,2067.91,2047.13,100,327,0.302,2007.57
95,2024-01-12,электроника,2270.12,2272.28,84,614,0.316,1979.06
95,2024-01-13,электроника,2077.86,2102.11,105,690,0.182,1994.0
95,2024-01-14,электроника,2033.08,2064.39,92,771,0.29,1989.66
95,2024-01-15,электроника,2060.86,2128.19,105,45,0.165,1990.56
95,2024-01-16,электроника,1814.77,1784.28,108,16,0.153,1994.22
95,2024-01-17,электроника,1890.18,1780.7,96,71,0.143,1968.84
95,2024-01-18,электроника,1748.58,1756.78,97,902,0.34,2009.21
95,2024-01-19,электроника,1881.8,1824.23,114,910,0.124,2000.22
95,2024-01-20,электроника,1707.27,1660.23,127,287,0.259,2051.8
95,2024-01-21,электроника,1838.74,1759.39,110,378,0.307,2028.0
95,2024-01-22,электроника,1729.73,1635.93,101,287,0.353,2019.49
95,2024-01-23,электроника,1659.56,1620.69,109,343,0.236,2012.21
95,2024-01-24,электроника,1572.79,1638.82,102,904,0.214,1994.31
95,2024-01-25,электроника,1687.92,1714.82,123,460,0.243,2040.98
95,2024-01-26,электроника,1814.71,1759.65,94,913,0.174,1970.96
95,2024-01-27,электроника,1872.09,1918.35,91,37,0.105,1951.69
95,2024-01-28,электроника,1702.32,1674.48,127,320,0.215,2043.2
95,2024-01-29,электроника,1871.0,1795.28,110,854,0.235,2014.11
95,2024-01-30,электроника,1879.55,1805.01,102,607,0.322,2015.39
95,2024-01-31,электроника,2002.31,2007.61,88,626,0.135,1951.75
95,2024-02-01,электроника,2093.04,2124.97,101,20,0.252,1999.72
95,2024-02-02,электроника,1811.07,1806.49,118,803,0.296,2041.49
95,2024-02-03,электроника,2203.23,2159.41,75,330,0.398,1977.49
95,2024-02-04,электроника,2016.7,2089.27,94,16,0.293,1994.19
95,2024-02-05,электроника,1973.36,1985.96,85,109,0.194,1957.41
95,2024-02-06,электроника,2285.81,2257.2,80,742,0.255,1959.4
95,2024-02-07,электроника,2219.77,2259.99,113,129,0.386,2049.26
95,2024-02-08,электроника,2068.3,2152.52,89,437,0.135,1953.55
95,2024-02-09,электроника,2040.92,2067.64,102,681,0.101,1972.27
95,2024-02-10,электроника,2162.95,2189.32,83,470,0.134,1941.81
95,2024-02-11,электроника,1995.65,2009.36,91,181,0.217,1973.5
95,2024-02-12,электроника,1914.89,1879.84,102,64,0.143,1980.42
95,2024-02-13,электроника,1997.82,2129.62,94,12,0.103,1957.07
95,2024-02-14,электроника,1836.51,1795.97,80,75,0.155,1939.98
95,2024-02-15,электроника,1801.72,1821.59,108,487,0.301,2023.07
95,2024-02-16,электроника,1941.58,1891.69,91,484,0.396,2008.35
95,2024-02-17,электроника,1758.42,1767.17,115,769,0.28,2032.58
95,2024-02-18,электроника,1899.3,1834.89,105,770,0.268,2010.81
95,2024-02-19,электроника,1662.79,1694.88,116,658,0.104,2000.11
95,2024-02-20,электроника,1768.58,1760.96,115,195,0.122,2001.81
95,2024-02-21,электроника,1698.23,1676.96,101,809,0.101,1970.38
95,2024-02-22,электроника,1787.68,1738.5,118,158,0.253,2033.06
95,2024-02-23,электроника,1708.51,1814.76,118,709,0.193,2021.49
95,2024-02-24,электроника,1781.13,1840.33,76,736,0.157,1932.52
95,2024-02-25,электроника,1649.63,1652.78,127,914,0.187,2037.7
95,2024-02-26,электроника,1800.3,1812.79,105,790,0.267,2010.42
95,2024-02-27,электроника,1766.65,1751.12,110,554,0.129,1993.32
95,2024-02-28,электроника,1780.38,1703.96,107,479,0.126,1986.86
95,2024-02-29,электроника,1981.56,1956.93,97,570,0.185,1979.04
95,2024-03-01,электроника,1778.93,1799.47,100,527,0.174,1982.69
95,2024-03-02,электроника,2104.88,2052.41,77,685,0.316,1965.45
95,2024-03-03,электроника,1987.45,1942.69,123,329,0.125,2018.0
95,2024-03-04,электроника,2162.02,2184.3,80,354,0.185,1945.78
95,2024-03-05,электроника,2271.43,2241.12,77,464,0.365,1975.12
95,2024-03-06,электроника,2199.13,2213.06,96,600,0.295,1998.49
95,2024-03-07,электроника,2134.26,2056.88,100,415,0.206,1988.92
95,2024-03-08,электроника,2209.09,2140.73,84,829,0.295,1975.13
95,2024-03-09,электроника,2137.16,2141.1,85,194,0.35,1987.79
95,2024-03-10,электроника,2287.83,2285.93,64,539,0.277,1932.61
95,2024-03-11,электроника,2193.53,2121.89,90,304,0.343,1996.03
95,2024-03-12,электроника,2122.01,2090.04,68,746,0.187,1922.85
95,2024-03-13,электроника,2180.17,2101.09,90,660,0.107,1950.07
95,2024-03-14,электроника,2204.7,2215.78,92,567,0.286,1988.88
95,2024-03-15,электроника,1931.45,1938.31,114,227,0.233,2021.34
95,2024-03-16,электроника,1941.5,1958.78,97,950,0.321,2005.49
95,2024-03-17,электроника,2158.09,2183.89,89,405,0.265,1978.86
95,2024-03-18,электроника,1721.48,1688.62,106,978,0.131,1986.01
95,2024-03-19,электроника,2023.47,2003.33,92,63,0.112,1954.97
95,2024-03-20,электроника,1755.58,1751.9,100,598,0.319,2010.87
95,2024-03-21,электроника,1606.13,1540.67,115,301,0.346,2045.34
95,2024-03-22,электроника,1863.99,1970.14,87,442,0.395,2000.36
95,2024-03-23,электроника,1668.29,1650.73,140,109,0.244,2074.32
95,2024-03-24,электроника,1816.21,1721.85,119,684,0.256,2035.71
95,2024-03-25,электроника,1630.12,1679.88,118,828,0.368,2055.61
95,2024-03-26,электроника,1893.44,1971.22,99,824,0.165,1978.88
95,2024-03-27,электроника,1888.6,1875.02,84,155,0.306,1977.2
95,2024-03-28,электроника,1897.16,1914.23,97,323,0.275,1996.48
95,2024-03-29,электроника,1742.33,1770.77,114,475,0.381,2050.28
95,2024-03-30,электроника,1888.69,1978.53,102,826,0.211,1993.67
96,2024-01-01,электроника,3834.01,3819.83,110,921,0.325,4238.25
96,2024-01-02,электроника,3807.91,3805.04,110,839,0.194,4185.12
96,2024-01-03,электроника,4494.07,4406.0,89,272,0.165,4087.85
96,2024-01-04,электроника,4417.68,4674.73,102,915,0.255,4177.23
96,2024-01-05,электроника,4755.13,4800.69,82,237,0.139,4048.86
96,2024-01-06,электроника,4289.13,4239.79,95,935,0.199,4125.97
96,2024-01-07,электроника,4733.66,4896.37,83,626,0.192,4074.49
96,2024-01-08,электроника,4497.11,4454.08,74,25,0.13,4012.49
96,2024-01-09,электроника,4228.1,4114.9,79,854,0.135,4034.83
96,2024-01-10,электроника,4676.22,4570.25,92,898,0.28,4146.63
96,2024-01-11,электроника,4476.51,4427.3,90,535,0.177,4096.66
96,2024-01-12,электроника,4476.28,4423.99,67,158,0.344,4071.22
96,2024-01-13,электроника,4539.03,4611.66,86,208,0.15,4069.5
96,2024-01-14,электроника,4362.16,4351.21,79,894,0.355,4124.33
96,2024-01-15,электроника,3753.94,3894.48,99,143,0.329,4195.22
96,2024-01-16,электроника,4106.44,4180.01,97,656,0.295,4173.32
96,2024-01-17,электроника,4274.07,4272.59,94,914,0.284,4156.43
96,2024-01-18,электроника,3761.51,4050.74,103,795,0.132,4131.23
96,2024-01-19,электроника,4105.69,4046.08,112,188,0.251,4216.26
96,2024-01-20,электроника,3885.47,3989.81,114,21,0.321,4253.01
96,2024-01-21,электроника,4019.29,3761.44,91,174,0.391,4187.73
96,2024-01-22,электроника,3266.94,3402.76,104,296,0.34,4220.09
96,2024-01-23,электроника,3636.11,3713.69,92,381,0.163,4099.37
96,2024-01-24,электроника,3348.84,3466.43,107,414,0.13,4146.66
96,2024-01-25,электроника,3475.05,3457.8,94,807,0.318,4170.55
96,2024-01-26,электроника,3934.95,3935.84,91,357,0.191,4106.51
96,2024-01-27,электроника,3549.74,3553.76,92,156,0.252,4135.24
96,2024-01-28,электроника,3608.9,3568.82,102,890,0.381,4228.58
96,2024-01-29,электроника,3737.82,3611.72,124,398,0.153,4225.43
96,2024-01-30,электроника,3758.33,3767.54,126,849,0.284,4286.63
96,2024-01-31,электроника,4092.48,4210.15,78,685,0.164,4042.54
96,2024-02-01,электроника,4401.29,4551.51,93,171,0.268,4145.82
96,2024-02-02,электроника,4211.43,4228.84,99,330,0.182,4135.41
96,2024-02-03,электроника,4444.37,4253.84,99,370,0.257,4165.72
96,2024-02-04,электроника,4454.42,4518.63,90,770,0.357,4169.92
96,2024-02-05,электроника,4626.72,4581.67,73,531,0.243,4054.35
96,2024-02-06,электроника,4643.82,4732.46,76,539,0.183,4042.46
96,2024-02-07,электроника,4354.77,4375.77,97,458,0.398,4215.3
96,2024-02-08,электроника,4610.51,4702.38,84,617,0.28,4114.21
96,2024-02-09,электроника,4465.53,4512.0,86,561,0.159,4073.21
96,2024-02-10,электроника,4371.45,4020.5,100,785,0.233,4160.13
96,2024-02-11,электроника,4224.95,4061.72,91,736,0.217,4117.07
96,2024-02-12,электроника,3882.02,4050.99,105,630,0.17,4155.0
96,2024-02-13,электроника,4506.36,4607.56,82,149,0.154,4054.84
96,2024-02-14,электроника,4013.76,4193.89,89,762,0.186,4096.51
96,2024-02-15,электроника,4178.83,4153.41,87,438,0.238,4109.59
96,2024-02-16,электроника,4164.66,4166.78,119,44,0.248,4243.67
96,2024-02-17,электроника,3857.51,4129.24,85,554,0.264,4111.66
96,2024-02-18,электроника,3886.06,3891.79,115,171,0.104,4168.58
96,2024-02-19,электроника,3748.84,3787.94,110,125,0.298,4227.3
96,2024-02-20,электроника,3254.46,3384.94,123,829,0.377,4312.31
96,2024-02-21,электроника,4094.91,4041.91,110,45,0.253,4208.84
96,2024-02-22,электроника,3291.94,3196.44,108,565,0.375,4250.56
96,2024-02-23,электроника,3493.46,3552.54,124,81,0.127,4214.57
96,2024-02-24,электроника,3820.73,3715.07,99,464,0.175,4132.76
96,2024-02-25,электроника,3786.64,3729.53,105,335,0.122,4135.42
96,2024-02-26,электроника,3729.34,3628.36,120,97,0.272,4257.31
96,2024-02-27,электроника,3928.68,3958.15,97,355,0.356,4197.96
96,2024-02-28,электроника,3450.6,3603.92,121,755,0.336,4287.54
96,2024-02-29,электроника,4115.14,3955.3,97,627,0.222,4143.62
96,2024-03-01,электроника,4387.07,4410.14,86,693,0.246,4108.79
96,2024-03-02,электроника,3956.77,3847.73,100,181,0.214,4152.59
96,2024-03-03,электроника,4371.0,4489.53,81,280,0.21,4073.72
96,2024-03-04,электроника,4396.32,4520.15,92,268,0.136,4088.4
96,2024-03-05,электроника,4311.81,4176.5,114,560,0.282,4236.97
96,2024-03-06,электроника,4203.03,3935.67,95,360,0.321,4175.86
96,2024-03-07,электроника,4471.6,4648.66,93,356,0.354,4180.91
96,2024-03-08,электроника,4523.99,4458.12,96,763,0.101,4090.46
96,2024-03-09,электроника,4211.1,4188.59,83,734,0.184,4071.28
96,2024-03-10,электроника,4619.29,4734.2,82,632,0.357,4137.53
96,2024-03-11,электроника,4301.42,4385.67,93,926,0.179,4109.69
96,2024-03-12,электроника,4314.97,4260.64,95,832,0.104,4087.38
96,2024-03-13,электроника,4393.02,4157.4,110,502,0.124,4156.63
96,2024-03-14,электроника,4408.68,4509.17,94,160,0.357,4186.41
96,2024-03-15,электроника,4413.33,4620.0,69,946,0.227,4031.7
96,2024-03-16,электроника,4391.22,4419.1,108,613,0.282,4212.6
96,2024-03-17,электроника,3938.23,3872.1,106,603,0.163,4156.32
96,2024-03-18,электроника,3469.6,3382.8,105,995,0.155,4148.88
96,2024-03-19,электроника,3968.01,4000.39,109,783,0.14,4158.87
96,2024-03-20,электроника,3739.64,3695.13,111,753,0.363,4257.91
96,2024-03-21,электроника,3809.72,3814.59,104,50,0.309,4207.43
96,2024-03-22,электроника,3591.91,3762.45,110,458,0.215,4193.71
96,2024-03-23,электроника,3411.74,3351.62,116,269,0.109,4174.73
96,2024-03-24,электроника,3708.35,3838.95,98,400,0.394,4217.69
96,2024-03-25,электроника,3568.1,3649.9,120,656,0.395,4307.35
96,2024-03-26,электроника,4058.73,4049.92,89,27,0.26,4126.59
96,2024-03-27,электроника,3759.72,3832.6,94,69,0.276,4153.47
96,2024-03-28,электроника,3566.75,3660.12,121,653,0.119,4199.42
96,2024-03-29,электроника,3735.34,3690.68,121,35,0.169,4219.77
96,2024-03-30,электроника,4067.33,3963.4,98,120,0.362,4204.6
97,2024-01-01,бытовая техника,2516.98,2474.79,112,813,0.248,2562.17
97,2024-01-02,бытовая техника,2375.07,2394.88,109,456,0.116,2522.21
97,2024-01-03,бытовая техника,2659.15,2633.92,77,215,0.194,2462.47
97,2024-01-04,бытовая техника,2705.42,2789.88,82,770,0.331,2508.6
97,2024-01-05,бытовая техника,2734.85,2612.97,90,222,0.156,2485.07
97,2024-01-06,бытовая техника,2731.81,2778.89,101,770,0.39,2570.14
97,2024-01-07,бытовая техника,2586.62,2547.21,100,180,0.319,2550.18
97,2024-01-08,бытовая техника,2870.74,2784.85,77,593,0.144,2450.09
97,2024-01-09,бытовая техника,2620.41,2648.7,97,689,0.194,2511.92
97,2024-01-10,бытовая техника,2714.1,2745.36,93,279,0.124,2484.75
97,2024-01-11,бытовая техника,2842.01,2790.52,90,637,0.161,2486.39
97,2024-01-12,бытовая техника,2570.22,2538.16,120,594,0.3,2594.88
97,2024-01-13,бытовая техника,2583.22,2688.62,91,779,0.257,2512.51
97,2024-01-14,бытовая техника,2526.4,2587.45,88,952,0.161,2481.45
97,2024-01-15,бытовая техника,2520.4,2489.94,81,914,0.315,2502.18
97,2024-01-16,бытовая техника,2511.27,2447.68,120,916,0.331,2602.64
97,2024-01-17,бытовая техника,2410.12,2410.61,102,767,0.292,2548.38
97,2024-01-18,бытовая техника,2180.82,2161.95,116,825,0.279,2579.83
97,2024-01-19,бытовая техника,2391.22,2235.06,116,701,0.298,2584.38
97,2024-01-20,бытовая техника,2362.87,2347.27,100,819,0.335,2554.13
97,2024-01-21,бытовая техника,2352.39,2380.86,110,186,0.108,2522.73
97,2024-01-22,бытовая техника,2141.79,2218.38,125,710,0.269,2599.56
97,2024-01-23,бытовая техника,2090.07,2142.9,106,270,0.124,2516.73
97,2024-01-24,бытовая техника,2291.09,2214.56,100,700,0.392,2568.1
97,2024-01-25,бытовая техника,2346.72,2423.05,114,785,0.366,2596.33
97,2024-01-26,бытовая техника,2630.64,2655.97,88,48,0.194,2489.71
97,2024-01-27,бытовая техника,2032.11,1996.83,119,796,0.209,2569.87
97,2024-01-28,бытовая техника,2344.78,2397.48,109,436,0.105,2519.45
97,2024-01-29,бытовая техника,2301.64,2316.26,110,446,0.23,2552.79
97,2024-01-30,бытовая техника,2416.64,2432.27,110,568,0.331,2577.9
97,2024-01-31,бытовая техника,2227.15,2284.2,106,204,0.193,2533.94
97,2024-02-01,бытовая техника,2449.52,2412.43,103,319,0.136,2512.44
97,2024-02-02,бытовая техника,2536.68,2567.52,81,619,0.156,2462.83
97,2024-02-03,бытовая техника,2780.29,2789.27,96,751,0.334,2544.0
97,2024-02-04,бытовая техника,2734.44,2733.39,84,27,0.199,2480.97
97,2024-02-05,бытовая техника,2757.0,2796.55,78,352,0.392,2513.72
97,2024-02-06,бытовая техника,2929.54,2919.76,59,707,0.215,2423.19
97,2024-02-07,бытовая техника,2666.77,2663.83,82,505,0.252,2489.18
97,2024-02-08,бытовая техника,2847.02,2796.57,88,512,0.123,2472.14
97,2024-02-09,бытовая техника,2674.53,2738.72,100,108,0.176,2514.74
97,2024-02-10,бытовая техника,2583.33,2690.45,92,967,0.352,2538.57
97,2024-02-11,бытовая техника,2898.67,2880.13,83,984,0.294,2502.05
97,2024-02-12,бытовая техника,2571.28,2548.84,84,746,0.272,2499.03
97,2024-02-13,бытовая техника,2375.19,2335.74,108,14,0.241,2550.57
97,2024-02-14,бытовая техника,2653.7,2609.91,89,691,0.234,2501.95
97,2024-02-15,бытовая техника,2221.77,2286.48,111,983,0.193,2546.21
97,2024-02-16,бытовая техника,2629.64,2634.04,85,444,0.128,2465.77
97,2024-02-17,бытовая техника,2369.92,2366.86,102,384,0.293,2548.75
97,2024-02-18,бытовая техника,2177.35,2178.95,113,238,0.391,2599.95
97,2024-02-19,бытовая техника,2357.13,2345.26,87,344,0.297,2512.48
97,2024-02-20,бытовая техника,2091.29,2110.77,118,775,0.267,2581.74
97,2024-02-21,бытовая техника,2049.89,1991.12,135,887,0.36,2646.84
97,2024-02-22,бытовая техника,2187.29,2084.64,122,935,0.101,2550.74
97,2024-02-23,бытовая техника,2316.76,2432.29,98,446,0.321,2545.78
97,2024-02-24,бытовая техника,2199.19,2250.57,108,89,0.246,2551.88
97,2024-02-25,бытовая техника,2295.65,2244.76,118,723,0.281,2585.18
97,2024-02-26,бытовая техника,2447.88,2327.85,115,237,0.208,2559.72
97,2024-02-27,бытовая техника,2290.94,2063.57,108,533,0.314,2568.7
97,2024-02-28,бытовая техника,2319.32,2291.76,105,470,0.297,2556.95
97,2024-02-29,бытовая техника,2462.59,2488.27,101,581,0.303,2548.61
97,2024-03-01,бытовая техника,2418.73,2400.13,103,548,0.316,2556.78
97,2024-03-02,бытовая техника,2279.51,2331.58,100,801,0.357,2559.62
97,2024-03-03,бытовая техника,2629.51,2502.8,87,611,0.266,2504.93
97,2024-03-04,бытовая техника,2593.39,2481.12,94,175,0.357,2544.68
97,2024-03-05,бытовая техника,2702.14,2804.44,76,191,0.227,2468.07
97,2024-03-06,бытовая техника,2843.98,2763.83,88,115,0.273,2509.09
97,2024-03-07,бытовая техника,2663.94,2735.75,73,821,0.21,2456.44
97,2024-03-08,бытовая техника,2707.25,2645.64,107,509,0.112,2516.22
97,2024-03-09,бытовая техника,2822.06,2726.64,93,243,0.138,2488.04
97,2024-03-10,бытовая техника,2851.32,2965.44,80,950,0.305,2497.13
97,2024-03-11,бытовая техника,2684.46,2573.61,90,461,0.103,2471.97
97,2024-03-12,бытовая техника,2596.13,2612.12,86,524,0.108,2463.51
97,2024-03-13,бытовая техника,2366.45,2337.18,110,365,0.208,2547.37
97,2024-03-14,бытовая техника,2632.97,2539.01,108,568,0.121,2520.92
97,2024-03-15,бытовая техника,2646.62,2607.98,111,679,0.146,2534.59
97,2024-03-16,бытовая техника,2310.81,2391.87,97,103,0.132,2496.5
97,2024-03-17,бытовая техника,2384.57,2445.42,111,665,0.177,2542.24
97,2024-03-18,бытовая техника,2417.0,2542.56,94,372,0.312,2533.55
97,2024-03-19,бытовая техника,2377.36,2315.22,108,457,0.188,2537.5
97,2024-03-20,бытовая техника,2242.0,2171.75,117,484,0.296,2586.38
97,2024-03-21,бытовая техника,2297.35,2275.41,113,914,0.307,2579.37
97,2024-03-22,бытовая техника,2431.05,2442.8,94,688,0.191,2503.71
97,2024-03-23,бытовая техника,2278.16,2229.49,120,499,0.121,2550.57
97,2024-03-24,бытовая техника,2288.21,2233.31,103,849,0.112,2506.49
97,2024-03-25,бытовая техника,2337.87,2437.23,84,701,0.199,2481.03
97,2024-03-26,бытовая техника,2174.54,2186.48,94,148,0.329,2537.69
97,2024-03-27,бытовая техника,2188.59,2250.35,111,998,0.261,2563.09
97,2024-03-28,бытовая техника,2280.9,2151.71,109,881,0.206,2544.36
97,2024-03-29,бытовая техника,2583.62,2598.25,93,761,0.396,2551.98
97,2024-03-30,бытовая техника,2429.01,2451.8,113,145,0.253,2566.0
98,2024-01-01,бытовая техника,1375.17,1374.0,92,448,0.322,1380.7
98,2024-01-02,бытовая техника,1275.74,1312.54,108,544,0.341,1404.84
98,2024-01-03,бытовая техника,1398.71,1403.63,91,79,0.275,1373.03
98,2024-01-04,бытовая техника,1479.76,1474.92,105,377,0.329,1399.18
98,2024-01-05,бытовая техника,1560.1,1553.18,87,784,0.329,1374.92
98,2024-01-06,бытовая техника,1460.97,1354.72,97,713,0.289,1382.93
98,2024-01-07,бытовая техника,1583.47,1590.94,73,224,0.104,1325.59
98,2024-01-08,бытовая техника,1462.86,1404.01,89,577,0.334,1378.18
98,2024-01-09,бытовая техника,1367.08,1442.06,101,495,0.207,1377.24
98,2024-01-10,бытовая техника,1497.54,1508.6,81,387,0.118,1338.31
98,2024-01-11,бытовая техника,1394.13,1404.54,110,711,0.371,1411.52
98,2024-01-12,бытовая техника,1468.54,1447.51,105,107,0.335,1399.94
98,2024-01-13,бытовая техника,1333.01,1294.64,82,645,0.301,1364.37
98,2024-01-14,бытовая техника,1450.96,1469.74,91,775,0.367,1385.35
98,2024-01-15,бытовая техника,1405.55,1381.01,90,957,0.253,1368.67
98,2024-01-16,бытовая техника,1324.0,1292.69,89,750,0.191,1358.94
98,2024-01-17,бытовая техника,1313.22,1255.84,101,451,0.356,1397.36
98,2024-01-18,бытовая техника,1243.92,1255.02,105,400,0.256,1389.28
98,2024-01-19,бытовая техника,1361.05,1362.92,99,330,0.304,1387.73
98,2024-01-20,бытовая техника,1170.45,1183.29,112,169,0.128,1381.53
98,2024-01-21,бытовая техника,1125.96,1141.18,117,667,0.387,1423.14
98,2024-01-22,бытовая техника,1178.58,1238.41,117,382,0.251,1404.82
98,2024-01-23,бытовая техника,1184.78,1226.78,95,500,0.137,1359.81
98,2024-01-24,бытовая техника,1160.25,1197.74,111,818,0.238,1394.99
98,2024-01-25,бытовая техника,1172.95,1126.06,133,355,0.105,1406.74
98,2024-01-26,бытовая техника,1236.24,1232.27,122,760,0.305,1418.86
98,2024-01-27,бытовая техника,1143.32,1151.13,118,227,0.375,1422.89
98,2024-01-28,бытовая техника,1249.19,1268.78,91,684,0.282,1373.88
98,2024-01-29,бытовая техника,1353.67,1413.89,102,867,0.309,1392.34
98,2024-01-30,бытовая техника,1327.56,1317.62,120,690,0.304,1415.96
98,2024-01-31,бытовая техника,1346.32,1280.95,97,359,0.227,1374.53
98,2024-02-01,бытовая техника,1252.65,1231.64,105,210,0.291,1393.99
98,2024-02-02,бытовая техника,1507.15,1530.51,72,872,0.358,1358.61
98,2024-02-03,бытовая техника,1505.03,1535.28,97,796,0.353,1391.51
98,2024-02-04,бытовая техника,1370.47,1298.29,110,833,0.322,1404.93
98,2024-02-05,бытовая техника,1444.65,1402.42,114,788,0.219,1396.42
98,2024-02-06,бытовая техника,1494.32,1517.74,85,230,0.38,1379.04
98,2024-02-07,бытовая техника,1489.88,1521.92,88,614,0.297,1371.92
98,2024-02-08,бытовая техника,1516.91,1590.54,93,687,0.38,1389.86
98,2024-02-09,бытовая техника,1465.93,1389.39,94,538,0.267,1376.0
98,2024-02-10,бытовая техника,1390.96,1436.4,89,725,0.334,1378.17
98,2024-02-11,бытовая техника,1543.94,1611.49,70,266,0.236,1339.41
98,2024-02-12,бытовая техника,1503.59,1481.52,93,422,0.136,1356.96
98,2024-02-13,бытовая техника,1324.8,1304.99,107,27,0.21,1385.79
98,2024-02-14,бытовая техника,1382.61,1350.57,112,615,0.127,1381.31
98,2024-02-15,бытовая техника,1325.13,1311.87,107,649,0.218,1386.8
98,2024-02-16,бытовая техника,1415.23,1431.17,94,983,0.386,1391.98
98,2024-02-17,бытовая техника,1252.61,1200.81,110,716,0.301,1402.14
98,2024-02-18,бытовая техника,1322.67,1325.69,92,782,0.365,1386.41
98,2024-02-19,бытовая техника,1153.62,1102.87,117,449,0.101,1384.54
98,2024-02-20,бытовая техника,1212.0,1205.17,104,420,0.281,1391.24
98,2024-02-21,бытовая техника,1211.34,1118.52,125,793,0.335,1426.94
98,2024-02-22,бытовая техника,1185.86,1157.94,97,45,0.294,1383.63
98,2024-02-23,бытовая техника,1230.47,1241.45,89,495,0.105,1347.39
98,2024-02-24,бытовая техника,1103.24,1111.13,122,433,0.184,1402.55
98,2024-02-25,бытовая техника,1227.21,1296.95,112,26,0.115,1379.65
98,2024-02-26,бытовая техника,1280.26,1305.41,100,372,0.215,1377.08
98,2024-02-27,бытовая техника,1221.34,1241.35,104,496,0.346,1400.01
98,2024-02-28,бытовая техника,1191.71,1215.8,107,936,0.386,1409.54
98,2024-02-29,бытовая техника,1443.78,1469.99,88,547,0.249,1365.36
98,2024-03-01,бытовая техника,1479.2,1447.66,85,622,0.371,1377.83
98,2024-03-02,бытовая техника,1412.6,1402.72,97,63,0.275,1381.12
98,2024-03-03,бытовая техника,1301.27,1399.82,93,756,0.308,1380.11
98,2024-03-04,бытовая техника,1298.54,1280.67,99,699,0.301,1387.26
98,2024-03-05,бытовая техника,1404.02,1343.17,96,535,0.399,1396.4
98,2024-03-06,бытовая техника,1429.39,1465.95,82,40,0.352,1371.28
98,2024-03-07,бытовая техника,1433.32,1477.19,86,101,0.157,1350.34
98,2024-03-08,бытовая техника,1674.52,1664.18,80,635,0.327,1365.18
98,2024-03-09,бытовая техника,1449.99,1493.66,88,228,0.202,1359.14
98,2024-03-10,бытовая техника,1388.8,1365.39,99,63,0.32,1389.76
98,2024-03-11,бытовая техника,1540.43,1472.31,91,520,0.319,1378.89
98,2024-03-12,бытовая техника,1440.32,1417.0,101,731,0.159,1370.84
98,2024-03-13,бытовая техника,1465.54,1458.35,76,528,0.272,1352.36
98,2024-03-14,бытовая техника,1428.32,1443.93,102,337,0.283,1388.81
98,2024-03-15,бытовая техника,1492.25,1522.0,79,982,0.36,1368.26
98,2024-03-16,бытовая техника,1318.24,1264.66,96,597,0.35,1389.8
98,2024-03-17,бытовая техника,1196.59,1187.96,121,783,0.114,1391.66
98,2024-03-18,бытовая техника,1373.2,1423.32,95,521,0.25,1374.98
98,2024-03-19,бытовая техника,1177.51,1145.61,119,951,0.311,1415.51
98,2024-03-20,бытовая техника,1138.69,1272.3,96,406,0.398,1396.33
98,2024-03-21,бытовая техника,1253.76,1279.28,101,272,0.287,1388.1
98,2024-03-22,бытовая техника,1313.12,1366.9,97,856,0.152,1364.54
98,2024-03-23,бытовая техника,1167.18,1190.98,111,280,0.28,1400.59
98,2024-03-24,бытовая техника,1148.38,1081.98,126,354,0.158,1404.37
98,2024-03-25,бытовая техника,1245.97,1274.87,94,668,0.382,1391.4
98,2024-03-26,бытовая техника,1175.56,1218.5,117,600,0.186,1396.06
98,2024-03-27,бытовая техника,1199.32,1235.96,90,290,0.132,1352.32
98,2024-03-28,бытовая техника,1298.01,1286.3,106,126,0.132,1373.94
98,2024-03-29,бытовая техника,1344.59,1376.69,89,471,0.115,1348.65
98,2024-03-30,бытовая техника,1279.72,1334.92,111,317,0.25,1396.53
99,2024-01-01,бытовая техника,1299.26,1321.91,118,168,0.367,1379.8
99,2024-01-02,бытовая техника,1331.31,1301.75,107,946,0.261,1351.49
99,2024-01-03,бытовая техника,1418.14,1431.08,74,856,0.344,1319.11
99,2024-01-04,бытовая техника,1407.01,1361.25,104,249,0.142,1331.97
99,2024-01-05,бытовая техника,1329.31,1371.55,94,336,0.385,1350.66
99,2024-01-06,бытовая техника,1468.13,1454.8,74,373,0.149,1293.69
99,2024-01-07,бытовая техника,1540.01,1501.7,86,902,0.386,1340.41
99,2024-01-08,бытовая техника,1397.38,1413.51,94,917,0.191,1325.32
99,2024-01-09,бытовая техника,1444.55,1411.62,95,709,0.353,1347.87
99,2024-01-10,бытовая техника,1424.14,1439.49,78,692,0.318,1321.0
99,2024-01-11,бытовая техника,1445.73,1514.81,79,630,0.349,1326.31
99,2024-01-12,бытовая техника,1314.82,1227.2,107,440,0.327,1360.11
99,2024-01-13,бытовая техника,1284.0,1280.02,87,885,0.342,1335.87
99,2024-01-14,бытовая техника,1387.87,1416.22,92,49,0.148,1317.05
99,2024-01-15,бытовая техника,1305.4,1255.9,120,790,0.38,1384.04
99,2024-01-16,бытовая техника,1303.99,1287.93,98,532,0.273,1341.29
99,2024-01-17,бытовая техника,1246.04,1179.25,134,607,0.361,1399.92
99,2024-01-18,бытовая техника,1298.9,1344.47,94,539,0.353,1346.53
99,2024-01-19,бытовая техника,1180.68,1130.88,122,189,0.359,1383.88
99,2024-01-20,бытовая техника,1225.95,1308.86,109,627,0.372,1368.67
99,2024-01-21,бытовая техника,1194.7,1207.09,105,789,0.149,1334.18
99,2024-01-22,бытовая техника,1093.11,1114.74,124,440,0.253,1372.67
99,2024-01-23,бытовая техника,1121.74,1119.62,107,589,0.299,1356.43
99,2024-01-24,бытовая техника,1237.04,1186.98,96,728,0.217,1331.27
99,2024-01-25,бытовая техника,1108.23,1127.0,108,822,0.226,1348.24
99,2024-01-26,бытовая техника,1221.71,1171.62,105,889,0.122,1330.69
99,2024-01-27,бытовая техника,1186.08,1153.19,96,229,0.389,1353.87
99,2024-01-28,бытовая техника,1176.82,1139.96,110,678,0.326,1363.95
99,2024-01-29,бытовая техника,1304.45,1320.42,89,666,0.247,1326.16
99,2024-01-30,бытовая техника,1318.89,1316.36,90,257,0.375,1344.18
99,2024-01-31,бытовая техника,1373.05,1386.44,102,11,0.136,1328.64
99,2024-02-01,бытовая техника,1417.56,1419.33,90,986,0.112,1309.72
99,2024-02-02,бытовая техника,1473.69,1435.76,75,565,0.192,1300.65
99,2024-02-03,бытовая техника,1333.81,1326.75,89,362,0.23,1323.87
99,2024-02-04,бытовая техника,1465.25,1482.03,77,938,0.115,1293.19
99,2024-02-05,бытовая техника,1431.97,1398.73,69,545,0.294,1306.06
99,2024-02-06,бытовая техника,1348.3,1324.76,112,936,0.224,1353.21
99,2024-02-07,бытовая техника,1442.69,1460.35,103,29,0.307,1352.32
99,2024-02-08,бытовая техника,1406.57,1444.92,103,108,0.396,1363.86
99,2024-02-09,бытовая техника,1435.24,1449.08,81,37,0.38,1333.05
99,2024-02-10,бытовая техника,1292.3,1260.04,106,500,0.35,1361.81
99,2024-02-11,бытовая техника,1449.66,1490.45,88,725,0.121,1308.33
99,2024-02-12,бытовая техника,1282.08,1321.28,96,321,0.15,1322.63
99,2024-02-13,бытовая техника,1223.98,1223.99,100,964,0.388,1358.91
99,2024-02-14,бытовая техника,1252.79,1287.82,96,765,0.138,1321.02
99,2024-02-15,бытовая техника,1265.1,1285.7,101,218,0.366,1357.31
99,2024-02-16,бытовая техника,1241.22,1247.5,101,706,0.321,1351.47
99,2024-02-17,бытовая техника,1208.75,1240.94,111,654,0.358,1369.38
99,2024-02-18,бытовая техника,1150.74,1127.24,108,792,0.236,1349.54
99,2024-02-19,бытовая техника,1209.95,1229.51,119,542,0.343,1377.87
99,2024-02-20,бытовая техника,1181.23,1120.64,99,27,0.273,1342.54
99,2024-02-21,бытовая техника,1228.59,1217.96,133,516,0.225,1380.75
99,2024-02-22,бытовая техника,1195.36,1235.67,94,212,0.113,1315.07
99,2024-02-23,бытовая техника,1144.97,1150.28,97,896,0.24,1335.61
99,2024-02-24,бытовая техника,1095.35,1051.9,113,284,0.347,1370.54
99,2024-02-25,бытовая техника,1164.54,1188.06,92,268,0.321,1339.69
99,2024-02-26,бытовая техника,1257.02,1193.88,122,10,0.201,1363.22
99,2024-02-27,бытовая техника,1305.53,1281.53,105,655,0.123,1330.77
99,2024-02-28,бытовая техника,1197.81,1199.33,120,79,0.135,1352.06
99,2024-02-29,бытовая техника,1208.91,1219.58,108,760,0.176,1341.72
99,2024-03-01,бытовая техника,1371.54,1317.18,106,51,0.285,1353.28
99,2024-03-02,бытовая техника,1352.71,1326.48,91,336,0.208,1323.62
99,2024-03-03,бытовая техника,1306.65,1277.79,107,912,0.263,1351.69
99,2024-03-04,бытовая техника,1334.97,1312.18,108,693,0.261,1352.85
99,2024-03-05,бытовая техника,1462.36,1514.04,79,79,0.234,1311.36
99,2024-03-06,бытовая техника,1355.8,1293.21,99,469,0.167,1328.69
99,2024-03-07,бытовая техника,1384.39,1441.41,91,395,0.281,1333.14
99,2024-03-08,бытовая техника,1429.7,1489.89,73,652,0.303,1312.53
99,2024-03-09,бытовая техника,1502.83,1573.92,75,704,0.358,1322.28
99,2024-03-10,бытовая техника,1528.09,1547.36,89,728,0.367,1341.78
99,2024-03-11,бытовая техника,1391.93,1353.36,87,694,0.204,1317.89
99,2024-03-12,бытовая техника,1234.73,1240.44,103,351,0.207,1339.22
99,2024-03-13,бытовая техника,1350.54,1350.67,106,911,0.245,1348.11
99,2024-03-14,бытовая техника,1408.33,1288.92,95,951,0.341,1346.3
99,2024-03-15,бытовая техника,1254.75,1252.83,94,553,0.159,1321.17
99,2024-03-16,бытовая техника,1387.93,1401.1,99,332,0.261,1341.02
99,2024-03-17,бытовая техника,1257.1,1224.89,108,857,0.166,1340.4
99,2024-03-18,бытовая техника,1212.07,1236.35,102,973,0.295,1349.39
99,2024-03-19,бытовая техника,1186.78,1201.32,100,85,0.365,1355.99
99,2024-03-20,бытовая техника,1187.95,1177.38,121,723,0.308,1375.97
99,2024-03-21,бытовая техника,1275.56,1291.7,104,183,0.189,1338.14
99,2024-03-22,бытовая техника,1210.95,1128.4,118,805,0.152,1351.66
99,2024-03-23,бытовая техника,1217.71,1130.29,108,424,0.121,1334.5
99,2024-03-24,бытовая техника,1105.12,1097.27,110,311,0.265,1355.87
99,2024-03-25,бытовая техника,1212.66,1252.11,112,472,0.211,1351.44
99,2024-03-26,бытовая техника,1239.16,1244.54,103,999,0.142,1330.72
99,2024-03-27,бытовая техника,1238.56,1272.55,100,514,0.175,1331.02
99,2024-03-28,бытовая техника,1183.68,1170.86,105,948,0.328,1357.64
99,2024-03-29,бытовая техника,1245.03,1256.77,102,943,0.376,1360.04
99,2024-03-30,бытовая техника,1161.15,1215.28,101,123,0.209,1336.83
